fuente;tabla;Anio;DepartamentoCodigo;EstacionAgr;columna;n_registros;n_vacios;n_marcadores_nulo;n_ceros;n_guiones;n_faltantes_csv;n_presentes;porcentaje_faltantes
INIA;INIA;2016;15;Salto Grande;AmplitudTermica;366;0;0;0;0;0;366;0,0
INIA;INIA;2016;15;Salto Grande;Anio;366;0;0;0;0;0;366;0,0
INIA;INIA;2016;15;Salto Grande;Dia;366;0;0;0;0;0;366;0,0
INIA;INIA;2016;15;Salto Grande;EstacionAgr;366;0;0;0;0;0;366;0,0
INIA;INIA;2016;15;Salto Grande;EvapPiche;366;0;0;0;0;0;366;0,0
INIA;INIA;2016;15;Salto Grande;EvapTanque;366;0;0;0;0;0;366;0,0
INIA;INIA;2016;15;Salto Grande;EvapotranspPenman;366;0;0;0;0;0;366;0,0
INIA;INIA;2016;15;Salto Grande;GradosMenos10;366;24;0;5;0;24;342;6,5574
INIA;INIA;2016;15;Salto Grande;GradosMenos10p5;366;27;0;9;0;27;339;7,377
INIA;INIA;2016;15;Salto Grande;GradosMenos12p8;366;54;0;26;0;54;312;14,7541
INIA;INIA;2016;15;Salto Grande;GradosMenos4p5;366;0;0;0;0;0;366;0,0
INIA;INIA;2016;15;Salto Grande;GradosMenos6;366;0;0;0;0;0;366;0,0
INIA;INIA;2016;15;Salto Grande;GradosMenos7;366;2;0;0;0;2;364;0,5464
INIA;INIA;2016;15;Salto Grande;GradosMenos8;366;8;0;0;0;8;358;2,1858
INIA;INIA;2016;15;Salto Grande;GradosMenos9;366;12;0;3;0;12;354;3,2787
INIA;INIA;2016;15;Salto Grande;HR100;366;0;0;327;0;0;366;0,0
INIA;INIA;2016;15;Salto Grande;HR90y99;366;0;0;106;0;0;366;0,0
INIA;INIA;2016;15;Salto Grande;HRMax;366;0;0;0;0;0;366;0,0
INIA;INIA;2016;15;Salto Grande;HRMed;366;0;0;0;0;0;366;0,0
INIA;INIA;2016;15;Salto Grande;HRMin;366;0;0;0;0;0;366;0,0
INIA;INIA;2016;15;Salto Grande;HeladaAgromet;366;0;0;311;0;0;366;0,0
INIA;INIA;2016;15;Salto Grande;HeladaMeteo;366;0;0;366;0;0;366;0,0
INIA;INIA;2016;15;Salto Grande;Heliofania(hrs);366;0;0;47;0;0;366;0,0
INIA;INIA;2016;15;Salto Grande;HeliofaniaRelativa;366;0;0;47;0;0;366;0,0
INIA;INIA;2016;15;Salto Grande;Llovio;366;0;0;252;0;0;366;0,0
INIA;INIA;2016;15;Salto Grande;Mes;366;0;0;0;0;0;366;0,0
INIA;INIA;2016;15;Salto Grande;PrecipAcum;366;0;0;252;0;0;366;0,0
INIA;INIA;2016;15;Salto Grande;PrecipEfectiva;366;0;0;252;0;0;366;0,0
INIA;INIA;2016;15;Salto Grande;RadSolar;366;0;0;0;0;0;366;0,0
INIA;INIA;2016;15;Salto Grande;RecorridoViento;366;0;0;0;0;0;366;0,0
INIA;INIA;2016;15;Salto Grande;TMedia;366;0;0;0;0;0;366;0,0
INIA;INIA;2016;15;Salto Grande;TMin15;366;0;0;164;0;0;366;0,0
INIA;INIA;2016;15;Salto Grande;TMinSCesped;366;0;0;3;0;0;366;0,0
INIA;INIA;2016;15;Salto Grande;TempAireMax;366;0;0;0;0;0;366;0,0
INIA;INIA;2016;15;Salto Grande;TempAireMedia;366;0;0;0;0;0;366;0,0
INIA;INIA;2016;15;Salto Grande;TempAireMin;366;0;0;1;0;0;366;0,0
INIA;INIA;2016;15;Salto Grande;TempMin7p2;366;0;0;299;0;0;366;0,0
INIA;INIA;2016;15;Salto Grande;TempSC05cm(max);366;0;0;0;0;0;366;0,0
INIA;INIA;2016;15;Salto Grande;TempSC05cm(med);366;0;0;0;0;0;366;0,0
INIA;INIA;2016;15;Salto Grande;TempSC05cm(min);366;0;0;0;0;0;366;0,0
INIA;INIA;2016;15;Salto Grande;TempSC10cm(max);366;0;0;0;0;0;366;0,0
INIA;INIA;2016;15;Salto Grande;TempSC10cm(med);366;0;0;0;0;0;366;0,0
INIA;INIA;2016;15;Salto Grande;TempSC10cm(min);366;0;0;0;0;0;366;0,0
INIA;INIA;2016;15;Salto Grande;TempSD05cm(max);366;0;0;0;0;0;366;0,0
INIA;INIA;2016;15;Salto Grande;TempSD05cm(med);366;0;0;0;0;0;366;0,0
INIA;INIA;2016;15;Salto Grande;TempSD05cm(min);366;0;0;0;0;0;366;0,0
INIA;INIA;2016;15;Salto Grande;TempSD10cm(max);366;0;0;0;0;0;366;0,0
INIA;INIA;2016;15;Salto Grande;TempSD10cm(med);366;0;0;0;0;0;366;0,0
INIA;INIA;2016;15;Salto Grande;TempSD10cm(min);366;0;0;0;0;0;366;0,0
INIA;INIA;2016;15;Salto Grande;UnTermicasArroz;366;0;0;24;0;0;366;0,0
INIA;INIA;2016;15;Salto Grande;UnidadFrio;366;0;0;2;0;0;366;0,0
INIA;INIA;2016;18;Tacuarembó La Magnolia;AmplitudTermica;366;0;0;0;0;0;366;0,0
INIA;INIA;2016;18;Tacuarembó La Magnolia;Anio;366;0;0;0;0;0;366;0,0
INIA;INIA;2016;18;Tacuarembó La Magnolia;Dia;366;0;0;0;0;0;366;0,0
INIA;INIA;2016;18;Tacuarembó La Magnolia;EstacionAgr;366;0;0;0;0;0;366;0,0
INIA;INIA;2016;18;Tacuarembó La Magnolia;EvapPiche;366;0;0;0;0;0;366;0,0
INIA;INIA;2016;18;Tacuarembó La Magnolia;EvapTanque;366;0;0;0;0;0;366;0,0
INIA;INIA;2016;18;Tacuarembó La Magnolia;EvapotranspPenman;366;0;0;0;0;0;366;0,0
INIA;INIA;2016;18;Tacuarembó La Magnolia;GradosMenos10;366;40;0;15;0;40;326;10,929
INIA;INIA;2016;18;Tacuarembó La Magnolia;GradosMenos10p5;366;49;0;16;0;49;317;13,388
INIA;INIA;2016;18;Tacuarembó La Magnolia;GradosMenos12p8;366;86;0;26;0;86;280;23,4973
INIA;INIA;2016;18;Tacuarembó La Magnolia;GradosMenos4p5;366;0;0;0;0;0;366;0,0
INIA;INIA;2016;18;Tacuarembó La Magnolia;GradosMenos6;366;4;0;1;0;4;362;1,0929
INIA;INIA;2016;18;Tacuarembó La Magnolia;GradosMenos7;366;8;0;1;0;8;358;2,1858
INIA;INIA;2016;18;Tacuarembó La Magnolia;GradosMenos8;366;16;0;3;0;16;350;4,3716
INIA;INIA;2016;18;Tacuarembó La Magnolia;GradosMenos9;366;28;0;7;0;28;338;7,6503
INIA;INIA;2016;18;Tacuarembó La Magnolia;HR100;366;0;0;313;0;0;366;0,0
INIA;INIA;2016;18;Tacuarembó La Magnolia;HR90y99;366;0;0;27;0;0;366;0,0
INIA;INIA;2016;18;Tacuarembó La Magnolia;HRMax;366;0;0;0;0;0;366;0,0
INIA;INIA;2016;18;Tacuarembó La Magnolia;HRMed;366;0;0;0;0;0;366;0,0
INIA;INIA;2016;18;Tacuarembó La Magnolia;HRMin;366;0;0;0;0;0;366;0,0
INIA;INIA;2016;18;Tacuarembó La Magnolia;HeladaAgromet;366;0;0;344;0;0;366;0,0
INIA;INIA;2016;18;Tacuarembó La Magnolia;HeladaMeteo;366;0;0;364;0;0;366;0,0
INIA;INIA;2016;18;Tacuarembó La Magnolia;Heliofania(hrs);366;0;0;51;0;0;366;0,0
INIA;INIA;2016;18;Tacuarembó La Magnolia;HeliofaniaRelativa;366;0;0;51;0;0;366;0,0
INIA;INIA;2016;18;Tacuarembó La Magnolia;Llovio;366;0;0;279;0;0;366;0,0
INIA;INIA;2016;18;Tacuarembó La Magnolia;Mes;366;0;0;0;0;0;366;0,0
INIA;INIA;2016;18;Tacuarembó La Magnolia;PrecipAcum;366;0;0;279;0;0;366;0,0
INIA;INIA;2016;18;Tacuarembó La Magnolia;PrecipEfectiva;366;0;0;279;0;0;366;0,0
INIA;INIA;2016;18;Tacuarembó La Magnolia;RadSolar;366;0;0;0;0;0;366;0,0
INIA;INIA;2016;18;Tacuarembó La Magnolia;RecorridoViento;366;0;0;0;0;0;366;0,0
INIA;INIA;2016;18;Tacuarembó La Magnolia;TMedia;366;0;0;0;0;0;366;0,0
INIA;INIA;2016;18;Tacuarembó La Magnolia;TMin15;366;0;0;135;0;0;366;0,0
INIA;INIA;2016;18;Tacuarembó La Magnolia;TMinSCesped;366;0;0;3;0;0;366;0,0
INIA;INIA;2016;18;Tacuarembó La Magnolia;TempAireMax;366;0;0;0;0;0;366;0,0
INIA;INIA;2016;18;Tacuarembó La Magnolia;TempAireMedia;366;0;0;0;0;0;366;0,0
INIA;INIA;2016;18;Tacuarembó La Magnolia;TempAireMin;366;0;0;2;0;0;366;0,0
INIA;INIA;2016;18;Tacuarembó La Magnolia;TempMin7p2;366;0;0;273;0;0;366;0,0
INIA;INIA;2016;18;Tacuarembó La Magnolia;TempSC05cm(max);366;122;0;0;0;122;244;33,3333
INIA;INIA;2016;18;Tacuarembó La Magnolia;TempSC05cm(med);366;122;0;0;0;122;244;33,3333
INIA;INIA;2016;18;Tacuarembó La Magnolia;TempSC05cm(min);366;122;0;0;0;122;244;33,3333
INIA;INIA;2016;18;Tacuarembó La Magnolia;TempSC10cm(max);366;122;0;0;0;122;244;33,3333
INIA;INIA;2016;18;Tacuarembó La Magnolia;TempSC10cm(med);366;122;0;0;0;122;244;33,3333
INIA;INIA;2016;18;Tacuarembó La Magnolia;TempSC10cm(min);366;122;0;0;0;122;244;33,3333
INIA;INIA;2016;18;Tacuarembó La Magnolia;TempSD05cm(max);366;122;0;0;0;122;244;33,3333
INIA;INIA;2016;18;Tacuarembó La Magnolia;TempSD05cm(med);366;122;0;0;0;122;244;33,3333
INIA;INIA;2016;18;Tacuarembó La Magnolia;TempSD05cm(min);366;122;0;0;0;122;244;33,3333
INIA;INIA;2016;18;Tacuarembó La Magnolia;TempSD10cm(max);366;122;0;0;0;122;244;33,3333
INIA;INIA;2016;18;Tacuarembó La Magnolia;TempSD10cm(med);366;122;0;0;0;122;244;33,3333
INIA;INIA;2016;18;Tacuarembó La Magnolia;TempSD10cm(min);366;122;0;0;0;122;244;33,3333
INIA;INIA;2016;18;Tacuarembó La Magnolia;UnTermicasArroz;366;0;0;48;0;0;366;0,0
INIA;INIA;2016;18;Tacuarembó La Magnolia;UnidadFrio;366;0;0;5;0;0;366;0,0
INIA;INIA;2016;18;Tacuaremnó Glencore;AmplitudTermica;61;0;0;0;0;0;61;0,0
INIA;INIA;2016;18;Tacuaremnó Glencore;Anio;61;0;0;0;0;0;61;0,0
INIA;INIA;2016;18;Tacuaremnó Glencore;Dia;61;0;0;0;0;0;61;0,0
INIA;INIA;2016;18;Tacuaremnó Glencore;EstacionAgr;61;0;0;0;0;0;61;0,0
INIA;INIA;2016;18;Tacuaremnó Glencore;EvapPiche;61;3;0;0;0;3;58;4,918
INIA;INIA;2016;18;Tacuaremnó Glencore;EvapTanque;61;3;0;0;0;3;58;4,918
INIA;INIA;2016;18;Tacuaremnó Glencore;EvapotranspPenman;61;0;0;0;0;0;61;0,0
INIA;INIA;2016;18;Tacuaremnó Glencore;GradosMenos10;61;1;0;0;0;1;60;1,6393
INIA;INIA;2016;18;Tacuaremnó Glencore;GradosMenos10p5;61;1;0;0;0;1;60;1,6393
INIA;INIA;2016;18;Tacuaremnó Glencore;GradosMenos12p8;61;2;0;0;0;2;59;3,2787
INIA;INIA;2016;18;Tacuaremnó Glencore;GradosMenos4p5;61;0;0;0;0;0;61;0,0
INIA;INIA;2016;18;Tacuaremnó Glencore;GradosMenos6;61;0;0;0;0;0;61;0,0
INIA;INIA;2016;18;Tacuaremnó Glencore;GradosMenos7;61;0;0;0;0;0;61;0,0
INIA;INIA;2016;18;Tacuaremnó Glencore;GradosMenos8;61;0;0;0;0;0;61;0,0
INIA;INIA;2016;18;Tacuaremnó Glencore;GradosMenos9;61;0;0;0;0;0;61;0,0
INIA;INIA;2016;18;Tacuaremnó Glencore;HR100;61;0;0;46;0;0;61;0,0
INIA;INIA;2016;18;Tacuaremnó Glencore;HR90y99;61;0;0;12;0;0;61;0,0
INIA;INIA;2016;18;Tacuaremnó Glencore;HRMax;61;0;0;0;0;0;61;0,0
INIA;INIA;2016;18;Tacuaremnó Glencore;HRMed;61;0;0;0;0;0;61;0,0
INIA;INIA;2016;18;Tacuaremnó Glencore;HRMin;61;0;0;0;0;0;61;0,0
INIA;INIA;2016;18;Tacuaremnó Glencore;HeladaAgromet;61;0;0;60;0;0;61;0,0
INIA;INIA;2016;18;Tacuaremnó Glencore;HeladaMeteo;61;0;0;61;0;0;61;0,0
INIA;INIA;2016;18;Tacuaremnó Glencore;Heliofania(hrs);61;0;0;2;0;0;61;0,0
INIA;INIA;2016;18;Tacuaremnó Glencore;HeliofaniaRelativa;61;0;0;2;0;0;61;0,0
INIA;INIA;2016;18;Tacuaremnó Glencore;Llovio;61;0;0;48;0;0;61;0,0
INIA;INIA;2016;18;Tacuaremnó Glencore;Mes;61;0;0;0;0;0;61;0,0
INIA;INIA;2016;18;Tacuaremnó Glencore;PrecipAcum;61;1;0;47;0;1;60;1,6393
INIA;INIA;2016;18;Tacuaremnó Glencore;PrecipEfectiva;61;0;0;48;0;0;61;0,0
INIA;INIA;2016;18;Tacuaremnó Glencore;RadSolar;61;0;0;0;0;0;61;0,0
INIA;INIA;2016;18;Tacuaremnó Glencore;RecorridoViento;61;2;0;0;0;2;59;3,2787
INIA;INIA;2016;18;Tacuaremnó Glencore;TMedia;61;0;0;0;0;0;61;0,0
INIA;INIA;2016;18;Tacuaremnó Glencore;TMin15;61;0;0;19;0;0;61;0,0
INIA;INIA;2016;18;Tacuaremnó Glencore;TMinSCesped;61;1;0;0;0;1;60;1,6393
INIA;INIA;2016;18;Tacuaremnó Glencore;TempAireMax;61;0;0;0;0;0;61;0,0
INIA;INIA;2016;18;Tacuaremnó Glencore;TempAireMedia;61;0;0;0;0;0;61;0,0
INIA;INIA;2016;18;Tacuaremnó Glencore;TempAireMin;61;0;0;0;0;0;61;0,0
INIA;INIA;2016;18;Tacuaremnó Glencore;TempMin7p2;61;0;0;39;0;0;61;0,0
INIA;INIA;2016;18;Tacuaremnó Glencore;TempSC05cm(max);61;61;0;0;0;61;0;100,0
INIA;INIA;2016;18;Tacuaremnó Glencore;TempSC05cm(med);61;61;0;0;0;61;0;100,0
INIA;INIA;2016;18;Tacuaremnó Glencore;TempSC05cm(min);61;61;0;0;0;61;0;100,0
INIA;INIA;2016;18;Tacuaremnó Glencore;TempSC10cm(max);61;23;0;0;0;23;38;37,7049
INIA;INIA;2016;18;Tacuaremnó Glencore;TempSC10cm(med);61;23;0;0;0;23;38;37,7049
INIA;INIA;2016;18;Tacuaremnó Glencore;TempSC10cm(min);61;23;0;0;0;23;38;37,7049
INIA;INIA;2016;18;Tacuaremnó Glencore;TempSD05cm(max);61;61;0;0;0;61;0;100,0
INIA;INIA;2016;18;Tacuaremnó Glencore;TempSD05cm(med);61;61;0;0;0;61;0;100,0
INIA;INIA;2016;18;Tacuaremnó Glencore;TempSD05cm(min);61;61;0;0;0;61;0;100,0
INIA;INIA;2016;18;Tacuaremnó Glencore;TempSD10cm(max);61;61;0;0;0;61;0;100,0
INIA;INIA;2016;18;Tacuaremnó Glencore;TempSD10cm(med);61;61;0;0;0;61;0;100,0
INIA;INIA;2016;18;Tacuaremnó Glencore;TempSD10cm(min);61;61;0;0;0;61;0;100,0
INIA;INIA;2016;18;Tacuaremnó Glencore;UnTermicasArroz;61;0;0;1;0;0;61;0,0
INIA;INIA;2016;18;Tacuaremnó Glencore;UnidadFrio;61;0;0;14;0;0;61;0,0
INIA;INIA;2016;19;Treinta y Tres Paso de la Laguna;AmplitudTermica;366;0;0;0;0;0;366;0,0
INIA;INIA;2016;19;Treinta y Tres Paso de la Laguna;Anio;366;0;0;0;0;0;366;0,0
INIA;INIA;2016;19;Treinta y Tres Paso de la Laguna;Dia;366;0;0;0;0;0;366;0,0
INIA;INIA;2016;19;Treinta y Tres Paso de la Laguna;EstacionAgr;366;0;0;0;0;0;366;0,0
INIA;INIA;2016;19;Treinta y Tres Paso de la Laguna;EvapPiche;366;0;0;1;0;0;366;0,0
INIA;INIA;2016;19;Treinta y Tres Paso de la Laguna;EvapTanque;366;0;0;2;0;0;366;0,0
INIA;INIA;2016;19;Treinta y Tres Paso de la Laguna;EvapotranspPenman;366;1;0;0;0;1;365;0,2732
INIA;INIA;2016;19;Treinta y Tres Paso de la Laguna;GradosMenos10;366;41;0;11;0;41;325;11,2022
INIA;INIA;2016;19;Treinta y Tres Paso de la Laguna;GradosMenos10p5;366;45;0;14;0;45;321;12,2951
INIA;INIA;2016;19;Treinta y Tres Paso de la Laguna;GradosMenos12p8;366;88;0;26;0;88;278;24,0437
INIA;INIA;2016;19;Treinta y Tres Paso de la Laguna;GradosMenos4p5;366;0;0;0;0;0;366;0,0
INIA;INIA;2016;19;Treinta y Tres Paso de la Laguna;GradosMenos6;366;3;0;0;0;3;363;0,8197
INIA;INIA;2016;19;Treinta y Tres Paso de la Laguna;GradosMenos7;366;13;0;3;0;13;353;3,5519
INIA;INIA;2016;19;Treinta y Tres Paso de la Laguna;GradosMenos8;366;23;0;0;0;23;343;6,2842
INIA;INIA;2016;19;Treinta y Tres Paso de la Laguna;GradosMenos9;366;30;0;5;0;30;336;8,1967
INIA;INIA;2016;19;Treinta y Tres Paso de la Laguna;HR100;366;0;0;259;0;0;366;0,0
INIA;INIA;2016;19;Treinta y Tres Paso de la Laguna;HR90y99;366;0;0;2;0;0;366;0,0
INIA;INIA;2016;19;Treinta y Tres Paso de la Laguna;HRMax;366;0;0;0;0;0;366;0,0
INIA;INIA;2016;19;Treinta y Tres Paso de la Laguna;HRMed;366;0;0;0;0;0;366;0,0
INIA;INIA;2016;19;Treinta y Tres Paso de la Laguna;HRMin;366;0;0;0;0;0;366;0,0
INIA;INIA;2016;19;Treinta y Tres Paso de la Laguna;HeladaAgromet;366;0;0;338;0;0;366;0,0
INIA;INIA;2016;19;Treinta y Tres Paso de la Laguna;HeladaMeteo;366;0;0;359;0;0;366;0,0
INIA;INIA;2016;19;Treinta y Tres Paso de la Laguna;Heliofania(hrs);366;0;0;50;0;0;366;0,0
INIA;INIA;2016;19;Treinta y Tres Paso de la Laguna;HeliofaniaRelativa;366;0;0;50;0;0;366;0,0
INIA;INIA;2016;19;Treinta y Tres Paso de la Laguna;Llovio;366;0;0;258;0;0;366;0,0
INIA;INIA;2016;19;Treinta y Tres Paso de la Laguna;Mes;366;0;0;0;0;0;366;0,0
INIA;INIA;2016;19;Treinta y Tres Paso de la Laguna;PrecipAcum;366;1;0;257;0;1;365;0,2732
INIA;INIA;2016;19;Treinta y Tres Paso de la Laguna;PrecipEfectiva;366;0;0;258;0;0;366;0,0
INIA;INIA;2016;19;Treinta y Tres Paso de la Laguna;RadSolar;366;0;0;0;0;0;366;0,0
INIA;INIA;2016;19;Treinta y Tres Paso de la Laguna;RecorridoViento;366;1;0;0;0;1;365;0,2732
INIA;INIA;2016;19;Treinta y Tres Paso de la Laguna;TMedia;366;0;0;0;0;0;366;0,0
INIA;INIA;2016;19;Treinta y Tres Paso de la Laguna;TMin15;366;0;0;114;0;0;366;0,0
INIA;INIA;2016;19;Treinta y Tres Paso de la Laguna;TMinSCesped;366;1;0;4;0;1;365;0,2732
INIA;INIA;2016;19;Treinta y Tres Paso de la Laguna;TempAireMax;366;0;0;0;0;0;366;0,0
INIA;INIA;2016;19;Treinta y Tres Paso de la Laguna;TempAireMedia;366;0;0;0;0;0;366;0,0
INIA;INIA;2016;19;Treinta y Tres Paso de la Laguna;TempAireMin;366;0;0;2;0;0;366;0,0
INIA;INIA;2016;19;Treinta y Tres Paso de la Laguna;TempMin7p2;366;0;0;267;0;0;366;0,0
INIA;INIA;2016;19;Treinta y Tres Paso de la Laguna;TempSC05cm(max);366;2;0;0;0;2;364;0,5464
INIA;INIA;2016;19;Treinta y Tres Paso de la Laguna;TempSC05cm(med);366;2;0;0;0;2;364;0,5464
INIA;INIA;2016;19;Treinta y Tres Paso de la Laguna;TempSC05cm(min);366;2;0;0;0;2;364;0,5464
INIA;INIA;2016;19;Treinta y Tres Paso de la Laguna;TempSC10cm(max);366;2;0;0;0;2;364;0,5464
INIA;INIA;2016;19;Treinta y Tres Paso de la Laguna;TempSC10cm(med);366;2;0;0;0;2;364;0,5464
INIA;INIA;2016;19;Treinta y Tres Paso de la Laguna;TempSC10cm(min);366;2;0;0;0;2;364;0,5464
INIA;INIA;2016;19;Treinta y Tres Paso de la Laguna;TempSD05cm(max);366;2;0;0;0;2;364;0,5464
INIA;INIA;2016;19;Treinta y Tres Paso de la Laguna;TempSD05cm(med);366;2;0;0;0;2;364;0,5464
INIA;INIA;2016;19;Treinta y Tres Paso de la Laguna;TempSD05cm(min);366;2;0;0;0;2;364;0,5464
INIA;INIA;2016;19;Treinta y Tres Paso de la Laguna;TempSD10cm(max);366;2;0;0;0;2;364;0,5464
INIA;INIA;2016;19;Treinta y Tres Paso de la Laguna;TempSD10cm(med);366;2;0;0;0;2;364;0,5464
INIA;INIA;2016;19;Treinta y Tres Paso de la Laguna;TempSD10cm(min);366;2;0;0;0;2;364;0,5464
INIA;INIA;2016;19;Treinta y Tres Paso de la Laguna;UnTermicasArroz;366;0;0;44;0;0;366;0,0
INIA;INIA;2016;19;Treinta y Tres Paso de la Laguna;UnidadFrio;366;0;0;2;0;0;366;0,0
INIA;INIA;2016;2;Las Brujas;AmplitudTermica;366;0;0;0;0;0;366;0,0
INIA;INIA;2016;2;Las Brujas;Anio;366;0;0;0;0;0;366;0,0
INIA;INIA;2016;2;Las Brujas;Dia;366;0;0;0;0;0;366;0,0
INIA;INIA;2016;2;Las Brujas;EstacionAgr;366;0;0;0;0;0;366;0,0
INIA;INIA;2016;2;Las Brujas;EvapPiche;366;0;0;1;0;0;366;0,0
INIA;INIA;2016;2;Las Brujas;EvapTanque;366;0;0;2;0;0;366;0,0
INIA;INIA;2016;2;Las Brujas;EvapotranspPenman;366;0;0;0;0;0;366;0,0
INIA;INIA;2016;2;Las Brujas;GradosMenos10;366;46;0;16;0;46;320;12,5683
INIA;INIA;2016;2;Las Brujas;GradosMenos10p5;366;54;0;24;0;54;312;14,7541
INIA;INIA;2016;2;Las Brujas;GradosMenos12p8;366;93;0;37;0;93;273;25,4098
INIA;INIA;2016;2;Las Brujas;GradosMenos4p5;366;0;0;0;0;0;366;0,0
INIA;INIA;2016;2;Las Brujas;GradosMenos6;366;1;0;1;0;1;365;0,2732
INIA;INIA;2016;2;Las Brujas;GradosMenos7;366;7;0;1;0;7;359;1,9126
INIA;INIA;2016;2;Las Brujas;GradosMenos8;366;22;0;4;0;22;344;6,0109
INIA;INIA;2016;2;Las Brujas;GradosMenos9;366;33;0;7;0;33;333;9,0164
INIA;INIA;2016;2;Las Brujas;HR100;366;0;0;366;0;0;366;0,0
INIA;INIA;2016;2;Las Brujas;HR90y99;366;0;0;196;0;0;366;0,0
INIA;INIA;2016;2;Las Brujas;HRMax;366;0;0;0;0;0;366;0,0
INIA;INIA;2016;2;Las Brujas;HRMed;366;0;0;0;0;0;366;0,0
INIA;INIA;2016;2;Las Brujas;HRMin;366;0;0;0;0;0;366;0,0
INIA;INIA;2016;2;Las Brujas;HeladaAgromet;366;0;0;330;0;0;366;0,0
INIA;INIA;2016;2;Las Brujas;HeladaMeteo;366;0;0;364;0;0;366;0,0
INIA;INIA;2016;2;Las Brujas;Heliofania(hrs);366;0;0;36;0;0;366;0,0
INIA;INIA;2016;2;Las Brujas;HeliofaniaRelativa;366;0;0;36;0;0;366;0,0
INIA;INIA;2016;2;Las Brujas;Llovio;366;0;0;242;0;0;366;0,0
INIA;INIA;2016;2;Las Brujas;Mes;366;0;0;0;0;0;366;0,0
INIA;INIA;2016;2;Las Brujas;PrecipAcum;366;0;0;242;0;0;366;0,0
INIA;INIA;2016;2;Las Brujas;PrecipEfectiva;366;0;0;242;0;0;366;0,0
INIA;INIA;2016;2;Las Brujas;RadSolar;366;0;0;0;0;0;366;0,0
INIA;INIA;2016;2;Las Brujas;RecorridoViento;366;0;0;1;0;0;366;0,0
INIA;INIA;2016;2;Las Brujas;TMedia;366;0;0;0;0;0;366;0,0
INIA;INIA;2016;2;Las Brujas;TMin15;366;0;0;107;0;0;366;0,0
INIA;INIA;2016;2;Las Brujas;TMinSCesped;366;0;0;1;0;0;366;0,0
INIA;INIA;2016;2;Las Brujas;TempAireMax;366;0;0;0;0;0;366;0,0
INIA;INIA;2016;2;Las Brujas;TempAireMedia;366;0;0;0;0;0;366;0,0
INIA;INIA;2016;2;Las Brujas;TempAireMin;366;0;0;0;0;0;366;0,0
INIA;INIA;2016;2;Las Brujas;TempMin7p2;366;0;0;277;0;0;366;0,0
INIA;INIA;2016;2;Las Brujas;TempSC05cm(max);366;366;0;0;0;366;0;100,0
INIA;INIA;2016;2;Las Brujas;TempSC05cm(med);366;366;0;0;0;366;0;100,0
INIA;INIA;2016;2;Las Brujas;TempSC05cm(min);366;366;0;0;0;366;0;100,0
INIA;INIA;2016;2;Las Brujas;TempSC10cm(max);366;366;0;0;0;366;0;100,0
INIA;INIA;2016;2;Las Brujas;TempSC10cm(med);366;366;0;0;0;366;0;100,0
INIA;INIA;2016;2;Las Brujas;TempSC10cm(min);366;366;0;0;0;366;0;100,0
INIA;INIA;2016;2;Las Brujas;TempSD05cm(max);366;366;0;0;0;366;0;100,0
INIA;INIA;2016;2;Las Brujas;TempSD05cm(med);366;366;0;0;0;366;0;100,0
INIA;INIA;2016;2;Las Brujas;TempSD05cm(min);366;366;0;0;0;366;0;100,0
INIA;INIA;2016;2;Las Brujas;TempSD10cm(max);366;366;0;0;0;366;0;100,0
INIA;INIA;2016;2;Las Brujas;TempSD10cm(med);366;366;0;0;0;366;0;100,0
INIA;INIA;2016;2;Las Brujas;TempSD10cm(min);366;366;0;0;0;366;0;100,0
INIA;INIA;2016;2;Las Brujas;UnTermicasArroz;366;0;0;62;0;0;366;0,0
INIA;INIA;2016;2;Las Brujas;UnidadFrio;366;0;0;1;0;0;366;0,0
INIA;INIA;2016;4;La Estanzuela;AmplitudTermica;366;0;0;0;0;0;366;0,0
INIA;INIA;2016;4;La Estanzuela;Anio;366;0;0;0;0;0;366;0,0
INIA;INIA;2016;4;La Estanzuela;Dia;366;0;0;0;0;0;366;0,0
INIA;INIA;2016;4;La Estanzuela;EstacionAgr;366;0;0;0;0;0;366;0,0
INIA;INIA;2016;4;La Estanzuela;EvapPiche;366;3;0;0;0;3;363;0,8197
INIA;INIA;2016;4;La Estanzuela;EvapTanque;366;0;0;0;0;0;366;0,0
INIA;INIA;2016;4;La Estanzuela;EvapotranspPenman;366;0;0;0;0;0;366;0,0
INIA;INIA;2016;4;La Estanzuela;GradosMenos10;366;47;0;9;0;47;319;12,8415
INIA;INIA;2016;4;La Estanzuela;GradosMenos10p5;366;53;0;16;0;53;313;14,4809
INIA;INIA;2016;4;La Estanzuela;GradosMenos12p8;366;92;0;33;0;92;274;25,1366
INIA;INIA;2016;4;La Estanzuela;GradosMenos4p5;366;0;0;0;0;0;366;0,0
INIA;INIA;2016;4;La Estanzuela;GradosMenos6;366;0;0;0;0;0;366;0,0
INIA;INIA;2016;4;La Estanzuela;GradosMenos7;366;6;0;0;0;6;360;1,6393
INIA;INIA;2016;4;La Estanzuela;GradosMenos8;366;16;0;2;0;16;350;4,3716
INIA;INIA;2016;4;La Estanzuela;GradosMenos9;366;29;0;3;0;29;337;7,9235
INIA;INIA;2016;4;La Estanzuela;HR100;366;0;0;343;0;0;366;0,0
INIA;INIA;2016;4;La Estanzuela;HR90y99;366;0;0;128;0;0;366;0,0
INIA;INIA;2016;4;La Estanzuela;HRMax;366;0;0;0;0;0;366;0,0
INIA;INIA;2016;4;La Estanzuela;HRMed;366;0;0;0;0;0;366;0,0
INIA;INIA;2016;4;La Estanzuela;HRMin;366;0;0;0;0;0;366;0,0
INIA;INIA;2016;4;La Estanzuela;HeladaAgromet;366;0;0;337;0;0;366;0,0
INIA;INIA;2016;4;La Estanzuela;HeladaMeteo;366;0;0;366;0;0;366;0,0
INIA;INIA;2016;4;La Estanzuela;Heliofania(hrs);366;0;0;40;0;0;366;0,0
INIA;INIA;2016;4;La Estanzuela;HeliofaniaRelativa;366;0;0;40;0;0;366;0,0
INIA;INIA;2016;4;La Estanzuela;Llovio;366;0;0;257;0;0;366;0,0
INIA;INIA;2016;4;La Estanzuela;Mes;366;0;0;0;0;0;366;0,0
INIA;INIA;2016;4;La Estanzuela;PrecipAcum;366;0;0;257;0;0;366;0,0
INIA;INIA;2016;4;La Estanzuela;PrecipEfectiva;366;0;0;257;0;0;366;0,0
INIA;INIA;2016;4;La Estanzuela;RadSolar;366;0;0;0;0;0;366;0,0
INIA;INIA;2016;4;La Estanzuela;RecorridoViento;366;0;0;0;0;0;366;0,0
INIA;INIA;2016;4;La Estanzuela;TMedia;366;0;0;0;0;0;366;0,0
INIA;INIA;2016;4;La Estanzuela;TMin15;366;0;0;126;0;0;366;0,0
INIA;INIA;2016;4;La Estanzuela;TMinSCesped;366;1;0;3;0;1;365;0,2732
INIA;INIA;2016;4;La Estanzuela;TempAireMax;366;0;0;0;0;0;366;0,0
INIA;INIA;2016;4;La Estanzuela;TempAireMedia;366;0;0;0;0;0;366;0,0
INIA;INIA;2016;4;La Estanzuela;TempAireMin;366;0;0;0;0;0;366;0,0
INIA;INIA;2016;4;La Estanzuela;TempMin7p2;366;0;0;285;0;0;366;0,0
INIA;INIA;2016;4;La Estanzuela;TempSC05cm(max);366;3;0;0;0;3;363;0,8197
INIA;INIA;2016;4;La Estanzuela;TempSC05cm(med);366;3;0;0;0;3;363;0,8197
INIA;INIA;2016;4;La Estanzuela;TempSC05cm(min);366;3;0;0;0;3;363;0,8197
INIA;INIA;2016;4;La Estanzuela;TempSC10cm(max);366;3;0;0;0;3;363;0,8197
INIA;INIA;2016;4;La Estanzuela;TempSC10cm(med);366;3;0;0;0;3;363;0,8197
INIA;INIA;2016;4;La Estanzuela;TempSC10cm(min);366;3;0;0;0;3;363;0,8197
INIA;INIA;2016;4;La Estanzuela;TempSD05cm(max);366;4;0;0;0;4;362;1,0929
INIA;INIA;2016;4;La Estanzuela;TempSD05cm(med);366;4;0;0;0;4;362;1,0929
INIA;INIA;2016;4;La Estanzuela;TempSD05cm(min);366;4;0;0;0;4;362;1,0929
INIA;INIA;2016;4;La Estanzuela;TempSD10cm(max);366;4;0;0;0;4;362;1,0929
INIA;INIA;2016;4;La Estanzuela;TempSD10cm(med);366;5;0;0;0;5;361;1,3661
INIA;INIA;2016;4;La Estanzuela;TempSD10cm(min);366;5;0;0;0;5;361;1,3661
INIA;INIA;2016;4;La Estanzuela;UnTermicasArroz;366;0;0;48;0;0;366;0,0
INIA;INIA;2016;4;La Estanzuela;UnidadFrio;366;0;0;5;0;0;366;0,0
INIA;INIA;2017;15;Salto Grande;AmplitudTermica;365;0;0;0;0;0;365;0,0
INIA;INIA;2017;15;Salto Grande;Anio;365;0;0;0;0;0;365;0,0
INIA;INIA;2017;15;Salto Grande;Dia;365;0;0;0;0;0;365;0,0
INIA;INIA;2017;15;Salto Grande;EstacionAgr;365;0;0;0;0;0;365;0,0
INIA;INIA;2017;15;Salto Grande;EvapPiche;365;0;0;0;0;0;365;0,0
INIA;INIA;2017;15;Salto Grande;EvapTanque;365;0;0;0;0;0;365;0,0
INIA;INIA;2017;15;Salto Grande;EvapotranspPenman;365;0;0;0;0;0;365;0,0
INIA;INIA;2017;15;Salto Grande;GradosMenos10;365;6;0;0;0;6;359;1,6438
INIA;INIA;2017;15;Salto Grande;GradosMenos10p5;365;7;0;1;0;7;358;1,9178
INIA;INIA;2017;15;Salto Grande;GradosMenos12p8;365;30;0;1;0;30;335;8,2192
INIA;INIA;2017;15;Salto Grande;GradosMenos4p5;365;0;0;0;0;0;365;0,0
INIA;INIA;2017;15;Salto Grande;GradosMenos6;365;1;0;0;0;1;364;0,274
INIA;INIA;2017;15;Salto Grande;GradosMenos7;365;3;0;0;0;3;362;0,8219
INIA;INIA;2017;15;Salto Grande;GradosMenos8;365;4;0;0;0;4;361;1,0959
INIA;INIA;2017;15;Salto Grande;GradosMenos9;365;5;0;0;0;5;360;1,3699
INIA;INIA;2017;15;Salto Grande;HR100;365;0;0;304;0;0;365;0,0
INIA;INIA;2017;15;Salto Grande;HR90y99;365;0;0;79;0;0;365;0,0
INIA;INIA;2017;15;Salto Grande;HRMax;365;0;0;0;0;0;365;0,0
INIA;INIA;2017;15;Salto Grande;HRMed;365;0;0;0;0;0;365;0,0
INIA;INIA;2017;15;Salto Grande;HRMin;365;0;0;0;0;0;365;0,0
INIA;INIA;2017;15;Salto Grande;HeladaAgromet;365;0;0;344;0;0;365;0,0
INIA;INIA;2017;15;Salto Grande;HeladaMeteo;365;0;0;364;0;0;365;0,0
INIA;INIA;2017;15;Salto Grande;Heliofania(hrs);365;0;0;42;0;0;365;0,0
INIA;INIA;2017;15;Salto Grande;HeliofaniaRelativa;365;0;0;42;0;0;365;0,0
INIA;INIA;2017;15;Salto Grande;Llovio;365;0;0;253;0;0;365;0,0
INIA;INIA;2017;15;Salto Grande;Mes;365;0;0;0;0;0;365;0,0
INIA;INIA;2017;15;Salto Grande;PrecipAcum;365;0;0;253;0;0;365;0,0
INIA;INIA;2017;15;Salto Grande;PrecipEfectiva;365;0;0;253;0;0;365;0,0
INIA;INIA;2017;15;Salto Grande;RadSolar;365;0;0;0;0;0;365;0,0
INIA;INIA;2017;15;Salto Grande;RecorridoViento;365;0;0;0;0;0;365;0,0
INIA;INIA;2017;15;Salto Grande;TMedia;365;0;0;0;0;0;365;0,0
INIA;INIA;2017;15;Salto Grande;TMin15;365;0;0;176;0;0;365;0,0
INIA;INIA;2017;15;Salto Grande;TMinSCesped;365;0;0;1;0;0;365;0,0
INIA;INIA;2017;15;Salto Grande;TempAireMax;365;0;0;0;0;0;365;0,0
INIA;INIA;2017;15;Salto Grande;TempAireMedia;365;0;0;0;0;0;365;0,0
INIA;INIA;2017;15;Salto Grande;TempAireMin;365;0;0;0;0;0;365;0,0
INIA;INIA;2017;15;Salto Grande;TempMin7p2;365;0;0;339;0;0;365;0,0
INIA;INIA;2017;15;Salto Grande;TempSC05cm(max);365;0;0;0;0;0;365;0,0
INIA;INIA;2017;15;Salto Grande;TempSC05cm(med);365;0;0;0;0;0;365;0,0
INIA;INIA;2017;15;Salto Grande;TempSC05cm(min);365;0;0;0;0;0;365;0,0
INIA;INIA;2017;15;Salto Grande;TempSC10cm(max);365;0;0;0;0;0;365;0,0
INIA;INIA;2017;15;Salto Grande;TempSC10cm(med);365;0;0;0;0;0;365;0,0
INIA;INIA;2017;15;Salto Grande;TempSC10cm(min);365;0;0;0;0;0;365;0,0
INIA;INIA;2017;15;Salto Grande;TempSD05cm(max);365;0;0;0;0;0;365;0,0
INIA;INIA;2017;15;Salto Grande;TempSD05cm(med);365;0;0;0;0;0;365;0,0
INIA;INIA;2017;15;Salto Grande;TempSD05cm(min);365;0;0;0;0;0;365;0,0
INIA;INIA;2017;15;Salto Grande;TempSD10cm(max);365;0;0;0;0;0;365;0,0
INIA;INIA;2017;15;Salto Grande;TempSD10cm(med);365;0;0;0;0;0;365;0,0
INIA;INIA;2017;15;Salto Grande;TempSD10cm(min);365;0;0;0;0;0;365;0,0
INIA;INIA;2017;15;Salto Grande;UnTermicasArroz;365;0;0;7;0;0;365;0,0
INIA;INIA;2017;15;Salto Grande;UnidadFrio;365;0;0;2;0;0;365;0,0
INIA;INIA;2017;18;Tacuarembó La Magnolia;AmplitudTermica;365;0;0;1;0;0;365;0,0
INIA;INIA;2017;18;Tacuarembó La Magnolia;Anio;365;0;0;0;0;0;365;0,0
INIA;INIA;2017;18;Tacuarembó La Magnolia;Dia;365;0;0;0;0;0;365;0,0
INIA;INIA;2017;18;Tacuarembó La Magnolia;EstacionAgr;365;0;0;0;0;0;365;0,0
INIA;INIA;2017;18;Tacuarembó La Magnolia;EvapPiche;365;1;0;0;0;1;364;0,274
INIA;INIA;2017;18;Tacuarembó La Magnolia;EvapTanque;365;1;0;0;0;1;364;0,274
INIA;INIA;2017;18;Tacuarembó La Magnolia;EvapotranspPenman;365;0;0;0;0;0;365;0,0
INIA;INIA;2017;18;Tacuarembó La Magnolia;GradosMenos10;365;15;0;0;0;15;350;4,1096
INIA;INIA;2017;18;Tacuarembó La Magnolia;GradosMenos10p5;365;19;0;1;0;19;346;5,2055
INIA;INIA;2017;18;Tacuarembó La Magnolia;GradosMenos12p8;365;51;0;3;0;51;314;13,9726
INIA;INIA;2017;18;Tacuarembó La Magnolia;GradosMenos4p5;365;2;0;0;0;2;363;0,5479
INIA;INIA;2017;18;Tacuarembó La Magnolia;GradosMenos6;365;4;0;0;0;4;361;1,0959
INIA;INIA;2017;18;Tacuarembó La Magnolia;GradosMenos7;365;5;0;0;0;5;360;1,3699
INIA;INIA;2017;18;Tacuarembó La Magnolia;GradosMenos8;365;7;0;0;0;7;358;1,9178
INIA;INIA;2017;18;Tacuarembó La Magnolia;GradosMenos9;365;11;0;0;0;11;354;3,0137
INIA;INIA;2017;18;Tacuarembó La Magnolia;HR100;365;0;0;327;0;0;365;0,0
INIA;INIA;2017;18;Tacuarembó La Magnolia;HR90y99;365;0;0;150;0;0;365;0,0
INIA;INIA;2017;18;Tacuarembó La Magnolia;HRMax;365;0;0;1;0;0;365;0,0
INIA;INIA;2017;18;Tacuarembó La Magnolia;HRMed;365;0;0;1;0;0;365;0,0
INIA;INIA;2017;18;Tacuarembó La Magnolia;HRMin;365;0;0;1;0;0;365;0,0
INIA;INIA;2017;18;Tacuarembó La Magnolia;HeladaAgromet;365;0;0;357;0;0;365;0,0
INIA;INIA;2017;18;Tacuarembó La Magnolia;HeladaMeteo;365;0;0;362;0;0;365;0,0
INIA;INIA;2017;18;Tacuarembó La Magnolia;Heliofania(hrs);365;3;0;41;0;3;362;0,8219
INIA;INIA;2017;18;Tacuarembó La Magnolia;HeliofaniaRelativa;365;0;0;44;0;0;365;0,0
INIA;INIA;2017;18;Tacuarembó La Magnolia;Llovio;365;0;0;259;0;0;365;0,0
INIA;INIA;2017;18;Tacuarembó La Magnolia;Mes;365;0;0;0;0;0;365;0,0
INIA;INIA;2017;18;Tacuarembó La Magnolia;PrecipAcum;365;0;0;259;0;0;365;0,0
INIA;INIA;2017;18;Tacuarembó La Magnolia;PrecipEfectiva;365;0;0;259;0;0;365;0,0
INIA;INIA;2017;18;Tacuarembó La Magnolia;RadSolar;365;0;0;0;0;0;365;0,0
INIA;INIA;2017;18;Tacuarembó La Magnolia;RecorridoViento;365;0;0;0;0;0;365;0,0
INIA;INIA;2017;18;Tacuarembó La Magnolia;TMedia;365;0;0;1;0;0;365;0,0
INIA;INIA;2017;18;Tacuarembó La Magnolia;TMin15;365;0;0;136;0;0;365;0,0
INIA;INIA;2017;18;Tacuarembó La Magnolia;TMinSCesped;365;2;0;0;0;2;363;0,5479
INIA;INIA;2017;18;Tacuarembó La Magnolia;TempAireMax;365;1;0;0;0;1;364;0,274
INIA;INIA;2017;18;Tacuarembó La Magnolia;TempAireMedia;365;0;0;1;0;0;365;0,0
INIA;INIA;2017;18;Tacuarembó La Magnolia;TempAireMin;365;1;0;0;0;1;364;0,274
INIA;INIA;2017;18;Tacuarembó La Magnolia;TempMin7p2;365;0;0;314;0;0;365;0,0
INIA;INIA;2017;18;Tacuarembó La Magnolia;TempSC05cm(max);365;114;0;0;0;114;251;31,2329
INIA;INIA;2017;18;Tacuarembó La Magnolia;TempSC05cm(med);365;115;0;0;0;115;250;31,5068
INIA;INIA;2017;18;Tacuarembó La Magnolia;TempSC05cm(min);365;115;0;0;0;115;250;31,5068
INIA;INIA;2017;18;Tacuarembó La Magnolia;TempSC10cm(max);365;113;0;0;0;113;252;30,9589
INIA;INIA;2017;18;Tacuarembó La Magnolia;TempSC10cm(med);365;114;0;0;0;114;251;31,2329
INIA;INIA;2017;18;Tacuarembó La Magnolia;TempSC10cm(min);365;114;0;0;0;114;251;31,2329
INIA;INIA;2017;18;Tacuarembó La Magnolia;TempSD05cm(max);365;114;0;0;0;114;251;31,2329
INIA;INIA;2017;18;Tacuarembó La Magnolia;TempSD05cm(med);365;115;0;0;0;115;250;31,5068
INIA;INIA;2017;18;Tacuarembó La Magnolia;TempSD05cm(min);365;115;0;0;0;115;250;31,5068
INIA;INIA;2017;18;Tacuarembó La Magnolia;TempSD10cm(max);365;114;0;0;0;114;251;31,2329
INIA;INIA;2017;18;Tacuarembó La Magnolia;TempSD10cm(med);365;115;0;0;0;115;250;31,5068
INIA;INIA;2017;18;Tacuarembó La Magnolia;TempSD10cm(min);365;115;0;0;0;115;250;31,5068
INIA;INIA;2017;18;Tacuarembó La Magnolia;UnTermicasArroz;365;1;0;13;0;1;364;0,274
INIA;INIA;2017;18;Tacuarembó La Magnolia;UnidadFrio;365;0;0;4;0;0;365;0,0
INIA;INIA;2017;18;Tacuaremnó Glencore;AmplitudTermica;361;0;0;220;0;0;361;0,0
INIA;INIA;2017;18;Tacuaremnó Glencore;Anio;361;0;0;0;0;0;361;0,0
INIA;INIA;2017;18;Tacuaremnó Glencore;Dia;361;0;0;0;0;0;361;0,0
INIA;INIA;2017;18;Tacuaremnó Glencore;EstacionAgr;361;0;0;0;0;0;361;0,0
INIA;INIA;2017;18;Tacuaremnó Glencore;EvapPiche;361;24;0;0;0;24;337;6,6482
INIA;INIA;2017;18;Tacuaremnó Glencore;EvapTanque;361;24;0;0;0;24;337;6,6482
INIA;INIA;2017;18;Tacuaremnó Glencore;EvapotranspPenman;361;0;0;0;0;0;361;0,0
INIA;INIA;2017;18;Tacuaremnó Glencore;GradosMenos10;361;220;0;0;0;220;141;60,9418
INIA;INIA;2017;18;Tacuaremnó Glencore;GradosMenos10p5;361;221;0;0;0;221;140;61,2188
INIA;INIA;2017;18;Tacuaremnó Glencore;GradosMenos12p8;361;226;0;0;0;226;135;62,6039
INIA;INIA;2017;18;Tacuaremnó Glencore;GradosMenos4p5;361;220;0;0;0;220;141;60,9418
INIA;INIA;2017;18;Tacuaremnó Glencore;GradosMenos6;361;220;0;0;0;220;141;60,9418
INIA;INIA;2017;18;Tacuaremnó Glencore;GradosMenos7;361;220;0;0;0;220;141;60,9418
INIA;INIA;2017;18;Tacuaremnó Glencore;GradosMenos8;361;220;0;0;0;220;141;60,9418
INIA;INIA;2017;18;Tacuaremnó Glencore;GradosMenos9;361;220;0;0;0;220;141;60,9418
INIA;INIA;2017;18;Tacuaremnó Glencore;HR100;361;0;0;345;0;0;361;0,0
INIA;INIA;2017;18;Tacuaremnó Glencore;HR90y99;361;0;0;263;0;0;361;0,0
INIA;INIA;2017;18;Tacuaremnó Glencore;HRMax;361;0;0;220;0;0;361;0,0
INIA;INIA;2017;18;Tacuaremnó Glencore;HRMed;361;0;0;220;0;0;361;0,0
INIA;INIA;2017;18;Tacuaremnó Glencore;HRMin;361;0;0;220;0;0;361;0,0
INIA;INIA;2017;18;Tacuaremnó Glencore;HeladaAgromet;361;0;0;349;0;0;361;0,0
INIA;INIA;2017;18;Tacuaremnó Glencore;HeladaMeteo;361;0;0;141;0;0;361;0,0
INIA;INIA;2017;18;Tacuaremnó Glencore;Heliofania(hrs);361;0;0;46;0;0;361;0,0
INIA;INIA;2017;18;Tacuaremnó Glencore;HeliofaniaRelativa;361;0;0;46;0;0;361;0,0
INIA;INIA;2017;18;Tacuaremnó Glencore;Llovio;361;0;0;281;0;0;361;0,0
INIA;INIA;2017;18;Tacuaremnó Glencore;Mes;361;0;0;0;0;0;361;0,0
INIA;INIA;2017;18;Tacuaremnó Glencore;PrecipAcum;361;0;0;281;0;0;361;0,0
INIA;INIA;2017;18;Tacuaremnó Glencore;PrecipEfectiva;361;0;0;281;0;0;361;0,0
INIA;INIA;2017;18;Tacuaremnó Glencore;RadSolar;361;0;0;0;0;0;361;0,0
INIA;INIA;2017;18;Tacuaremnó Glencore;RecorridoViento;361;0;0;0;0;0;361;0,0
INIA;INIA;2017;18;Tacuaremnó Glencore;TMedia;361;0;0;220;0;0;361;0,0
INIA;INIA;2017;18;Tacuaremnó Glencore;TMin15;361;0;0;50;0;0;361;0,0
INIA;INIA;2017;18;Tacuaremnó Glencore;TMinSCesped;361;0;0;0;0;0;361;0,0
INIA;INIA;2017;18;Tacuaremnó Glencore;TempAireMax;361;221;0;0;0;221;140;61,2188
INIA;INIA;2017;18;Tacuaremnó Glencore;TempAireMedia;361;0;0;220;0;0;361;0,0
INIA;INIA;2017;18;Tacuaremnó Glencore;TempAireMin;361;221;0;0;0;221;140;61,2188
INIA;INIA;2017;18;Tacuaremnó Glencore;TempMin7p2;361;0;0;220;0;0;361;0,0
INIA;INIA;2017;18;Tacuaremnó Glencore;TempSC05cm(max);361;361;0;0;0;361;0;100,0
INIA;INIA;2017;18;Tacuaremnó Glencore;TempSC05cm(med);361;361;0;0;0;361;0;100,0
INIA;INIA;2017;18;Tacuaremnó Glencore;TempSC05cm(min);361;361;0;0;0;361;0;100,0
INIA;INIA;2017;18;Tacuaremnó Glencore;TempSC10cm(max);361;311;0;0;0;311;50;86,1496
INIA;INIA;2017;18;Tacuaremnó Glencore;TempSC10cm(med);361;311;0;0;0;311;50;86,1496
INIA;INIA;2017;18;Tacuaremnó Glencore;TempSC10cm(min);361;311;0;0;0;311;50;86,1496
INIA;INIA;2017;18;Tacuaremnó Glencore;TempSD05cm(max);361;361;0;0;0;361;0;100,0
INIA;INIA;2017;18;Tacuaremnó Glencore;TempSD05cm(med);361;361;0;0;0;361;0;100,0
INIA;INIA;2017;18;Tacuaremnó Glencore;TempSD05cm(min);361;361;0;0;0;361;0;100,0
INIA;INIA;2017;18;Tacuaremnó Glencore;TempSD10cm(max);361;361;0;0;0;361;0;100,0
INIA;INIA;2017;18;Tacuaremnó Glencore;TempSD10cm(med);361;361;0;0;0;361;0;100,0
INIA;INIA;2017;18;Tacuaremnó Glencore;TempSD10cm(min);361;361;0;0;0;361;0;100,0
INIA;INIA;2017;18;Tacuaremnó Glencore;UnTermicasArroz;361;221;0;0;0;221;140;61,2188
INIA;INIA;2017;18;Tacuaremnó Glencore;UnidadFrio;361;0;0;84;0;0;361;0,0
INIA;INIA;2017;19;Treinta y Tres Paso de la Laguna;AmplitudTermica;365;0;0;0;0;0;365;0,0
INIA;INIA;2017;19;Treinta y Tres Paso de la Laguna;Anio;365;0;0;0;0;0;365;0,0
INIA;INIA;2017;19;Treinta y Tres Paso de la Laguna;Dia;365;0;0;0;0;0;365;0,0
INIA;INIA;2017;19;Treinta y Tres Paso de la Laguna;EstacionAgr;365;0;0;0;0;0;365;0,0
INIA;INIA;2017;19;Treinta y Tres Paso de la Laguna;EvapPiche;365;0;0;1;0;0;365;0,0
INIA;INIA;2017;19;Treinta y Tres Paso de la Laguna;EvapTanque;365;0;0;3;0;0;365;0,0
INIA;INIA;2017;19;Treinta y Tres Paso de la Laguna;EvapotranspPenman;365;0;0;0;0;0;365;0,0
INIA;INIA;2017;19;Treinta y Tres Paso de la Laguna;GradosMenos10;365;19;0;0;0;19;346;5,2055
INIA;INIA;2017;19;Treinta y Tres Paso de la Laguna;GradosMenos10p5;365;20;0;1;0;20;345;5,4795
INIA;INIA;2017;19;Treinta y Tres Paso de la Laguna;GradosMenos12p8;365;50;0;0;0;50;315;13,6986
INIA;INIA;2017;19;Treinta y Tres Paso de la Laguna;GradosMenos4p5;365;0;0;0;0;0;365;0,0
INIA;INIA;2017;19;Treinta y Tres Paso de la Laguna;GradosMenos6;365;3;0;0;0;3;362;0,8219
INIA;INIA;2017;19;Treinta y Tres Paso de la Laguna;GradosMenos7;365;4;0;0;0;4;361;1,0959
INIA;INIA;2017;19;Treinta y Tres Paso de la Laguna;GradosMenos8;365;9;0;0;0;9;356;2,4658
INIA;INIA;2017;19;Treinta y Tres Paso de la Laguna;GradosMenos9;365;10;0;1;0;10;355;2,7397
INIA;INIA;2017;19;Treinta y Tres Paso de la Laguna;HR100;365;0;0;274;0;0;365;0,0
INIA;INIA;2017;19;Treinta y Tres Paso de la Laguna;HR90y99;365;0;0;3;0;0;365;0,0
INIA;INIA;2017;19;Treinta y Tres Paso de la Laguna;HRMax;365;0;0;0;0;0;365;0,0
INIA;INIA;2017;19;Treinta y Tres Paso de la Laguna;HRMed;365;0;0;0;0;0;365;0,0
INIA;INIA;2017;19;Treinta y Tres Paso de la Laguna;HRMin;365;0;0;0;0;0;365;0,0
INIA;INIA;2017;19;Treinta y Tres Paso de la Laguna;HeladaAgromet;365;0;0;344;0;0;365;0,0
INIA;INIA;2017;19;Treinta y Tres Paso de la Laguna;HeladaMeteo;365;0;0;361;0;0;365;0,0
INIA;INIA;2017;19;Treinta y Tres Paso de la Laguna;Heliofania(hrs);365;0;0;40;0;0;365;0,0
INIA;INIA;2017;19;Treinta y Tres Paso de la Laguna;HeliofaniaRelativa;365;0;0;40;0;0;365;0,0
INIA;INIA;2017;19;Treinta y Tres Paso de la Laguna;Llovio;365;0;0;246;0;0;365;0,0
INIA;INIA;2017;19;Treinta y Tres Paso de la Laguna;Mes;365;0;0;0;0;0;365;0,0
INIA;INIA;2017;19;Treinta y Tres Paso de la Laguna;PrecipAcum;365;0;0;246;0;0;365;0,0
INIA;INIA;2017;19;Treinta y Tres Paso de la Laguna;PrecipEfectiva;365;0;0;246;0;0;365;0,0
INIA;INIA;2017;19;Treinta y Tres Paso de la Laguna;RadSolar;365;0;0;0;0;0;365;0,0
INIA;INIA;2017;19;Treinta y Tres Paso de la Laguna;RecorridoViento;365;0;0;0;0;0;365;0,0
INIA;INIA;2017;19;Treinta y Tres Paso de la Laguna;TMedia;365;0;0;0;0;0;365;0,0
INIA;INIA;2017;19;Treinta y Tres Paso de la Laguna;TMin15;365;0;0;115;0;0;365;0,0
INIA;INIA;2017;19;Treinta y Tres Paso de la Laguna;TMinSCesped;365;0;0;4;0;0;365;0,0
INIA;INIA;2017;19;Treinta y Tres Paso de la Laguna;TempAireMax;365;0;0;0;0;0;365;0,0
INIA;INIA;2017;19;Treinta y Tres Paso de la Laguna;TempAireMedia;365;0;0;0;0;0;365;0,0
INIA;INIA;2017;19;Treinta y Tres Paso de la Laguna;TempAireMin;365;0;0;0;0;0;365;0,0
INIA;INIA;2017;19;Treinta y Tres Paso de la Laguna;TempMin7p2;365;0;0;296;0;0;365;0,0
INIA;INIA;2017;19;Treinta y Tres Paso de la Laguna;TempSC05cm(max);365;0;0;0;0;0;365;0,0
INIA;INIA;2017;19;Treinta y Tres Paso de la Laguna;TempSC05cm(med);365;0;0;0;0;0;365;0,0
INIA;INIA;2017;19;Treinta y Tres Paso de la Laguna;TempSC05cm(min);365;0;0;0;0;0;365;0,0
INIA;INIA;2017;19;Treinta y Tres Paso de la Laguna;TempSC10cm(max);365;0;0;0;0;0;365;0,0
INIA;INIA;2017;19;Treinta y Tres Paso de la Laguna;TempSC10cm(med);365;0;0;0;0;0;365;0,0
INIA;INIA;2017;19;Treinta y Tres Paso de la Laguna;TempSC10cm(min);365;0;0;0;0;0;365;0,0
INIA;INIA;2017;19;Treinta y Tres Paso de la Laguna;TempSD05cm(max);365;0;0;0;0;0;365;0,0
INIA;INIA;2017;19;Treinta y Tres Paso de la Laguna;TempSD05cm(med);365;0;0;0;0;0;365;0,0
INIA;INIA;2017;19;Treinta y Tres Paso de la Laguna;TempSD05cm(min);365;0;0;0;0;0;365;0,0
INIA;INIA;2017;19;Treinta y Tres Paso de la Laguna;TempSD10cm(max);365;0;0;0;0;0;365;0,0
INIA;INIA;2017;19;Treinta y Tres Paso de la Laguna;TempSD10cm(med);365;0;0;0;0;0;365;0,0
INIA;INIA;2017;19;Treinta y Tres Paso de la Laguna;TempSD10cm(min);365;0;0;0;0;0;365;0,0
INIA;INIA;2017;19;Treinta y Tres Paso de la Laguna;UnTermicasArroz;365;0;0;18;0;0;365;0,0
INIA;INIA;2017;19;Treinta y Tres Paso de la Laguna;UnidadFrio;365;0;0;7;0;0;365;0,0
INIA;INIA;2017;2;Las Brujas;AmplitudTermica;365;0;0;0;0;0;365;0,0
INIA;INIA;2017;2;Las Brujas;Anio;365;0;0;0;0;0;365;0,0
INIA;INIA;2017;2;Las Brujas;Dia;365;0;0;0;0;0;365;0,0
INIA;INIA;2017;2;Las Brujas;EstacionAgr;365;0;0;0;0;0;365;0,0
INIA;INIA;2017;2;Las Brujas;EvapPiche;365;0;0;0;0;0;365;0,0
INIA;INIA;2017;2;Las Brujas;EvapTanque;365;0;0;0;0;0;365;0,0
INIA;INIA;2017;2;Las Brujas;EvapotranspPenman;365;0;0;0;0;0;365;0,0
INIA;INIA;2017;2;Las Brujas;GradosMenos10;365;20;0;2;0;20;345;5,4795
INIA;INIA;2017;2;Las Brujas;GradosMenos10p5;365;28;0;1;0;28;337;7,6712
INIA;INIA;2017;2;Las Brujas;GradosMenos12p8;365;77;0;1;0;77;288;21,0959
INIA;INIA;2017;2;Las Brujas;GradosMenos4p5;365;0;0;0;0;0;365;0,0
INIA;INIA;2017;2;Las Brujas;GradosMenos6;365;2;0;0;0;2;363;0,5479
INIA;INIA;2017;2;Las Brujas;GradosMenos7;365;3;0;0;0;3;362;0,8219
INIA;INIA;2017;2;Las Brujas;GradosMenos8;365;9;0;0;0;9;356;2,4658
INIA;INIA;2017;2;Las Brujas;GradosMenos9;365;12;0;0;0;12;353;3,2877
INIA;INIA;2017;2;Las Brujas;HR100;365;0;0;365;0;0;365;0,0
INIA;INIA;2017;2;Las Brujas;HR90y99;365;0;0;171;0;0;365;0,0
INIA;INIA;2017;2;Las Brujas;HRMax;365;0;0;0;0;0;365;0,0
INIA;INIA;2017;2;Las Brujas;HRMed;365;0;0;0;0;0;365;0,0
INIA;INIA;2017;2;Las Brujas;HRMin;365;0;0;0;0;0;365;0,0
INIA;INIA;2017;2;Las Brujas;HeladaAgromet;365;0;0;353;0;0;365;0,0
INIA;INIA;2017;2;Las Brujas;HeladaMeteo;365;0;0;363;0;0;365;0,0
INIA;INIA;2017;2;Las Brujas;Heliofania(hrs);365;0;0;34;0;0;365;0,0
INIA;INIA;2017;2;Las Brujas;HeliofaniaRelativa;365;0;0;34;0;0;365;0,0
INIA;INIA;2017;2;Las Brujas;Llovio;365;0;0;255;0;0;365;0,0
INIA;INIA;2017;2;Las Brujas;Mes;365;0;0;0;0;0;365;0,0
INIA;INIA;2017;2;Las Brujas;PrecipAcum;365;0;0;255;0;0;365;0,0
INIA;INIA;2017;2;Las Brujas;PrecipEfectiva;365;0;0;255;0;0;365;0,0
INIA;INIA;2017;2;Las Brujas;RadSolar;365;0;0;0;0;0;365;0,0
INIA;INIA;2017;2;Las Brujas;RecorridoViento;365;0;0;0;0;0;365;0,0
INIA;INIA;2017;2;Las Brujas;TMedia;365;0;0;0;0;0;365;0,0
INIA;INIA;2017;2;Las Brujas;TMin15;365;0;0;110;0;0;365;0,0
INIA;INIA;2017;2;Las Brujas;TMinSCesped;365;0;0;1;0;0;365;0,0
INIA;INIA;2017;2;Las Brujas;TempAireMax;365;0;0;0;0;0;365;0,0
INIA;INIA;2017;2;Las Brujas;TempAireMedia;365;0;0;0;0;0;365;0,0
INIA;INIA;2017;2;Las Brujas;TempAireMin;365;0;0;1;0;0;365;0,0
INIA;INIA;2017;2;Las Brujas;TempMin7p2;365;0;0;310;0;0;365;0,0
INIA;INIA;2017;2;Las Brujas;TempSC05cm(max);365;365;0;0;0;365;0;100,0
INIA;INIA;2017;2;Las Brujas;TempSC05cm(med);365;365;0;0;0;365;0;100,0
INIA;INIA;2017;2;Las Brujas;TempSC05cm(min);365;365;0;0;0;365;0;100,0
INIA;INIA;2017;2;Las Brujas;TempSC10cm(max);365;365;0;0;0;365;0;100,0
INIA;INIA;2017;2;Las Brujas;TempSC10cm(med);365;365;0;0;0;365;0;100,0
INIA;INIA;2017;2;Las Brujas;TempSC10cm(min);365;365;0;0;0;365;0;100,0
INIA;INIA;2017;2;Las Brujas;TempSD05cm(max);365;365;0;0;0;365;0;100,0
INIA;INIA;2017;2;Las Brujas;TempSD05cm(med);365;365;0;0;0;365;0;100,0
INIA;INIA;2017;2;Las Brujas;TempSD05cm(min);365;365;0;0;0;365;0;100,0
INIA;INIA;2017;2;Las Brujas;TempSD10cm(max);365;365;0;0;0;365;0;100,0
INIA;INIA;2017;2;Las Brujas;TempSD10cm(med);365;365;0;0;0;365;0;100,0
INIA;INIA;2017;2;Las Brujas;TempSD10cm(min);365;365;0;0;0;365;0;100,0
INIA;INIA;2017;2;Las Brujas;UnTermicasArroz;365;0;0;20;0;0;365;0,0
INIA;INIA;2017;2;Las Brujas;UnidadFrio;365;0;0;5;0;0;365;0,0
INIA;INIA;2017;4;La Estanzuela;AmplitudTermica;365;0;0;0;0;0;365;0,0
INIA;INIA;2017;4;La Estanzuela;Anio;365;0;0;0;0;0;365;0,0
INIA;INIA;2017;4;La Estanzuela;Dia;365;0;0;0;0;0;365;0,0
INIA;INIA;2017;4;La Estanzuela;EstacionAgr;365;0;0;0;0;0;365;0,0
INIA;INIA;2017;4;La Estanzuela;EvapPiche;365;2;0;1;0;2;363;0,5479
INIA;INIA;2017;4;La Estanzuela;EvapTanque;365;1;0;0;0;1;364;0,274
INIA;INIA;2017;4;La Estanzuela;EvapotranspPenman;365;0;0;0;0;0;365;0,0
INIA;INIA;2017;4;La Estanzuela;GradosMenos10;365;15;0;0;0;15;350;4,1096
INIA;INIA;2017;4;La Estanzuela;GradosMenos10p5;365;20;0;0;0;20;345;5,4795
INIA;INIA;2017;4;La Estanzuela;GradosMenos12p8;365;71;0;3;0;71;294;19,4521
INIA;INIA;2017;4;La Estanzuela;GradosMenos4p5;365;0;0;0;0;0;365;0,0
INIA;INIA;2017;4;La Estanzuela;GradosMenos6;365;1;0;0;0;1;364;0,274
INIA;INIA;2017;4;La Estanzuela;GradosMenos7;365;5;0;0;0;5;360;1,3699
INIA;INIA;2017;4;La Estanzuela;GradosMenos8;365;7;0;0;0;7;358;1,9178
INIA;INIA;2017;4;La Estanzuela;GradosMenos9;365;10;0;0;0;10;355;2,7397
INIA;INIA;2017;4;La Estanzuela;HR100;365;0;0;201;0;0;365;0,0
INIA;INIA;2017;4;La Estanzuela;HR90y99;365;0;0;25;0;0;365;0,0
INIA;INIA;2017;4;La Estanzuela;HRMax;365;0;0;0;0;0;365;0,0
INIA;INIA;2017;4;La Estanzuela;HRMed;365;0;0;0;0;0;365;0,0
INIA;INIA;2017;4;La Estanzuela;HRMin;365;0;0;0;0;0;365;0,0
INIA;INIA;2017;4;La Estanzuela;HeladaAgromet;365;0;0;353;0;0;365;0,0
INIA;INIA;2017;4;La Estanzuela;HeladaMeteo;365;0;0;365;0;0;365;0,0
INIA;INIA;2017;4;La Estanzuela;Heliofania(hrs);365;0;0;41;0;0;365;0,0
INIA;INIA;2017;4;La Estanzuela;HeliofaniaRelativa;365;0;0;41;0;0;365;0,0
INIA;INIA;2017;4;La Estanzuela;Llovio;365;0;0;254;0;0;365;0,0
INIA;INIA;2017;4;La Estanzuela;Mes;365;0;0;0;0;0;365;0,0
INIA;INIA;2017;4;La Estanzuela;PrecipAcum;365;0;0;254;0;0;365;0,0
INIA;INIA;2017;4;La Estanzuela;PrecipEfectiva;365;0;0;254;0;0;365;0,0
INIA;INIA;2017;4;La Estanzuela;RadSolar;365;0;0;0;0;0;365;0,0
INIA;INIA;2017;4;La Estanzuela;RecorridoViento;365;0;0;0;0;0;365;0,0
INIA;INIA;2017;4;La Estanzuela;TMedia;365;0;0;0;0;0;365;0,0
INIA;INIA;2017;4;La Estanzuela;TMin15;365;0;0;118;0;0;365;0,0
INIA;INIA;2017;4;La Estanzuela;TMinSCesped;365;0;0;0;0;0;365;0,0
INIA;INIA;2017;4;La Estanzuela;TempAireMax;365;0;0;0;0;0;365;0,0
INIA;INIA;2017;4;La Estanzuela;TempAireMedia;365;0;0;0;0;0;365;0,0
INIA;INIA;2017;4;La Estanzuela;TempAireMin;365;0;0;0;0;0;365;0,0
INIA;INIA;2017;4;La Estanzuela;TempMin7p2;365;0;0;327;0;0;365;0,0
INIA;INIA;2017;4;La Estanzuela;TempSC05cm(max);365;0;0;0;0;0;365;0,0
INIA;INIA;2017;4;La Estanzuela;TempSC05cm(med);365;0;0;0;0;0;365;0,0
INIA;INIA;2017;4;La Estanzuela;TempSC05cm(min);365;0;0;0;0;0;365;0,0
INIA;INIA;2017;4;La Estanzuela;TempSC10cm(max);365;0;0;0;0;0;365;0,0
INIA;INIA;2017;4;La Estanzuela;TempSC10cm(med);365;0;0;0;0;0;365;0,0
INIA;INIA;2017;4;La Estanzuela;TempSC10cm(min);365;0;0;0;0;0;365;0,0
INIA;INIA;2017;4;La Estanzuela;TempSD05cm(max);365;0;0;0;0;0;365;0,0
INIA;INIA;2017;4;La Estanzuela;TempSD05cm(med);365;0;0;0;0;0;365;0,0
INIA;INIA;2017;4;La Estanzuela;TempSD05cm(min);365;0;0;0;0;0;365;0,0
INIA;INIA;2017;4;La Estanzuela;TempSD10cm(max);365;0;0;0;0;0;365;0,0
INIA;INIA;2017;4;La Estanzuela;TempSD10cm(med);365;0;0;0;0;0;365;0,0
INIA;INIA;2017;4;La Estanzuela;TempSD10cm(min);365;0;0;0;0;0;365;0,0
INIA;INIA;2017;4;La Estanzuela;UnTermicasArroz;365;0;0;17;0;0;365;0,0
INIA;INIA;2017;4;La Estanzuela;UnidadFrio;365;0;0;8;0;0;365;0,0
INIA;INIA;2018;15;Salto Grande;AmplitudTermica;365;0;0;0;0;0;365;0,0
INIA;INIA;2018;15;Salto Grande;Anio;365;0;0;0;0;0;365;0,0
INIA;INIA;2018;15;Salto Grande;Dia;365;0;0;0;0;0;365;0,0
INIA;INIA;2018;15;Salto Grande;EstacionAgr;365;0;0;0;0;0;365;0,0
INIA;INIA;2018;15;Salto Grande;EvapPiche;365;0;0;0;0;0;365;0,0
INIA;INIA;2018;15;Salto Grande;EvapTanque;365;0;0;0;0;0;365;0,0
INIA;INIA;2018;15;Salto Grande;EvapotranspPenman;365;0;0;0;0;0;365;0,0
INIA;INIA;2018;15;Salto Grande;GradosMenos10;365;28;0;1;0;28;337;7,6712
INIA;INIA;2018;15;Salto Grande;GradosMenos10p5;365;32;0;2;0;32;333;8,7671
INIA;INIA;2018;15;Salto Grande;GradosMenos12p8;365;63;0;1;0;63;302;17,2603
INIA;INIA;2018;15;Salto Grande;GradosMenos4p5;365;0;0;0;0;0;365;0,0
INIA;INIA;2018;15;Salto Grande;GradosMenos6;365;1;0;0;0;1;364;0,274
INIA;INIA;2018;15;Salto Grande;GradosMenos7;365;3;0;0;0;3;362;0,8219
INIA;INIA;2018;15;Salto Grande;GradosMenos8;365;7;0;1;0;7;358;1,9178
INIA;INIA;2018;15;Salto Grande;GradosMenos9;365;12;0;1;0;12;353;3,2877
INIA;INIA;2018;15;Salto Grande;HR100;365;0;0;319;0;0;365;0,0
INIA;INIA;2018;15;Salto Grande;HR90y99;365;0;0;107;0;0;365;0,0
INIA;INIA;2018;15;Salto Grande;HRMax;365;0;0;0;0;0;365;0,0
INIA;INIA;2018;15;Salto Grande;HRMed;365;0;0;0;0;0;365;0,0
INIA;INIA;2018;15;Salto Grande;HRMin;365;0;0;1;0;0;365;0,0
INIA;INIA;2018;15;Salto Grande;HeladaAgromet;365;0;0;322;0;0;365;0,0
INIA;INIA;2018;15;Salto Grande;HeladaMeteo;365;0;0;365;0;0;365;0,0
INIA;INIA;2018;15;Salto Grande;Heliofania(hrs);365;0;0;42;0;0;365;0,0
INIA;INIA;2018;15;Salto Grande;HeliofaniaRelativa;365;0;0;42;0;0;365;0,0
INIA;INIA;2018;15;Salto Grande;Llovio;365;0;0;278;0;0;365;0,0
INIA;INIA;2018;15;Salto Grande;Mes;365;0;0;0;0;0;365;0,0
INIA;INIA;2018;15;Salto Grande;PrecipAcum;365;0;0;278;0;0;365;0,0
INIA;INIA;2018;15;Salto Grande;PrecipEfectiva;365;0;0;278;0;0;365;0,0
INIA;INIA;2018;15;Salto Grande;RadSolar;365;0;0;0;0;0;365;0,0
INIA;INIA;2018;15;Salto Grande;RecorridoViento;365;0;0;0;0;0;365;0,0
INIA;INIA;2018;15;Salto Grande;TMedia;365;0;0;0;0;0;365;0,0
INIA;INIA;2018;15;Salto Grande;TMin15;365;0;0;195;0;0;365;0,0
INIA;INIA;2018;15;Salto Grande;TMinSCesped;365;0;0;2;0;0;365;0,0
INIA;INIA;2018;15;Salto Grande;TempAireMax;365;0;0;0;0;0;365;0,0
INIA;INIA;2018;15;Salto Grande;TempAireMedia;365;0;0;0;0;0;365;0,0
INIA;INIA;2018;15;Salto Grande;TempAireMin;365;0;0;0;0;0;365;0,0
INIA;INIA;2018;15;Salto Grande;TempMin7p2;365;0;0;314;0;0;365;0,0
INIA;INIA;2018;15;Salto Grande;TempSC05cm(max);365;0;0;0;0;0;365;0,0
INIA;INIA;2018;15;Salto Grande;TempSC05cm(med);365;0;0;0;0;0;365;0,0
INIA;INIA;2018;15;Salto Grande;TempSC05cm(min);365;0;0;0;0;0;365;0,0
INIA;INIA;2018;15;Salto Grande;TempSC10cm(max);365;0;0;0;0;0;365;0,0
INIA;INIA;2018;15;Salto Grande;TempSC10cm(med);365;0;0;0;0;0;365;0,0
INIA;INIA;2018;15;Salto Grande;TempSC10cm(min);365;0;0;0;0;0;365;0,0
INIA;INIA;2018;15;Salto Grande;TempSD05cm(max);365;0;0;0;0;0;365;0,0
INIA;INIA;2018;15;Salto Grande;TempSD05cm(med);365;0;0;0;0;0;365;0,0
INIA;INIA;2018;15;Salto Grande;TempSD05cm(min);365;0;0;0;0;0;365;0,0
INIA;INIA;2018;15;Salto Grande;TempSD10cm(max);365;0;0;0;0;0;365;0,0
INIA;INIA;2018;15;Salto Grande;TempSD10cm(med);365;0;0;0;0;0;365;0,0
INIA;INIA;2018;15;Salto Grande;TempSD10cm(min);365;0;0;0;0;0;365;0,0
INIA;INIA;2018;15;Salto Grande;UnTermicasArroz;365;0;0;34;0;0;365;0,0
INIA;INIA;2018;15;Salto Grande;UnidadFrio;365;0;0;0;0;0;365;0,0
INIA;INIA;2018;18;Tacuarembó La Magnolia;AmplitudTermica;365;0;0;0;0;0;365;0,0
INIA;INIA;2018;18;Tacuarembó La Magnolia;Anio;365;0;0;0;0;0;365;0,0
INIA;INIA;2018;18;Tacuarembó La Magnolia;Dia;365;0;0;0;0;0;365;0,0
INIA;INIA;2018;18;Tacuarembó La Magnolia;EstacionAgr;365;0;0;0;0;0;365;0,0
INIA;INIA;2018;18;Tacuarembó La Magnolia;EvapPiche;365;1;0;0;0;1;364;0,274
INIA;INIA;2018;18;Tacuarembó La Magnolia;EvapTanque;365;2;0;0;0;2;363;0,5479
INIA;INIA;2018;18;Tacuarembó La Magnolia;EvapotranspPenman;365;0;0;0;0;0;365;0,0
INIA;INIA;2018;18;Tacuarembó La Magnolia;GradosMenos10;365;47;0;0;0;47;318;12,8767
INIA;INIA;2018;18;Tacuarembó La Magnolia;GradosMenos10p5;365;50;0;0;0;50;315;13,6986
INIA;INIA;2018;18;Tacuarembó La Magnolia;GradosMenos12p8;365;81;0;2;0;81;284;22,1918
INIA;INIA;2018;18;Tacuarembó La Magnolia;GradosMenos4p5;365;1;0;0;0;1;364;0,274
INIA;INIA;2018;18;Tacuarembó La Magnolia;GradosMenos6;365;2;0;1;0;2;363;0,5479
INIA;INIA;2018;18;Tacuarembó La Magnolia;GradosMenos7;365;8;0;0;0;8;357;2,1918
INIA;INIA;2018;18;Tacuarembó La Magnolia;GradosMenos8;365;19;0;1;0;19;346;5,2055
INIA;INIA;2018;18;Tacuarembó La Magnolia;GradosMenos9;365;33;0;2;0;33;332;9,0411
INIA;INIA;2018;18;Tacuarembó La Magnolia;HR100;365;0;0;350;0;0;365;0,0
INIA;INIA;2018;18;Tacuarembó La Magnolia;HR90y99;365;0;0;130;0;0;365;0,0
INIA;INIA;2018;18;Tacuarembó La Magnolia;HRMax;365;0;0;0;0;0;365;0,0
INIA;INIA;2018;18;Tacuarembó La Magnolia;HRMed;365;0;0;0;0;0;365;0,0
INIA;INIA;2018;18;Tacuarembó La Magnolia;HRMin;365;0;0;0;0;0;365;0,0
INIA;INIA;2018;18;Tacuarembó La Magnolia;HeladaAgromet;365;0;0;345;0;0;365;0,0
INIA;INIA;2018;18;Tacuarembó La Magnolia;HeladaMeteo;365;0;0;363;0;0;365;0,0
INIA;INIA;2018;18;Tacuarembó La Magnolia;Heliofania(hrs);365;0;0;40;0;0;365;0,0
INIA;INIA;2018;18;Tacuarembó La Magnolia;HeliofaniaRelativa;365;0;0;40;0;0;365;0,0
INIA;INIA;2018;18;Tacuarembó La Magnolia;Llovio;365;0;0;274;0;0;365;0,0
INIA;INIA;2018;18;Tacuarembó La Magnolia;Mes;365;0;0;0;0;0;365;0,0
INIA;INIA;2018;18;Tacuarembó La Magnolia;PrecipAcum;365;0;0;274;0;0;365;0,0
INIA;INIA;2018;18;Tacuarembó La Magnolia;PrecipEfectiva;365;0;0;274;0;0;365;0,0
INIA;INIA;2018;18;Tacuarembó La Magnolia;RadSolar;365;0;0;0;0;0;365;0,0
INIA;INIA;2018;18;Tacuarembó La Magnolia;RecorridoViento;365;0;0;0;0;0;365;0,0
INIA;INIA;2018;18;Tacuarembó La Magnolia;TMedia;365;0;0;0;0;0;365;0,0
INIA;INIA;2018;18;Tacuarembó La Magnolia;TMin15;365;0;0;137;0;0;365;0,0
INIA;INIA;2018;18;Tacuarembó La Magnolia;TMinSCesped;365;2;0;0;0;2;363;0,5479
INIA;INIA;2018;18;Tacuarembó La Magnolia;TempAireMax;365;0;0;0;0;0;365;0,0
INIA;INIA;2018;18;Tacuarembó La Magnolia;TempAireMedia;365;0;0;0;0;0;365;0,0
INIA;INIA;2018;18;Tacuarembó La Magnolia;TempAireMin;365;0;0;0;0;0;365;0,0
INIA;INIA;2018;18;Tacuarembó La Magnolia;TempMin7p2;365;0;0;295;0;0;365;0,0
INIA;INIA;2018;18;Tacuarembó La Magnolia;TempSC05cm(max);365;116;0;0;0;116;249;31,7808
INIA;INIA;2018;18;Tacuarembó La Magnolia;TempSC05cm(med);365;117;0;0;0;117;248;32,0548
INIA;INIA;2018;18;Tacuarembó La Magnolia;TempSC05cm(min);365;117;0;0;0;117;248;32,0548
INIA;INIA;2018;18;Tacuarembó La Magnolia;TempSC10cm(max);365;116;0;0;0;116;249;31,7808
INIA;INIA;2018;18;Tacuarembó La Magnolia;TempSC10cm(med);365;117;0;0;0;117;248;32,0548
INIA;INIA;2018;18;Tacuarembó La Magnolia;TempSC10cm(min);365;117;0;0;0;117;248;32,0548
INIA;INIA;2018;18;Tacuarembó La Magnolia;TempSD05cm(max);365;116;0;0;0;116;249;31,7808
INIA;INIA;2018;18;Tacuarembó La Magnolia;TempSD05cm(med);365;117;0;0;0;117;248;32,0548
INIA;INIA;2018;18;Tacuarembó La Magnolia;TempSD05cm(min);365;117;0;0;0;117;248;32,0548
INIA;INIA;2018;18;Tacuarembó La Magnolia;TempSD10cm(max);365;116;0;0;0;116;249;31,7808
INIA;INIA;2018;18;Tacuarembó La Magnolia;TempSD10cm(med);365;117;0;0;0;117;248;32,0548
INIA;INIA;2018;18;Tacuarembó La Magnolia;TempSD10cm(min);365;117;0;0;0;117;248;32,0548
INIA;INIA;2018;18;Tacuarembó La Magnolia;UnTermicasArroz;365;0;0;40;0;0;365;0,0
INIA;INIA;2018;18;Tacuarembó La Magnolia;UnidadFrio;365;0;0;0;0;0;365;0,0
INIA;INIA;2018;18;Tacuaremnó Glencore;AmplitudTermica;292;0;0;5;0;0;292;0,0
INIA;INIA;2018;18;Tacuaremnó Glencore;Anio;292;0;0;0;0;0;292;0,0
INIA;INIA;2018;18;Tacuaremnó Glencore;Dia;292;0;0;0;0;0;292;0,0
INIA;INIA;2018;18;Tacuaremnó Glencore;EstacionAgr;292;0;0;0;0;0;292;0,0
INIA;INIA;2018;18;Tacuaremnó Glencore;EvapPiche;292;205;0;0;0;205;87;70,2055
INIA;INIA;2018;18;Tacuaremnó Glencore;EvapTanque;292;146;0;0;0;146;146;50,0
INIA;INIA;2018;18;Tacuaremnó Glencore;EvapotranspPenman;292;0;0;0;0;0;292;0,0
INIA;INIA;2018;18;Tacuaremnó Glencore;GradosMenos10;292;51;0;1;0;51;241;17,4658
INIA;INIA;2018;18;Tacuaremnó Glencore;GradosMenos10p5;292;57;0;2;0;57;235;19,5205
INIA;INIA;2018;18;Tacuaremnó Glencore;GradosMenos12p8;292;91;0;0;0;91;201;31,1644
INIA;INIA;2018;18;Tacuaremnó Glencore;GradosMenos4p5;292;6;0;0;0;6;286;2,0548
INIA;INIA;2018;18;Tacuaremnó Glencore;GradosMenos6;292;17;0;0;0;17;275;5,8219
INIA;INIA;2018;18;Tacuaremnó Glencore;GradosMenos7;292;25;0;1;0;25;267;8,5616
INIA;INIA;2018;18;Tacuaremnó Glencore;GradosMenos8;292;35;0;0;0;35;257;11,9863
INIA;INIA;2018;18;Tacuaremnó Glencore;GradosMenos9;292;45;0;1;0;45;247;15,411
INIA;INIA;2018;18;Tacuaremnó Glencore;HR100;292;0;0;134;0;0;292;0,0
INIA;INIA;2018;18;Tacuaremnó Glencore;HR90y99;292;0;0;203;0;0;292;0,0
INIA;INIA;2018;18;Tacuaremnó Glencore;HRMax;292;0;0;5;0;0;292;0,0
INIA;INIA;2018;18;Tacuaremnó Glencore;HRMed;292;0;0;5;0;0;292;0,0
INIA;INIA;2018;18;Tacuaremnó Glencore;HRMin;292;0;0;16;0;0;292;0,0
INIA;INIA;2018;18;Tacuaremnó Glencore;HeladaAgromet;292;0;0;273;0;0;292;0,0
INIA;INIA;2018;18;Tacuaremnó Glencore;HeladaMeteo;292;0;0;272;0;0;292;0,0
INIA;INIA;2018;18;Tacuaremnó Glencore;Heliofania(hrs);292;0;0;44;0;0;292;0,0
INIA;INIA;2018;18;Tacuaremnó Glencore;HeliofaniaRelativa;292;0;0;44;0;0;292;0,0
INIA;INIA;2018;18;Tacuaremnó Glencore;Llovio;292;0;0;230;0;0;292;0,0
INIA;INIA;2018;18;Tacuaremnó Glencore;Mes;292;0;0;0;0;0;292;0,0
INIA;INIA;2018;18;Tacuaremnó Glencore;PrecipAcum;292;1;0;229;0;1;291;0,3425
INIA;INIA;2018;18;Tacuaremnó Glencore;PrecipEfectiva;292;0;0;230;0;0;292;0,0
INIA;INIA;2018;18;Tacuaremnó Glencore;RadSolar;292;0;0;0;0;0;292;0,0
INIA;INIA;2018;18;Tacuaremnó Glencore;RecorridoViento;292;141;0;0;0;141;151;48,2877
INIA;INIA;2018;18;Tacuaremnó Glencore;TMedia;292;0;0;5;0;0;292;0,0
INIA;INIA;2018;18;Tacuaremnó Glencore;TMin15;292;0;0;39;0;0;292;0,0
INIA;INIA;2018;18;Tacuaremnó Glencore;TMinSCesped;292;9;0;0;0;9;283;3,0822
INIA;INIA;2018;18;Tacuaremnó Glencore;TempAireMax;292;12;0;0;0;12;280;4,1096
INIA;INIA;2018;18;Tacuaremnó Glencore;TempAireMedia;292;0;0;5;0;0;292;0,0
INIA;INIA;2018;18;Tacuaremnó Glencore;TempAireMin;292;12;0;0;0;12;280;4,1096
INIA;INIA;2018;18;Tacuaremnó Glencore;TempMin7p2;292;0;0;43;0;0;292;0,0
INIA;INIA;2018;18;Tacuaremnó Glencore;TempSC05cm(max);292;292;0;0;0;292;0;100,0
INIA;INIA;2018;18;Tacuaremnó Glencore;TempSC05cm(med);292;292;0;0;0;292;0;100,0
INIA;INIA;2018;18;Tacuaremnó Glencore;TempSC05cm(min);292;292;0;0;0;292;0;100,0
INIA;INIA;2018;18;Tacuaremnó Glencore;TempSC10cm(max);292;292;0;0;0;292;0;100,0
INIA;INIA;2018;18;Tacuaremnó Glencore;TempSC10cm(med);292;292;0;0;0;292;0;100,0
INIA;INIA;2018;18;Tacuaremnó Glencore;TempSC10cm(min);292;292;0;0;0;292;0;100,0
INIA;INIA;2018;18;Tacuaremnó Glencore;TempSD05cm(max);292;292;0;0;0;292;0;100,0
INIA;INIA;2018;18;Tacuaremnó Glencore;TempSD05cm(med);292;292;0;0;0;292;0;100,0
INIA;INIA;2018;18;Tacuaremnó Glencore;TempSD05cm(min);292;292;0;0;0;292;0;100,0
INIA;INIA;2018;18;Tacuaremnó Glencore;TempSD10cm(max);292;292;0;0;0;292;0;100,0
INIA;INIA;2018;18;Tacuaremnó Glencore;TempSD10cm(med);292;292;0;0;0;292;0;100,0
INIA;INIA;2018;18;Tacuaremnó Glencore;TempSD10cm(min);292;292;0;0;0;292;0;100,0
INIA;INIA;2018;18;Tacuaremnó Glencore;UnTermicasArroz;292;12;0;37;0;12;280;4,1096
INIA;INIA;2018;18;Tacuaremnó Glencore;UnidadFrio;292;0;0;85;0;0;292;0,0
INIA;INIA;2018;19;Treinta y Tres Paso de la Laguna;AmplitudTermica;365;0;0;0;0;0;365;0,0
INIA;INIA;2018;19;Treinta y Tres Paso de la Laguna;Anio;365;0;0;0;0;0;365;0,0
INIA;INIA;2018;19;Treinta y Tres Paso de la Laguna;Dia;365;0;0;0;0;0;365;0,0
INIA;INIA;2018;19;Treinta y Tres Paso de la Laguna;EstacionAgr;365;0;0;0;0;0;365;0,0
INIA;INIA;2018;19;Treinta y Tres Paso de la Laguna;EvapPiche;365;0;0;0;0;0;365;0,0
INIA;INIA;2018;19;Treinta y Tres Paso de la Laguna;EvapTanque;365;0;0;2;0;0;365;0,0
INIA;INIA;2018;19;Treinta y Tres Paso de la Laguna;EvapotranspPenman;365;0;0;0;0;0;365;0,0
INIA;INIA;2018;19;Treinta y Tres Paso de la Laguna;GradosMenos10;365;43;0;1;0;43;322;11,7808
INIA;INIA;2018;19;Treinta y Tres Paso de la Laguna;GradosMenos10p5;365;50;0;4;0;50;315;13,6986
INIA;INIA;2018;19;Treinta y Tres Paso de la Laguna;GradosMenos12p8;365;80;0;4;0;80;285;21,9178
INIA;INIA;2018;19;Treinta y Tres Paso de la Laguna;GradosMenos4p5;365;0;0;0;0;0;365;0,0
INIA;INIA;2018;19;Treinta y Tres Paso de la Laguna;GradosMenos6;365;3;0;0;0;3;362;0,8219
INIA;INIA;2018;19;Treinta y Tres Paso de la Laguna;GradosMenos7;365;10;0;0;0;10;355;2,7397
INIA;INIA;2018;19;Treinta y Tres Paso de la Laguna;GradosMenos8;365;18;0;0;0;18;347;4,9315
INIA;INIA;2018;19;Treinta y Tres Paso de la Laguna;GradosMenos9;365;28;0;0;0;28;337;7,6712
INIA;INIA;2018;19;Treinta y Tres Paso de la Laguna;HR100;365;0;0;282;0;0;365;0,0
INIA;INIA;2018;19;Treinta y Tres Paso de la Laguna;HR90y99;365;0;0;1;0;0;365;0,0
INIA;INIA;2018;19;Treinta y Tres Paso de la Laguna;HRMax;365;0;0;0;0;0;365;0,0
INIA;INIA;2018;19;Treinta y Tres Paso de la Laguna;HRMed;365;0;0;0;0;0;365;0,0
INIA;INIA;2018;19;Treinta y Tres Paso de la Laguna;HRMin;365;0;0;1;0;0;365;0,0
INIA;INIA;2018;19;Treinta y Tres Paso de la Laguna;HeladaAgromet;365;0;0;336;0;0;365;0,0
INIA;INIA;2018;19;Treinta y Tres Paso de la Laguna;HeladaMeteo;365;0;0;362;0;0;365;0,0
INIA;INIA;2018;19;Treinta y Tres Paso de la Laguna;Heliofania(hrs);365;0;0;36;0;0;365;0,0
INIA;INIA;2018;19;Treinta y Tres Paso de la Laguna;HeliofaniaRelativa;365;0;0;36;0;0;365;0,0
INIA;INIA;2018;19;Treinta y Tres Paso de la Laguna;Llovio;365;0;0;244;0;0;365;0,0
INIA;INIA;2018;19;Treinta y Tres Paso de la Laguna;Mes;365;0;0;0;0;0;365;0,0
INIA;INIA;2018;19;Treinta y Tres Paso de la Laguna;PrecipAcum;365;0;0;244;0;0;365;0,0
INIA;INIA;2018;19;Treinta y Tres Paso de la Laguna;PrecipEfectiva;365;0;0;244;0;0;365;0,0
INIA;INIA;2018;19;Treinta y Tres Paso de la Laguna;RadSolar;365;0;0;0;0;0;365;0,0
INIA;INIA;2018;19;Treinta y Tres Paso de la Laguna;RecorridoViento;365;1;0;0;0;1;364;0,274
INIA;INIA;2018;19;Treinta y Tres Paso de la Laguna;TMedia;365;0;0;0;0;0;365;0,0
INIA;INIA;2018;19;Treinta y Tres Paso de la Laguna;TMin15;365;0;0;112;0;0;365;0,0
INIA;INIA;2018;19;Treinta y Tres Paso de la Laguna;TMinSCesped;365;0;0;2;0;0;365;0,0
INIA;INIA;2018;19;Treinta y Tres Paso de la Laguna;TempAireMax;365;0;0;0;0;0;365;0,0
INIA;INIA;2018;19;Treinta y Tres Paso de la Laguna;TempAireMedia;365;0;0;0;0;0;365;0,0
INIA;INIA;2018;19;Treinta y Tres Paso de la Laguna;TempAireMin;365;0;0;0;0;0;365;0,0
INIA;INIA;2018;19;Treinta y Tres Paso de la Laguna;TempMin7p2;365;0;0;282;0;0;365;0,0
INIA;INIA;2018;19;Treinta y Tres Paso de la Laguna;TempSC05cm(max);365;1;0;0;0;1;364;0,274
INIA;INIA;2018;19;Treinta y Tres Paso de la Laguna;TempSC05cm(med);365;1;0;0;0;1;364;0,274
INIA;INIA;2018;19;Treinta y Tres Paso de la Laguna;TempSC05cm(min);365;0;0;0;0;0;365;0,0
INIA;INIA;2018;19;Treinta y Tres Paso de la Laguna;TempSC10cm(max);365;1;0;0;0;1;364;0,274
INIA;INIA;2018;19;Treinta y Tres Paso de la Laguna;TempSC10cm(med);365;1;0;0;0;1;364;0,274
INIA;INIA;2018;19;Treinta y Tres Paso de la Laguna;TempSC10cm(min);365;0;0;0;0;0;365;0,0
INIA;INIA;2018;19;Treinta y Tres Paso de la Laguna;TempSD05cm(max);365;1;0;0;0;1;364;0,274
INIA;INIA;2018;19;Treinta y Tres Paso de la Laguna;TempSD05cm(med);365;1;0;0;0;1;364;0,274
INIA;INIA;2018;19;Treinta y Tres Paso de la Laguna;TempSD05cm(min);365;0;0;0;0;0;365;0,0
INIA;INIA;2018;19;Treinta y Tres Paso de la Laguna;TempSD10cm(max);365;1;0;0;0;1;364;0,274
INIA;INIA;2018;19;Treinta y Tres Paso de la Laguna;TempSD10cm(med);365;1;0;0;0;1;364;0,274
INIA;INIA;2018;19;Treinta y Tres Paso de la Laguna;TempSD10cm(min);365;0;0;0;0;0;365;0,0
INIA;INIA;2018;19;Treinta y Tres Paso de la Laguna;UnTermicasArroz;365;0;0;39;0;0;365;0,0
INIA;INIA;2018;19;Treinta y Tres Paso de la Laguna;UnidadFrio;365;0;0;5;0;0;365;0,0
INIA;INIA;2018;2;Las Brujas;AmplitudTermica;365;0;0;0;0;0;365;0,0
INIA;INIA;2018;2;Las Brujas;Anio;365;0;0;0;0;0;365;0,0
INIA;INIA;2018;2;Las Brujas;Dia;365;0;0;0;0;0;365;0,0
INIA;INIA;2018;2;Las Brujas;EstacionAgr;365;0;0;0;0;0;365;0,0
INIA;INIA;2018;2;Las Brujas;EvapPiche;365;0;0;1;0;0;365;0,0
INIA;INIA;2018;2;Las Brujas;EvapTanque;365;0;0;1;0;0;365;0,0
INIA;INIA;2018;2;Las Brujas;EvapotranspPenman;365;0;0;0;0;0;365;0,0
INIA;INIA;2018;2;Las Brujas;GradosMenos10;365;45;0;2;0;45;320;12,3288
INIA;INIA;2018;2;Las Brujas;GradosMenos10p5;365;54;0;4;0;54;311;14,7945
INIA;INIA;2018;2;Las Brujas;GradosMenos12p8;365;96;0;2;0;96;269;26,3014
INIA;INIA;2018;2;Las Brujas;GradosMenos4p5;365;0;0;1;0;0;365;0,0
INIA;INIA;2018;2;Las Brujas;GradosMenos6;365;3;0;1;0;3;362;0,8219
INIA;INIA;2018;2;Las Brujas;GradosMenos7;365;8;0;1;0;8;357;2,1918
INIA;INIA;2018;2;Las Brujas;GradosMenos8;365;17;0;1;0;17;348;4,6575
INIA;INIA;2018;2;Las Brujas;GradosMenos9;365;31;0;0;0;31;334;8,4932
INIA;INIA;2018;2;Las Brujas;HR100;365;0;0;365;0;0;365;0,0
INIA;INIA;2018;2;Las Brujas;HR90y99;365;0;0;134;0;0;365;0,0
INIA;INIA;2018;2;Las Brujas;HRMax;365;0;0;0;0;0;365;0,0
INIA;INIA;2018;2;Las Brujas;HRMed;365;0;0;0;0;0;365;0,0
INIA;INIA;2018;2;Las Brujas;HRMin;365;0;0;0;0;0;365;0,0
INIA;INIA;2018;2;Las Brujas;HeladaAgromet;365;0;0;344;0;0;365;0,0
INIA;INIA;2018;2;Las Brujas;HeladaMeteo;365;0;0;361;0;0;365;0,0
INIA;INIA;2018;2;Las Brujas;Heliofania(hrs);365;0;0;34;0;0;365;0,0
INIA;INIA;2018;2;Las Brujas;HeliofaniaRelativa;365;0;0;34;0;0;365;0,0
INIA;INIA;2018;2;Las Brujas;Llovio;365;0;0;251;0;0;365;0,0
INIA;INIA;2018;2;Las Brujas;Mes;365;0;0;0;0;0;365;0,0
INIA;INIA;2018;2;Las Brujas;PrecipAcum;365;0;0;251;0;0;365;0,0
INIA;INIA;2018;2;Las Brujas;PrecipEfectiva;365;0;0;251;0;0;365;0,0
INIA;INIA;2018;2;Las Brujas;RadSolar;365;0;0;0;0;0;365;0,0
INIA;INIA;2018;2;Las Brujas;RecorridoViento;365;0;0;0;0;0;365;0,0
INIA;INIA;2018;2;Las Brujas;TMedia;365;0;0;0;0;0;365;0,0
INIA;INIA;2018;2;Las Brujas;TMin15;365;0;0;117;0;0;365;0,0
INIA;INIA;2018;2;Las Brujas;TMinSCesped;365;0;0;1;0;0;365;0,0
INIA;INIA;2018;2;Las Brujas;TempAireMax;365;0;0;0;0;0;365;0,0
INIA;INIA;2018;2;Las Brujas;TempAireMedia;365;0;0;0;0;0;365;0,0
INIA;INIA;2018;2;Las Brujas;TempAireMin;365;0;0;0;0;0;365;0,0
INIA;INIA;2018;2;Las Brujas;TempMin7p2;365;0;0;297;0;0;365;0,0
INIA;INIA;2018;2;Las Brujas;TempSC05cm(max);365;365;0;0;0;365;0;100,0
INIA;INIA;2018;2;Las Brujas;TempSC05cm(med);365;365;0;0;0;365;0;100,0
INIA;INIA;2018;2;Las Brujas;TempSC05cm(min);365;365;0;0;0;365;0;100,0
INIA;INIA;2018;2;Las Brujas;TempSC10cm(max);365;365;0;0;0;365;0;100,0
INIA;INIA;2018;2;Las Brujas;TempSC10cm(med);365;365;0;0;0;365;0;100,0
INIA;INIA;2018;2;Las Brujas;TempSC10cm(min);365;365;0;0;0;365;0;100,0
INIA;INIA;2018;2;Las Brujas;TempSD05cm(max);365;365;0;0;0;365;0;100,0
INIA;INIA;2018;2;Las Brujas;TempSD05cm(med);365;365;0;0;0;365;0;100,0
INIA;INIA;2018;2;Las Brujas;TempSD05cm(min);365;365;0;0;0;365;0;100,0
INIA;INIA;2018;2;Las Brujas;TempSD10cm(max);365;365;0;0;0;365;0;100,0
INIA;INIA;2018;2;Las Brujas;TempSD10cm(med);365;365;0;0;0;365;0;100,0
INIA;INIA;2018;2;Las Brujas;TempSD10cm(min);365;365;0;0;0;365;0;100,0
INIA;INIA;2018;2;Las Brujas;UnTermicasArroz;365;0;0;41;0;0;365;0,0
INIA;INIA;2018;2;Las Brujas;UnidadFrio;365;0;0;2;0;0;365;0,0
INIA;INIA;2018;4;La Estanzuela;AmplitudTermica;365;0;0;0;0;0;365;0,0
INIA;INIA;2018;4;La Estanzuela;Anio;365;0;0;0;0;0;365;0,0
INIA;INIA;2018;4;La Estanzuela;Dia;365;0;0;0;0;0;365;0,0
INIA;INIA;2018;4;La Estanzuela;EstacionAgr;365;0;0;0;0;0;365;0,0
INIA;INIA;2018;4;La Estanzuela;EvapPiche;365;2;0;0;0;2;363;0,5479
INIA;INIA;2018;4;La Estanzuela;EvapTanque;365;0;0;0;0;0;365;0,0
INIA;INIA;2018;4;La Estanzuela;EvapotranspPenman;365;0;0;0;0;0;365;0,0
INIA;INIA;2018;4;La Estanzuela;GradosMenos10;365;45;0;4;0;45;320;12,3288
INIA;INIA;2018;4;La Estanzuela;GradosMenos10p5;365;55;0;2;0;55;310;15,0685
INIA;INIA;2018;4;La Estanzuela;GradosMenos12p8;365;99;0;1;0;99;266;27,1233
INIA;INIA;2018;4;La Estanzuela;GradosMenos4p5;365;0;0;0;0;0;365;0,0
INIA;INIA;2018;4;La Estanzuela;GradosMenos6;365;4;0;0;0;4;361;1,0959
INIA;INIA;2018;4;La Estanzuela;GradosMenos7;365;16;0;0;0;16;349;4,3836
INIA;INIA;2018;4;La Estanzuela;GradosMenos8;365;19;0;3;0;19;346;5,2055
INIA;INIA;2018;4;La Estanzuela;GradosMenos9;365;36;0;0;0;36;329;9,863
INIA;INIA;2018;4;La Estanzuela;HR100;365;0;0;164;0;0;365;0,0
INIA;INIA;2018;4;La Estanzuela;HR90y99;365;0;0;34;0;0;365;0,0
INIA;INIA;2018;4;La Estanzuela;HRMax;365;0;0;0;0;0;365;0,0
INIA;INIA;2018;4;La Estanzuela;HRMed;365;0;0;0;0;0;365;0,0
INIA;INIA;2018;4;La Estanzuela;HRMin;365;0;0;0;0;0;365;0,0
INIA;INIA;2018;4;La Estanzuela;HeladaAgromet;365;0;0;343;0;0;365;0,0
INIA;INIA;2018;4;La Estanzuela;HeladaMeteo;365;0;0;365;0;0;365;0,0
INIA;INIA;2018;4;La Estanzuela;Heliofania(hrs);365;0;0;31;0;0;365;0,0
INIA;INIA;2018;4;La Estanzuela;HeliofaniaRelativa;365;0;0;31;0;0;365;0,0
INIA;INIA;2018;4;La Estanzuela;Llovio;365;0;0;263;0;0;365;0,0
INIA;INIA;2018;4;La Estanzuela;Mes;365;0;0;0;0;0;365;0,0
INIA;INIA;2018;4;La Estanzuela;PrecipAcum;365;0;0;263;0;0;365;0,0
INIA;INIA;2018;4;La Estanzuela;PrecipEfectiva;365;0;0;263;0;0;365;0,0
INIA;INIA;2018;4;La Estanzuela;RadSolar;365;0;0;0;0;0;365;0,0
INIA;INIA;2018;4;La Estanzuela;RecorridoViento;365;0;0;0;0;0;365;0,0
INIA;INIA;2018;4;La Estanzuela;TMedia;365;0;0;0;0;0;365;0,0
INIA;INIA;2018;4;La Estanzuela;TMin15;365;0;0;131;0;0;365;0,0
INIA;INIA;2018;4;La Estanzuela;TMinSCesped;365;0;0;0;0;0;365;0,0
INIA;INIA;2018;4;La Estanzuela;TempAireMax;365;1;0;0;0;1;364;0,274
INIA;INIA;2018;4;La Estanzuela;TempAireMedia;365;0;0;0;0;0;365;0,0
INIA;INIA;2018;4;La Estanzuela;TempAireMin;365;0;0;0;0;0;365;0,0
INIA;INIA;2018;4;La Estanzuela;TempMin7p2;365;0;0;302;0;0;365;0,0
INIA;INIA;2018;4;La Estanzuela;TempSC05cm(max);365;1;0;0;0;1;364;0,274
INIA;INIA;2018;4;La Estanzuela;TempSC05cm(med);365;1;0;0;0;1;364;0,274
INIA;INIA;2018;4;La Estanzuela;TempSC05cm(min);365;0;0;0;0;0;365;0,0
INIA;INIA;2018;4;La Estanzuela;TempSC10cm(max);365;1;0;0;0;1;364;0,274
INIA;INIA;2018;4;La Estanzuela;TempSC10cm(med);365;1;0;0;0;1;364;0,274
INIA;INIA;2018;4;La Estanzuela;TempSC10cm(min);365;0;0;0;0;0;365;0,0
INIA;INIA;2018;4;La Estanzuela;TempSD05cm(max);365;1;0;0;0;1;364;0,274
INIA;INIA;2018;4;La Estanzuela;TempSD05cm(med);365;1;0;0;0;1;364;0,274
INIA;INIA;2018;4;La Estanzuela;TempSD05cm(min);365;0;0;0;0;0;365;0,0
INIA;INIA;2018;4;La Estanzuela;TempSD10cm(max);365;1;0;0;0;1;364;0,274
INIA;INIA;2018;4;La Estanzuela;TempSD10cm(med);365;1;0;0;0;1;364;0,274
INIA;INIA;2018;4;La Estanzuela;TempSD10cm(min);365;0;0;0;0;0;365;0,0
INIA;INIA;2018;4;La Estanzuela;UnTermicasArroz;365;1;0;43;0;1;364;0,274
INIA;INIA;2018;4;La Estanzuela;UnidadFrio;365;0;0;2;0;0;365;0,0
INIA;INIA;2019;15;Salto Grande;AmplitudTermica;365;0;0;0;0;0;365;0,0
INIA;INIA;2019;15;Salto Grande;Anio;365;0;0;0;0;0;365;0,0
INIA;INIA;2019;15;Salto Grande;Dia;365;0;0;0;0;0;365;0,0
INIA;INIA;2019;15;Salto Grande;EstacionAgr;365;0;0;0;0;0;365;0,0
INIA;INIA;2019;15;Salto Grande;EvapPiche;365;0;0;0;0;0;365;0,0
INIA;INIA;2019;15;Salto Grande;EvapTanque;365;0;0;0;0;0;365;0,0
INIA;INIA;2019;15;Salto Grande;EvapotranspPenman;365;0;0;0;0;0;365;0,0
INIA;INIA;2019;15;Salto Grande;GradosMenos10;365;17;0;1;0;17;348;4,6575
INIA;INIA;2019;15;Salto Grande;GradosMenos10p5;365;21;0;1;0;21;344;5,7534
INIA;INIA;2019;15;Salto Grande;GradosMenos12p8;365;46;0;0;0;46;319;12,6027
INIA;INIA;2019;15;Salto Grande;GradosMenos4p5;365;1;0;0;0;1;364;0,274
INIA;INIA;2019;15;Salto Grande;GradosMenos6;365;3;0;0;0;3;362;0,8219
INIA;INIA;2019;15;Salto Grande;GradosMenos7;365;3;0;0;0;3;362;0,8219
INIA;INIA;2019;15;Salto Grande;GradosMenos8;365;6;0;0;0;6;359;1,6438
INIA;INIA;2019;15;Salto Grande;GradosMenos9;365;9;0;1;0;9;356;2,4658
INIA;INIA;2019;15;Salto Grande;HR100;365;0;0;319;0;0;365;0,0
INIA;INIA;2019;15;Salto Grande;HR90y99;365;0;0;72;0;0;365;0,0
INIA;INIA;2019;15;Salto Grande;HRMax;365;0;0;0;0;0;365;0,0
INIA;INIA;2019;15;Salto Grande;HRMed;365;0;0;0;0;0;365;0,0
INIA;INIA;2019;15;Salto Grande;HRMin;365;0;0;0;0;0;365;0,0
INIA;INIA;2019;15;Salto Grande;HeladaAgromet;365;0;0;331;0;0;365;0,0
INIA;INIA;2019;15;Salto Grande;HeladaMeteo;365;0;0;362;0;0;365;0,0
INIA;INIA;2019;15;Salto Grande;Heliofania(hrs);365;0;0;43;0;0;365;0,0
INIA;INIA;2019;15;Salto Grande;HeliofaniaRelativa;365;0;0;43;0;0;365;0,0
INIA;INIA;2019;15;Salto Grande;Llovio;365;0;0;236;0;0;365;0,0
INIA;INIA;2019;15;Salto Grande;Mes;365;0;0;0;0;0;365;0,0
INIA;INIA;2019;15;Salto Grande;PrecipAcum;365;0;0;236;0;0;365;0,0
INIA;INIA;2019;15;Salto Grande;PrecipEfectiva;365;0;0;236;0;0;365;0,0
INIA;INIA;2019;15;Salto Grande;RadSolar;365;0;0;0;0;0;365;0,0
INIA;INIA;2019;15;Salto Grande;RecorridoViento;365;0;0;0;0;0;365;0,0
INIA;INIA;2019;15;Salto Grande;TMedia;365;0;0;0;0;0;365;0,0
INIA;INIA;2019;15;Salto Grande;TMin15;365;0;0;177;0;0;365;0,0
INIA;INIA;2019;15;Salto Grande;TMinSCesped;365;0;0;1;0;0;365;0,0
INIA;INIA;2019;15;Salto Grande;TempAireMax;365;0;0;0;0;0;365;0,0
INIA;INIA;2019;15;Salto Grande;TempAireMedia;365;0;0;0;0;0;365;0,0
INIA;INIA;2019;15;Salto Grande;TempAireMin;365;0;0;0;0;0;365;0,0
INIA;INIA;2019;15;Salto Grande;TempMin7p2;365;0;0;319;0;0;365;0,0
INIA;INIA;2019;15;Salto Grande;TempSC05cm(max);365;0;0;0;0;0;365;0,0
INIA;INIA;2019;15;Salto Grande;TempSC05cm(med);365;0;0;0;0;0;365;0,0
INIA;INIA;2019;15;Salto Grande;TempSC05cm(min);365;0;0;0;0;0;365;0,0
INIA;INIA;2019;15;Salto Grande;TempSC10cm(max);365;0;0;0;0;0;365;0,0
INIA;INIA;2019;15;Salto Grande;TempSC10cm(med);365;0;0;0;0;0;365;0,0
INIA;INIA;2019;15;Salto Grande;TempSC10cm(min);365;0;0;0;0;0;365;0,0
INIA;INIA;2019;15;Salto Grande;TempSD05cm(max);365;0;0;0;0;0;365;0,0
INIA;INIA;2019;15;Salto Grande;TempSD05cm(med);365;0;0;0;0;0;365;0,0
INIA;INIA;2019;15;Salto Grande;TempSD05cm(min);365;0;0;0;0;0;365;0,0
INIA;INIA;2019;15;Salto Grande;TempSD10cm(max);365;0;0;0;0;0;365;0,0
INIA;INIA;2019;15;Salto Grande;TempSD10cm(med);365;0;0;0;0;0;365;0,0
INIA;INIA;2019;15;Salto Grande;TempSD10cm(min);365;0;0;0;0;0;365;0,0
INIA;INIA;2019;15;Salto Grande;UnTermicasArroz;365;0;0;22;0;0;365;0,0
INIA;INIA;2019;15;Salto Grande;UnidadFrio;365;0;0;1;0;0;365;0,0
INIA;INIA;2019;18;Tacuarembó La Magnolia;AmplitudTermica;365;0;0;0;0;0;365;0,0
INIA;INIA;2019;18;Tacuarembó La Magnolia;Anio;365;0;0;0;0;0;365;0,0
INIA;INIA;2019;18;Tacuarembó La Magnolia;Dia;365;0;0;0;0;0;365;0,0
INIA;INIA;2019;18;Tacuarembó La Magnolia;EstacionAgr;365;0;0;0;0;0;365;0,0
INIA;INIA;2019;18;Tacuarembó La Magnolia;EvapPiche;365;0;0;0;0;0;365;0,0
INIA;INIA;2019;18;Tacuarembó La Magnolia;EvapTanque;365;0;0;0;0;0;365;0,0
INIA;INIA;2019;18;Tacuarembó La Magnolia;EvapotranspPenman;365;0;0;0;0;0;365;0,0
INIA;INIA;2019;18;Tacuarembó La Magnolia;GradosMenos10;365;32;0;1;0;32;333;8,7671
INIA;INIA;2019;18;Tacuarembó La Magnolia;GradosMenos10p5;365;37;0;2;0;37;328;10,137
INIA;INIA;2019;18;Tacuarembó La Magnolia;GradosMenos12p8;365;70;0;3;0;70;295;19,1781
INIA;INIA;2019;18;Tacuarembó La Magnolia;GradosMenos4p5;365;0;0;0;0;0;365;0,0
INIA;INIA;2019;18;Tacuarembó La Magnolia;GradosMenos6;365;4;0;0;0;4;361;1,0959
INIA;INIA;2019;18;Tacuarembó La Magnolia;GradosMenos7;365;10;0;0;0;10;355;2,7397
INIA;INIA;2019;18;Tacuarembó La Magnolia;GradosMenos8;365;16;0;1;0;16;349;4,3836
INIA;INIA;2019;18;Tacuarembó La Magnolia;GradosMenos9;365;26;0;0;0;26;339;7,1233
INIA;INIA;2019;18;Tacuarembó La Magnolia;HR100;365;0;0;322;0;0;365;0,0
INIA;INIA;2019;18;Tacuarembó La Magnolia;HR90y99;365;0;0;39;0;0;365;0,0
INIA;INIA;2019;18;Tacuarembó La Magnolia;HRMax;365;0;0;0;0;0;365;0,0
INIA;INIA;2019;18;Tacuarembó La Magnolia;HRMed;365;0;0;0;0;0;365;0,0
INIA;INIA;2019;18;Tacuarembó La Magnolia;HRMin;365;0;0;0;0;0;365;0,0
INIA;INIA;2019;18;Tacuarembó La Magnolia;HeladaAgromet;365;0;0;341;0;0;365;0,0
INIA;INIA;2019;18;Tacuarembó La Magnolia;HeladaMeteo;365;0;0;364;0;0;365;0,0
INIA;INIA;2019;18;Tacuarembó La Magnolia;Heliofania(hrs);365;0;0;42;0;0;365;0,0
INIA;INIA;2019;18;Tacuarembó La Magnolia;HeliofaniaRelativa;365;0;0;42;0;0;365;0,0
INIA;INIA;2019;18;Tacuarembó La Magnolia;Llovio;365;0;0;257;0;0;365;0,0
INIA;INIA;2019;18;Tacuarembó La Magnolia;Mes;365;0;0;0;0;0;365;0,0
INIA;INIA;2019;18;Tacuarembó La Magnolia;PrecipAcum;365;0;0;257;0;0;365;0,0
INIA;INIA;2019;18;Tacuarembó La Magnolia;PrecipEfectiva;365;0;0;257;0;0;365;0,0
INIA;INIA;2019;18;Tacuarembó La Magnolia;RadSolar;365;0;0;0;0;0;365;0,0
INIA;INIA;2019;18;Tacuarembó La Magnolia;RecorridoViento;365;0;0;0;0;0;365;0,0
INIA;INIA;2019;18;Tacuarembó La Magnolia;TMedia;365;0;0;0;0;0;365;0,0
INIA;INIA;2019;18;Tacuarembó La Magnolia;TMin15;365;0;0;142;0;0;365;0,0
INIA;INIA;2019;18;Tacuarembó La Magnolia;TMinSCesped;365;1;0;0;0;1;364;0,274
INIA;INIA;2019;18;Tacuarembó La Magnolia;TempAireMax;365;0;0;0;0;0;365;0,0
INIA;INIA;2019;18;Tacuarembó La Magnolia;TempAireMedia;365;0;0;0;0;0;365;0,0
INIA;INIA;2019;18;Tacuarembó La Magnolia;TempAireMin;365;0;0;1;0;0;365;0,0
INIA;INIA;2019;18;Tacuarembó La Magnolia;TempMin7p2;365;0;0;302;0;0;365;0,0
INIA;INIA;2019;18;Tacuarembó La Magnolia;TempSC05cm(max);365;120;0;0;0;120;245;32,8767
INIA;INIA;2019;18;Tacuarembó La Magnolia;TempSC05cm(med);365;120;0;0;0;120;245;32,8767
INIA;INIA;2019;18;Tacuarembó La Magnolia;TempSC05cm(min);365;120;0;0;0;120;245;32,8767
INIA;INIA;2019;18;Tacuarembó La Magnolia;TempSC10cm(max);365;120;0;0;0;120;245;32,8767
INIA;INIA;2019;18;Tacuarembó La Magnolia;TempSC10cm(med);365;120;0;0;0;120;245;32,8767
INIA;INIA;2019;18;Tacuarembó La Magnolia;TempSC10cm(min);365;120;0;0;0;120;245;32,8767
INIA;INIA;2019;18;Tacuarembó La Magnolia;TempSD05cm(max);365;120;0;0;0;120;245;32,8767
INIA;INIA;2019;18;Tacuarembó La Magnolia;TempSD05cm(med);365;120;0;0;0;120;245;32,8767
INIA;INIA;2019;18;Tacuarembó La Magnolia;TempSD05cm(min);365;120;0;0;0;120;245;32,8767
INIA;INIA;2019;18;Tacuarembó La Magnolia;TempSD10cm(max);365;120;0;0;0;120;245;32,8767
INIA;INIA;2019;18;Tacuarembó La Magnolia;TempSD10cm(med);365;120;0;0;0;120;245;32,8767
INIA;INIA;2019;18;Tacuarembó La Magnolia;TempSD10cm(min);365;120;0;0;0;120;245;32,8767
INIA;INIA;2019;18;Tacuarembó La Magnolia;UnTermicasArroz;365;0;0;28;0;0;365;0,0
INIA;INIA;2019;18;Tacuarembó La Magnolia;UnidadFrio;365;0;0;5;0;0;365;0,0
INIA;INIA;2019;19;Treinta y Tres Paso de la Laguna;AmplitudTermica;365;0;0;0;0;0;365;0,0
INIA;INIA;2019;19;Treinta y Tres Paso de la Laguna;Anio;365;0;0;0;0;0;365;0,0
INIA;INIA;2019;19;Treinta y Tres Paso de la Laguna;Dia;365;0;0;0;0;0;365;0,0
INIA;INIA;2019;19;Treinta y Tres Paso de la Laguna;EstacionAgr;365;0;0;0;0;0;365;0,0
INIA;INIA;2019;19;Treinta y Tres Paso de la Laguna;EvapPiche;365;0;0;1;0;0;365;0,0
INIA;INIA;2019;19;Treinta y Tres Paso de la Laguna;EvapTanque;365;0;0;6;0;0;365;0,0
INIA;INIA;2019;19;Treinta y Tres Paso de la Laguna;EvapotranspPenman;365;0;0;0;0;0;365;0,0
INIA;INIA;2019;19;Treinta y Tres Paso de la Laguna;GradosMenos10;365;38;0;1;0;38;327;10,411
INIA;INIA;2019;19;Treinta y Tres Paso de la Laguna;GradosMenos10p5;365;40;0;0;0;40;325;10,9589
INIA;INIA;2019;19;Treinta y Tres Paso de la Laguna;GradosMenos12p8;365;83;0;1;0;83;282;22,7397
INIA;INIA;2019;19;Treinta y Tres Paso de la Laguna;GradosMenos4p5;365;2;0;0;0;2;363;0,5479
INIA;INIA;2019;19;Treinta y Tres Paso de la Laguna;GradosMenos6;365;6;0;0;0;6;359;1,6438
INIA;INIA;2019;19;Treinta y Tres Paso de la Laguna;GradosMenos7;365;16;0;0;0;16;349;4,3836
INIA;INIA;2019;19;Treinta y Tres Paso de la Laguna;GradosMenos8;365;22;0;1;0;22;343;6,0274
INIA;INIA;2019;19;Treinta y Tres Paso de la Laguna;GradosMenos9;365;32;0;2;0;32;333;8,7671
INIA;INIA;2019;19;Treinta y Tres Paso de la Laguna;HR100;365;0;0;258;0;0;365;0,0
INIA;INIA;2019;19;Treinta y Tres Paso de la Laguna;HR90y99;365;0;0;2;0;0;365;0,0
INIA;INIA;2019;19;Treinta y Tres Paso de la Laguna;HRMax;365;0;0;0;0;0;365;0,0
INIA;INIA;2019;19;Treinta y Tres Paso de la Laguna;HRMed;365;0;0;0;0;0;365;0,0
INIA;INIA;2019;19;Treinta y Tres Paso de la Laguna;HRMin;365;0;0;0;0;0;365;0,0
INIA;INIA;2019;19;Treinta y Tres Paso de la Laguna;HeladaAgromet;365;0;0;331;0;0;365;0,0
INIA;INIA;2019;19;Treinta y Tres Paso de la Laguna;HeladaMeteo;365;0;0;356;0;0;365;0,0
INIA;INIA;2019;19;Treinta y Tres Paso de la Laguna;Heliofania(hrs);365;0;0;49;0;0;365;0,0
INIA;INIA;2019;19;Treinta y Tres Paso de la Laguna;HeliofaniaRelativa;365;0;0;49;0;0;365;0,0
INIA;INIA;2019;19;Treinta y Tres Paso de la Laguna;Llovio;365;0;0;257;0;0;365;0,0
INIA;INIA;2019;19;Treinta y Tres Paso de la Laguna;Mes;365;0;0;0;0;0;365;0,0
INIA;INIA;2019;19;Treinta y Tres Paso de la Laguna;PrecipAcum;365;0;0;257;0;0;365;0,0
INIA;INIA;2019;19;Treinta y Tres Paso de la Laguna;PrecipEfectiva;365;0;0;257;0;0;365;0,0
INIA;INIA;2019;19;Treinta y Tres Paso de la Laguna;RadSolar;365;0;0;0;0;0;365;0,0
INIA;INIA;2019;19;Treinta y Tres Paso de la Laguna;RecorridoViento;365;1;0;0;0;1;364;0,274
INIA;INIA;2019;19;Treinta y Tres Paso de la Laguna;TMedia;365;0;0;0;0;0;365;0,0
INIA;INIA;2019;19;Treinta y Tres Paso de la Laguna;TMin15;365;0;0;114;0;0;365;0,0
INIA;INIA;2019;19;Treinta y Tres Paso de la Laguna;TMinSCesped;365;4;0;1;0;4;361;1,0959
INIA;INIA;2019;19;Treinta y Tres Paso de la Laguna;TempAireMax;365;2;0;0;0;2;363;0,5479
INIA;INIA;2019;19;Treinta y Tres Paso de la Laguna;TempAireMedia;365;0;0;0;0;0;365;0,0
INIA;INIA;2019;19;Treinta y Tres Paso de la Laguna;TempAireMin;365;0;0;1;0;0;365;0,0
INIA;INIA;2019;19;Treinta y Tres Paso de la Laguna;TempMin7p2;365;0;0;281;0;0;365;0,0
INIA;INIA;2019;19;Treinta y Tres Paso de la Laguna;TempSC05cm(max);365;0;0;0;0;0;365;0,0
INIA;INIA;2019;19;Treinta y Tres Paso de la Laguna;TempSC05cm(med);365;0;0;0;0;0;365;0,0
INIA;INIA;2019;19;Treinta y Tres Paso de la Laguna;TempSC05cm(min);365;0;0;0;0;0;365;0,0
INIA;INIA;2019;19;Treinta y Tres Paso de la Laguna;TempSC10cm(max);365;0;0;0;0;0;365;0,0
INIA;INIA;2019;19;Treinta y Tres Paso de la Laguna;TempSC10cm(med);365;0;0;0;0;0;365;0,0
INIA;INIA;2019;19;Treinta y Tres Paso de la Laguna;TempSC10cm(min);365;0;0;0;0;0;365;0,0
INIA;INIA;2019;19;Treinta y Tres Paso de la Laguna;TempSD05cm(max);365;0;0;0;0;0;365;0,0
INIA;INIA;2019;19;Treinta y Tres Paso de la Laguna;TempSD05cm(med);365;0;0;0;0;0;365;0,0
INIA;INIA;2019;19;Treinta y Tres Paso de la Laguna;TempSD05cm(min);365;0;0;0;0;0;365;0,0
INIA;INIA;2019;19;Treinta y Tres Paso de la Laguna;TempSD10cm(max);365;0;0;0;0;0;365;0,0
INIA;INIA;2019;19;Treinta y Tres Paso de la Laguna;TempSD10cm(med);365;0;0;0;0;0;365;0,0
INIA;INIA;2019;19;Treinta y Tres Paso de la Laguna;TempSD10cm(min);365;0;0;0;0;0;365;0,0
INIA;INIA;2019;19;Treinta y Tres Paso de la Laguna;UnTermicasArroz;365;2;0;34;0;2;363;0,5479
INIA;INIA;2019;19;Treinta y Tres Paso de la Laguna;UnidadFrio;365;0;0;3;0;0;365;0,0
INIA;INIA;2019;2;Las Brujas;AmplitudTermica;365;0;0;0;0;0;365;0,0
INIA;INIA;2019;2;Las Brujas;Anio;365;0;0;0;0;0;365;0,0
INIA;INIA;2019;2;Las Brujas;Dia;365;0;0;0;0;0;365;0,0
INIA;INIA;2019;2;Las Brujas;EstacionAgr;365;0;0;0;0;0;365;0,0
INIA;INIA;2019;2;Las Brujas;EvapPiche;365;0;0;0;0;0;365;0,0
INIA;INIA;2019;2;Las Brujas;EvapTanque;365;0;0;1;0;0;365;0,0
INIA;INIA;2019;2;Las Brujas;EvapotranspPenman;365;0;0;0;0;0;365;0,0
INIA;INIA;2019;2;Las Brujas;GradosMenos10;365;43;0;1;0;43;322;11,7808
INIA;INIA;2019;2;Las Brujas;GradosMenos10p5;365;50;0;3;0;50;315;13,6986
INIA;INIA;2019;2;Las Brujas;GradosMenos12p8;365;98;0;1;0;98;267;26,8493
INIA;INIA;2019;2;Las Brujas;GradosMenos4p5;365;0;0;0;0;0;365;0,0
INIA;INIA;2019;2;Las Brujas;GradosMenos6;365;2;0;0;0;2;363;0,5479
INIA;INIA;2019;2;Las Brujas;GradosMenos7;365;11;0;1;0;11;354;3,0137
INIA;INIA;2019;2;Las Brujas;GradosMenos8;365;20;0;1;0;20;345;5,4795
INIA;INIA;2019;2;Las Brujas;GradosMenos9;365;33;0;0;0;33;332;9,0411
INIA;INIA;2019;2;Las Brujas;HR100;365;0;0;365;0;0;365;0,0
INIA;INIA;2019;2;Las Brujas;HR90y99;365;0;0;106;0;0;365;0,0
INIA;INIA;2019;2;Las Brujas;HRMax;365;0;0;0;0;0;365;0,0
INIA;INIA;2019;2;Las Brujas;HRMed;365;0;0;0;0;0;365;0,0
INIA;INIA;2019;2;Las Brujas;HRMin;365;0;0;0;0;0;365;0,0
INIA;INIA;2019;2;Las Brujas;HeladaAgromet;365;0;0;344;0;0;365;0,0
INIA;INIA;2019;2;Las Brujas;HeladaMeteo;365;0;0;363;0;0;365;0,0
INIA;INIA;2019;2;Las Brujas;Heliofania(hrs);365;0;0;33;0;0;365;0,0
INIA;INIA;2019;2;Las Brujas;HeliofaniaRelativa;365;0;0;33;0;0;365;0,0
INIA;INIA;2019;2;Las Brujas;Llovio;365;0;0;258;0;0;365;0,0
INIA;INIA;2019;2;Las Brujas;Mes;365;0;0;0;0;0;365;0,0
INIA;INIA;2019;2;Las Brujas;PrecipAcum;365;0;0;258;0;0;365;0,0
INIA;INIA;2019;2;Las Brujas;PrecipEfectiva;365;0;0;258;0;0;365;0,0
INIA;INIA;2019;2;Las Brujas;RadSolar;365;0;0;0;0;0;365;0,0
INIA;INIA;2019;2;Las Brujas;RecorridoViento;365;0;0;0;0;0;365;0,0
INIA;INIA;2019;2;Las Brujas;TMedia;365;0;0;0;0;0;365;0,0
INIA;INIA;2019;2;Las Brujas;TMin15;365;0;0;88;0;0;365;0,0
INIA;INIA;2019;2;Las Brujas;TMinSCesped;365;0;0;2;0;0;365;0,0
INIA;INIA;2019;2;Las Brujas;TempAireMax;365;0;0;0;0;0;365;0,0
INIA;INIA;2019;2;Las Brujas;TempAireMedia;365;0;0;0;0;0;365;0,0
INIA;INIA;2019;2;Las Brujas;TempAireMin;365;0;0;0;0;0;365;0,0
INIA;INIA;2019;2;Las Brujas;TempMin7p2;365;0;0;290;0;0;365;0,0
INIA;INIA;2019;2;Las Brujas;TempSC05cm(max);365;365;0;0;0;365;0;100,0
INIA;INIA;2019;2;Las Brujas;TempSC05cm(med);365;365;0;0;0;365;0;100,0
INIA;INIA;2019;2;Las Brujas;TempSC05cm(min);365;365;0;0;0;365;0;100,0
INIA;INIA;2019;2;Las Brujas;TempSC10cm(max);365;365;0;0;0;365;0;100,0
INIA;INIA;2019;2;Las Brujas;TempSC10cm(med);365;365;0;0;0;365;0;100,0
INIA;INIA;2019;2;Las Brujas;TempSC10cm(min);365;365;0;0;0;365;0;100,0
INIA;INIA;2019;2;Las Brujas;TempSD05cm(max);365;365;0;0;0;365;0;100,0
INIA;INIA;2019;2;Las Brujas;TempSD05cm(med);365;365;0;0;0;365;0;100,0
INIA;INIA;2019;2;Las Brujas;TempSD05cm(min);365;365;0;0;0;365;0;100,0
INIA;INIA;2019;2;Las Brujas;TempSD10cm(max);365;365;0;0;0;365;0;100,0
INIA;INIA;2019;2;Las Brujas;TempSD10cm(med);365;365;0;0;0;365;0;100,0
INIA;INIA;2019;2;Las Brujas;TempSD10cm(min);365;365;0;0;0;365;0;100,0
INIA;INIA;2019;2;Las Brujas;UnTermicasArroz;365;0;0;42;0;0;365;0,0
INIA;INIA;2019;2;Las Brujas;UnidadFrio;365;0;0;6;0;0;365;0,0
INIA;INIA;2019;4;La Estanzuela;AmplitudTermica;365;0;0;0;0;0;365;0,0
INIA;INIA;2019;4;La Estanzuela;Anio;365;0;0;0;0;0;365;0,0
INIA;INIA;2019;4;La Estanzuela;Dia;365;0;0;0;0;0;365;0,0
INIA;INIA;2019;4;La Estanzuela;EstacionAgr;365;0;0;0;0;0;365;0,0
INIA;INIA;2019;4;La Estanzuela;EvapPiche;365;2;0;0;0;2;363;0,5479
INIA;INIA;2019;4;La Estanzuela;EvapTanque;365;0;0;0;0;0;365;0,0
INIA;INIA;2019;4;La Estanzuela;EvapotranspPenman;365;0;0;0;0;0;365;0,0
INIA;INIA;2019;4;La Estanzuela;GradosMenos10;365;42;0;1;0;42;323;11,5068
INIA;INIA;2019;4;La Estanzuela;GradosMenos10p5;365;50;0;1;0;50;315;13,6986
INIA;INIA;2019;4;La Estanzuela;GradosMenos12p8;365;92;0;1;0;92;273;25,2055
INIA;INIA;2019;4;La Estanzuela;GradosMenos4p5;365;0;0;1;0;0;365;0,0
INIA;INIA;2019;4;La Estanzuela;GradosMenos6;365;8;0;1;0;8;357;2,1918
INIA;INIA;2019;4;La Estanzuela;GradosMenos7;365;13;0;1;0;13;352;3,5616
INIA;INIA;2019;4;La Estanzuela;GradosMenos8;365;22;0;0;0;22;343;6,0274
INIA;INIA;2019;4;La Estanzuela;GradosMenos9;365;30;0;2;0;30;335;8,2192
INIA;INIA;2019;4;La Estanzuela;HR100;365;0;0;213;0;0;365;0,0
INIA;INIA;2019;4;La Estanzuela;HR90y99;365;0;0;73;0;0;365;0,0
INIA;INIA;2019;4;La Estanzuela;HRMax;365;0;0;0;0;0;365;0,0
INIA;INIA;2019;4;La Estanzuela;HRMed;365;0;0;0;0;0;365;0,0
INIA;INIA;2019;4;La Estanzuela;HRMin;365;0;0;0;0;0;365;0,0
INIA;INIA;2019;4;La Estanzuela;HeladaAgromet;365;0;0;341;0;0;365;0,0
INIA;INIA;2019;4;La Estanzuela;HeladaMeteo;365;0;0;363;0;0;365;0,0
INIA;INIA;2019;4;La Estanzuela;Heliofania(hrs);365;0;0;34;0;0;365;0,0
INIA;INIA;2019;4;La Estanzuela;HeliofaniaRelativa;365;0;0;34;0;0;365;0,0
INIA;INIA;2019;4;La Estanzuela;Llovio;365;0;0;254;0;0;365;0,0
INIA;INIA;2019;4;La Estanzuela;Mes;365;0;0;0;0;0;365;0,0
INIA;INIA;2019;4;La Estanzuela;PrecipAcum;365;0;0;254;0;0;365;0,0
INIA;INIA;2019;4;La Estanzuela;PrecipEfectiva;365;0;0;254;0;0;365;0,0
INIA;INIA;2019;4;La Estanzuela;RadSolar;365;0;0;0;0;0;365;0,0
INIA;INIA;2019;4;La Estanzuela;RecorridoViento;365;1;0;0;0;1;364;0,274
INIA;INIA;2019;4;La Estanzuela;TMedia;365;0;0;0;0;0;365;0,0
INIA;INIA;2019;4;La Estanzuela;TMin15;365;0;0;105;0;0;365;0,0
INIA;INIA;2019;4;La Estanzuela;TMinSCesped;365;2;0;0;0;2;363;0,5479
INIA;INIA;2019;4;La Estanzuela;TempAireMax;365;0;0;0;0;0;365;0,0
INIA;INIA;2019;4;La Estanzuela;TempAireMedia;365;0;0;0;0;0;365;0,0
INIA;INIA;2019;4;La Estanzuela;TempAireMin;365;0;0;0;0;0;365;0,0
INIA;INIA;2019;4;La Estanzuela;TempMin7p2;365;0;0;299;0;0;365;0,0
INIA;INIA;2019;4;La Estanzuela;TempSC05cm(max);365;0;0;0;0;0;365;0,0
INIA;INIA;2019;4;La Estanzuela;TempSC05cm(med);365;0;0;0;0;0;365;0,0
INIA;INIA;2019;4;La Estanzuela;TempSC05cm(min);365;0;0;0;0;0;365;0,0
INIA;INIA;2019;4;La Estanzuela;TempSC10cm(max);365;0;0;0;0;0;365;0,0
INIA;INIA;2019;4;La Estanzuela;TempSC10cm(med);365;0;0;0;0;0;365;0,0
INIA;INIA;2019;4;La Estanzuela;TempSC10cm(min);365;0;0;0;0;0;365;0,0
INIA;INIA;2019;4;La Estanzuela;TempSD05cm(max);365;0;0;0;0;0;365;0,0
INIA;INIA;2019;4;La Estanzuela;TempSD05cm(med);365;0;0;0;0;0;365;0,0
INIA;INIA;2019;4;La Estanzuela;TempSD05cm(min);365;0;0;0;0;0;365;0,0
INIA;INIA;2019;4;La Estanzuela;TempSD10cm(max);365;0;0;0;0;0;365;0,0
INIA;INIA;2019;4;La Estanzuela;TempSD10cm(med);365;0;0;0;0;0;365;0,0
INIA;INIA;2019;4;La Estanzuela;TempSD10cm(min);365;0;0;0;0;0;365;0,0
INIA;INIA;2019;4;La Estanzuela;UnTermicasArroz;365;0;0;33;0;0;365;0,0
INIA;INIA;2019;4;La Estanzuela;UnidadFrio;365;0;0;4;0;0;365;0,0
INIA;INIA;2020;15;Salto Grande;AmplitudTermica;366;0;0;0;0;0;366;0,0
INIA;INIA;2020;15;Salto Grande;Anio;366;0;0;0;0;0;366;0,0
INIA;INIA;2020;15;Salto Grande;Dia;366;0;0;0;0;0;366;0,0
INIA;INIA;2020;15;Salto Grande;EstacionAgr;366;0;0;0;0;0;366;0,0
INIA;INIA;2020;15;Salto Grande;EvapPiche;366;0;0;0;0;0;366;0,0
INIA;INIA;2020;15;Salto Grande;EvapTanque;366;0;0;0;0;0;366;0,0
INIA;INIA;2020;15;Salto Grande;EvapotranspPenman;366;0;0;0;0;0;366;0,0
INIA;INIA;2020;15;Salto Grande;GradosMenos10;366;28;0;1;0;28;338;7,6503
INIA;INIA;2020;15;Salto Grande;GradosMenos10p5;366;32;0;1;0;32;334;8,7432
INIA;INIA;2020;15;Salto Grande;GradosMenos12p8;366;66;0;2;0;66;300;18,0328
INIA;INIA;2020;15;Salto Grande;GradosMenos4p5;366;0;0;0;0;0;366;0,0
INIA;INIA;2020;15;Salto Grande;GradosMenos6;366;1;0;0;0;1;365;0,2732
INIA;INIA;2020;15;Salto Grande;GradosMenos7;366;3;0;1;0;3;363;0,8197
INIA;INIA;2020;15;Salto Grande;GradosMenos8;366;9;0;1;0;9;357;2,459
INIA;INIA;2020;15;Salto Grande;GradosMenos9;366;19;0;1;0;19;347;5,1913
INIA;INIA;2020;15;Salto Grande;HR100;366;0;0;345;0;0;366;0,0
INIA;INIA;2020;15;Salto Grande;HR90y99;366;0;0;120;0;0;366;0,0
INIA;INIA;2020;15;Salto Grande;HRMax;366;0;0;0;0;0;366;0,0
INIA;INIA;2020;15;Salto Grande;HRMed;366;0;0;0;0;0;366;0,0
INIA;INIA;2020;15;Salto Grande;HRMin;366;0;0;0;0;0;366;0,0
INIA;INIA;2020;15;Salto Grande;HeladaAgromet;366;0;0;320;0;0;366;0,0
INIA;INIA;2020;15;Salto Grande;HeladaMeteo;366;0;0;360;0;0;366;0,0
INIA;INIA;2020;15;Salto Grande;Heliofania(hrs);366;0;0;28;0;0;366;0,0
INIA;INIA;2020;15;Salto Grande;HeliofaniaRelativa;366;0;0;28;0;0;366;0,0
INIA;INIA;2020;15;Salto Grande;Llovio;366;0;0;281;0;0;366;0,0
INIA;INIA;2020;15;Salto Grande;Mes;366;0;0;0;0;0;366;0,0
INIA;INIA;2020;15;Salto Grande;PrecipAcum;366;0;0;281;0;0;366;0,0
INIA;INIA;2020;15;Salto Grande;PrecipEfectiva;366;0;0;281;0;0;366;0,0
INIA;INIA;2020;15;Salto Grande;RadSolar;366;0;0;0;0;0;366;0,0
INIA;INIA;2020;15;Salto Grande;RecorridoViento;366;0;0;0;0;0;366;0,0
INIA;INIA;2020;15;Salto Grande;TMedia;366;0;0;0;0;0;366;0,0
INIA;INIA;2020;15;Salto Grande;TMin15;366;0;0;156;0;0;366;0,0
INIA;INIA;2020;15;Salto Grande;TMinSCesped;366;0;0;2;0;0;366;0,0
INIA;INIA;2020;15;Salto Grande;TempAireMax;366;0;0;0;0;0;366;0,0
INIA;INIA;2020;15;Salto Grande;TempAireMedia;366;0;0;0;0;0;366;0,0
INIA;INIA;2020;15;Salto Grande;TempAireMin;366;0;0;0;0;0;366;0,0
INIA;INIA;2020;15;Salto Grande;TempMin7p2;366;0;0;302;0;0;366;0,0
INIA;INIA;2020;15;Salto Grande;TempSC05cm(max);366;0;0;0;0;0;366;0,0
INIA;INIA;2020;15;Salto Grande;TempSC05cm(med);366;0;0;0;0;0;366;0,0
INIA;INIA;2020;15;Salto Grande;TempSC05cm(min);366;0;0;0;0;0;366;0,0
INIA;INIA;2020;15;Salto Grande;TempSC10cm(max);366;0;0;0;0;0;366;0,0
INIA;INIA;2020;15;Salto Grande;TempSC10cm(med);366;0;0;0;0;0;366;0,0
INIA;INIA;2020;15;Salto Grande;TempSC10cm(min);366;0;0;0;0;0;366;0,0
INIA;INIA;2020;15;Salto Grande;TempSD05cm(max);366;0;0;0;0;0;366;0,0
INIA;INIA;2020;15;Salto Grande;TempSD05cm(med);366;0;0;0;0;0;366;0,0
INIA;INIA;2020;15;Salto Grande;TempSD05cm(min);366;0;0;0;0;0;366;0,0
INIA;INIA;2020;15;Salto Grande;TempSD10cm(max);366;0;0;0;0;0;366;0,0
INIA;INIA;2020;15;Salto Grande;TempSD10cm(med);366;0;0;0;0;0;366;0,0
INIA;INIA;2020;15;Salto Grande;TempSD10cm(min);366;0;0;0;0;0;366;0,0
INIA;INIA;2020;15;Salto Grande;UnTermicasArroz;366;0;0;29;0;0;366;0,0
INIA;INIA;2020;15;Salto Grande;UnidadFrio;366;0;0;2;0;0;366;0,0
INIA;INIA;2020;18;Tacuarembó La Magnolia;AmplitudTermica;366;0;0;0;0;0;366;0,0
INIA;INIA;2020;18;Tacuarembó La Magnolia;Anio;366;0;0;0;0;0;366;0,0
INIA;INIA;2020;18;Tacuarembó La Magnolia;Dia;366;0;0;0;0;0;366;0,0
INIA;INIA;2020;18;Tacuarembó La Magnolia;EstacionAgr;366;0;0;0;0;0;366;0,0
INIA;INIA;2020;18;Tacuarembó La Magnolia;EvapPiche;366;0;0;1;0;0;366;0,0
INIA;INIA;2020;18;Tacuarembó La Magnolia;EvapTanque;366;0;0;0;0;0;366;0,0
INIA;INIA;2020;18;Tacuarembó La Magnolia;EvapotranspPenman;366;0;0;0;0;0;366;0,0
INIA;INIA;2020;18;Tacuarembó La Magnolia;GradosMenos10;366;35;0;2;0;35;331;9,5628
INIA;INIA;2020;18;Tacuarembó La Magnolia;GradosMenos10p5;366;38;0;1;0;38;328;10,3825
INIA;INIA;2020;18;Tacuarembó La Magnolia;GradosMenos12p8;366;65;0;2;0;65;301;17,7596
INIA;INIA;2020;18;Tacuarembó La Magnolia;GradosMenos4p5;366;0;0;0;0;0;366;0,0
INIA;INIA;2020;18;Tacuarembó La Magnolia;GradosMenos6;366;1;0;2;0;1;365;0,2732
INIA;INIA;2020;18;Tacuarembó La Magnolia;GradosMenos7;366;8;0;1;0;8;358;2,1858
INIA;INIA;2020;18;Tacuarembó La Magnolia;GradosMenos8;366;12;0;1;0;12;354;3,2787
INIA;INIA;2020;18;Tacuarembó La Magnolia;GradosMenos9;366;26;0;1;0;26;340;7,1038
INIA;INIA;2020;18;Tacuarembó La Magnolia;HR100;366;0;0;332;0;0;366;0,0
INIA;INIA;2020;18;Tacuarembó La Magnolia;HR90y99;366;0;0;42;0;0;366;0,0
INIA;INIA;2020;18;Tacuarembó La Magnolia;HRMax;366;0;0;0;0;0;366;0,0
INIA;INIA;2020;18;Tacuarembó La Magnolia;HRMed;366;0;0;0;0;0;366;0,0
INIA;INIA;2020;18;Tacuarembó La Magnolia;HRMin;366;0;0;0;0;0;366;0,0
INIA;INIA;2020;18;Tacuarembó La Magnolia;HeladaAgromet;366;0;0;320;0;0;366;0,0
INIA;INIA;2020;18;Tacuarembó La Magnolia;HeladaMeteo;366;0;0;364;0;0;366;0,0
INIA;INIA;2020;18;Tacuarembó La Magnolia;Heliofania(hrs);366;0;0;29;0;0;366;0,0
INIA;INIA;2020;18;Tacuarembó La Magnolia;HeliofaniaRelativa;366;0;0;29;0;0;366;0,0
INIA;INIA;2020;18;Tacuarembó La Magnolia;Llovio;366;0;0;297;0;0;366;0,0
INIA;INIA;2020;18;Tacuarembó La Magnolia;Mes;366;0;0;0;0;0;366;0,0
INIA;INIA;2020;18;Tacuarembó La Magnolia;PrecipAcum;366;0;0;297;0;0;366;0,0
INIA;INIA;2020;18;Tacuarembó La Magnolia;PrecipEfectiva;366;0;0;297;0;0;366;0,0
INIA;INIA;2020;18;Tacuarembó La Magnolia;RadSolar;366;0;0;0;0;0;366;0,0
INIA;INIA;2020;18;Tacuarembó La Magnolia;RecorridoViento;366;0;0;0;0;0;366;0,0
INIA;INIA;2020;18;Tacuarembó La Magnolia;TMedia;366;0;0;0;0;0;366;0,0
INIA;INIA;2020;18;Tacuarembó La Magnolia;TMin15;366;0;0;139;0;0;366;0,0
INIA;INIA;2020;18;Tacuarembó La Magnolia;TMinSCesped;366;3;0;1;0;3;363;0,8197
INIA;INIA;2020;18;Tacuarembó La Magnolia;TempAireMax;366;0;0;0;0;0;366;0,0
INIA;INIA;2020;18;Tacuarembó La Magnolia;TempAireMedia;366;0;0;0;0;0;366;0,0
INIA;INIA;2020;18;Tacuarembó La Magnolia;TempAireMin;366;0;0;0;0;0;366;0,0
INIA;INIA;2020;18;Tacuarembó La Magnolia;TempMin7p2;366;0;0;298;0;0;366;0,0
INIA;INIA;2020;18;Tacuarembó La Magnolia;TempSC05cm(max);366;136;0;0;0;136;230;37,1585
INIA;INIA;2020;18;Tacuarembó La Magnolia;TempSC05cm(med);366;137;0;0;0;137;229;37,4317
INIA;INIA;2020;18;Tacuarembó La Magnolia;TempSC05cm(min);366;137;0;0;0;137;229;37,4317
INIA;INIA;2020;18;Tacuarembó La Magnolia;TempSC10cm(max);366;136;0;0;0;136;230;37,1585
INIA;INIA;2020;18;Tacuarembó La Magnolia;TempSC10cm(med);366;137;0;0;0;137;229;37,4317
INIA;INIA;2020;18;Tacuarembó La Magnolia;TempSC10cm(min);366;137;0;0;0;137;229;37,4317
INIA;INIA;2020;18;Tacuarembó La Magnolia;TempSD05cm(max);366;136;0;0;0;136;230;37,1585
INIA;INIA;2020;18;Tacuarembó La Magnolia;TempSD05cm(med);366;137;0;0;0;137;229;37,4317
INIA;INIA;2020;18;Tacuarembó La Magnolia;TempSD05cm(min);366;137;0;0;0;137;229;37,4317
INIA;INIA;2020;18;Tacuarembó La Magnolia;TempSD10cm(max);366;136;0;0;0;136;230;37,1585
INIA;INIA;2020;18;Tacuarembó La Magnolia;TempSD10cm(med);366;137;0;0;0;137;229;37,4317
INIA;INIA;2020;18;Tacuarembó La Magnolia;TempSD10cm(min);366;137;0;0;0;137;229;37,4317
INIA;INIA;2020;18;Tacuarembó La Magnolia;UnTermicasArroz;366;0;0;33;0;0;366;0,0
INIA;INIA;2020;18;Tacuarembó La Magnolia;UnidadFrio;366;0;0;8;0;0;366;0,0
INIA;INIA;2020;18;Tacuaremnó Glencore;AmplitudTermica;166;0;0;0;0;0;166;0,0
INIA;INIA;2020;18;Tacuaremnó Glencore;Anio;166;0;0;0;0;0;166;0,0
INIA;INIA;2020;18;Tacuaremnó Glencore;Dia;166;0;0;0;0;0;166;0,0
INIA;INIA;2020;18;Tacuaremnó Glencore;EstacionAgr;166;0;0;0;0;0;166;0,0
INIA;INIA;2020;18;Tacuaremnó Glencore;EvapPiche;166;166;0;0;0;166;0;100,0
INIA;INIA;2020;18;Tacuaremnó Glencore;EvapTanque;166;166;0;0;0;166;0;100,0
INIA;INIA;2020;18;Tacuaremnó Glencore;EvapotranspPenman;166;0;0;0;0;0;166;0,0
INIA;INIA;2020;18;Tacuaremnó Glencore;GradosMenos10;166;19;0;0;0;19;147;11,4458
INIA;INIA;2020;18;Tacuaremnó Glencore;GradosMenos10p5;166;22;0;1;0;22;144;13,253
INIA;INIA;2020;18;Tacuaremnó Glencore;GradosMenos12p8;166;37;0;0;0;37;129;22,2892
INIA;INIA;2020;18;Tacuaremnó Glencore;GradosMenos4p5;166;2;0;0;0;2;164;1,2048
INIA;INIA;2020;18;Tacuaremnó Glencore;GradosMenos6;166;4;0;1;0;4;162;2,4096
INIA;INIA;2020;18;Tacuaremnó Glencore;GradosMenos7;166;6;0;0;0;6;160;3,6145
INIA;INIA;2020;18;Tacuaremnó Glencore;GradosMenos8;166;11;0;0;0;11;155;6,6265
INIA;INIA;2020;18;Tacuaremnó Glencore;GradosMenos9;166;16;0;0;0;16;150;9,6386
INIA;INIA;2020;18;Tacuaremnó Glencore;HR100;166;0;0;165;0;0;166;0,0
INIA;INIA;2020;18;Tacuaremnó Glencore;HR90y99;166;0;0;44;0;0;166;0,0
INIA;INIA;2020;18;Tacuaremnó Glencore;HRMax;166;0;0;0;0;0;166;0,0
INIA;INIA;2020;18;Tacuaremnó Glencore;HRMed;166;0;0;0;0;0;166;0,0
INIA;INIA;2020;18;Tacuaremnó Glencore;HRMin;166;0;0;0;0;0;166;0,0
INIA;INIA;2020;18;Tacuaremnó Glencore;HeladaAgromet;166;0;0;141;0;0;166;0,0
INIA;INIA;2020;18;Tacuaremnó Glencore;HeladaMeteo;166;0;0;157;0;0;166;0,0
INIA;INIA;2020;18;Tacuaremnó Glencore;Heliofania(hrs);166;0;0;15;0;0;166;0,0
INIA;INIA;2020;18;Tacuaremnó Glencore;HeliofaniaRelativa;166;0;0;15;0;0;166;0,0
INIA;INIA;2020;18;Tacuaremnó Glencore;Llovio;166;0;0;125;0;0;166;0,0
INIA;INIA;2020;18;Tacuaremnó Glencore;Mes;166;0;0;0;0;0;166;0,0
INIA;INIA;2020;18;Tacuaremnó Glencore;PrecipAcum;166;0;0;125;0;0;166;0,0
INIA;INIA;2020;18;Tacuaremnó Glencore;PrecipEfectiva;166;0;0;125;0;0;166;0,0
INIA;INIA;2020;18;Tacuaremnó Glencore;RadSolar;166;0;0;0;0;0;166;0,0
INIA;INIA;2020;18;Tacuaremnó Glencore;RecorridoViento;166;166;0;0;0;166;0;100,0
INIA;INIA;2020;18;Tacuaremnó Glencore;TMedia;166;0;0;0;0;0;166;0,0
INIA;INIA;2020;18;Tacuaremnó Glencore;TMin15;166;0;0;47;0;0;166;0,0
INIA;INIA;2020;18;Tacuaremnó Glencore;TMinSCesped;166;0;0;0;0;0;166;0,0
INIA;INIA;2020;18;Tacuaremnó Glencore;TempAireMax;166;4;0;0;0;4;162;2,4096
INIA;INIA;2020;18;Tacuaremnó Glencore;TempAireMedia;166;0;0;0;0;0;166;0,0
INIA;INIA;2020;18;Tacuaremnó Glencore;TempAireMin;166;4;0;0;0;4;162;2,4096
INIA;INIA;2020;18;Tacuaremnó Glencore;TempMin7p2;166;0;0;1;0;0;166;0,0
INIA;INIA;2020;18;Tacuaremnó Glencore;TempSC05cm(max);166;166;0;0;0;166;0;100,0
INIA;INIA;2020;18;Tacuaremnó Glencore;TempSC05cm(med);166;166;0;0;0;166;0;100,0
INIA;INIA;2020;18;Tacuaremnó Glencore;TempSC05cm(min);166;166;0;0;0;166;0;100,0
INIA;INIA;2020;18;Tacuaremnó Glencore;TempSC10cm(max);166;166;0;0;0;166;0;100,0
INIA;INIA;2020;18;Tacuaremnó Glencore;TempSC10cm(med);166;166;0;0;0;166;0;100,0
INIA;INIA;2020;18;Tacuaremnó Glencore;TempSC10cm(min);166;166;0;0;0;166;0;100,0
INIA;INIA;2020;18;Tacuaremnó Glencore;TempSD05cm(max);166;166;0;0;0;166;0;100,0
INIA;INIA;2020;18;Tacuaremnó Glencore;TempSD05cm(med);166;166;0;0;0;166;0;100,0
INIA;INIA;2020;18;Tacuaremnó Glencore;TempSD05cm(min);166;166;0;0;0;166;0;100,0
INIA;INIA;2020;18;Tacuaremnó Glencore;TempSD10cm(max);166;166;0;0;0;166;0;100,0
INIA;INIA;2020;18;Tacuaremnó Glencore;TempSD10cm(med);166;166;0;0;0;166;0;100,0
INIA;INIA;2020;18;Tacuaremnó Glencore;TempSD10cm(min);166;166;0;0;0;166;0;100,0
INIA;INIA;2020;18;Tacuaremnó Glencore;UnTermicasArroz;166;4;0;22;0;4;162;2,4096
INIA;INIA;2020;18;Tacuaremnó Glencore;UnidadFrio;166;0;0;117;0;0;166;0,0
INIA;INIA;2020;19;Treinta y Tres Paso de la Laguna;AmplitudTermica;366;0;0;0;0;0;366;0,0
INIA;INIA;2020;19;Treinta y Tres Paso de la Laguna;Anio;366;0;0;0;0;0;366;0,0
INIA;INIA;2020;19;Treinta y Tres Paso de la Laguna;Dia;366;0;0;0;0;0;366;0,0
INIA;INIA;2020;19;Treinta y Tres Paso de la Laguna;EstacionAgr;366;0;0;0;0;0;366;0,0
INIA;INIA;2020;19;Treinta y Tres Paso de la Laguna;EvapPiche;366;0;0;1;0;0;366;0,0
INIA;INIA;2020;19;Treinta y Tres Paso de la Laguna;EvapTanque;366;0;0;3;0;0;366;0,0
INIA;INIA;2020;19;Treinta y Tres Paso de la Laguna;EvapotranspPenman;366;0;0;0;0;0;366;0,0
INIA;INIA;2020;19;Treinta y Tres Paso de la Laguna;GradosMenos10;366;48;0;0;0;48;318;13,1148
INIA;INIA;2020;19;Treinta y Tres Paso de la Laguna;GradosMenos10p5;366;52;0;1;0;52;314;14,2077
INIA;INIA;2020;19;Treinta y Tres Paso de la Laguna;GradosMenos12p8;366;86;0;0;0;86;280;23,4973
INIA;INIA;2020;19;Treinta y Tres Paso de la Laguna;GradosMenos4p5;366;0;0;0;0;0;366;0,0
INIA;INIA;2020;19;Treinta y Tres Paso de la Laguna;GradosMenos6;366;5;0;2;0;5;361;1,3661
INIA;INIA;2020;19;Treinta y Tres Paso de la Laguna;GradosMenos7;366;10;0;0;0;10;356;2,7322
INIA;INIA;2020;19;Treinta y Tres Paso de la Laguna;GradosMenos8;366;14;0;3;0;14;352;3,8251
INIA;INIA;2020;19;Treinta y Tres Paso de la Laguna;GradosMenos9;366;31;0;1;0;31;335;8,4699
INIA;INIA;2020;19;Treinta y Tres Paso de la Laguna;HR100;366;0;0;287;0;0;366;0,0
INIA;INIA;2020;19;Treinta y Tres Paso de la Laguna;HR90y99;366;0;0;5;0;0;366;0,0
INIA;INIA;2020;19;Treinta y Tres Paso de la Laguna;HRMax;366;0;0;0;0;0;366;0,0
INIA;INIA;2020;19;Treinta y Tres Paso de la Laguna;HRMed;366;0;0;0;0;0;366;0,0
INIA;INIA;2020;19;Treinta y Tres Paso de la Laguna;HRMin;366;0;0;0;0;0;366;0,0
INIA;INIA;2020;19;Treinta y Tres Paso de la Laguna;HeladaAgromet;366;0;0;328;0;0;366;0,0
INIA;INIA;2020;19;Treinta y Tres Paso de la Laguna;HeladaMeteo;366;0;0;355;0;0;366;0,0
INIA;INIA;2020;19;Treinta y Tres Paso de la Laguna;Heliofania(hrs);366;0;0;31;0;0;366;0,0
INIA;INIA;2020;19;Treinta y Tres Paso de la Laguna;HeliofaniaRelativa;366;0;0;31;0;0;366;0,0
INIA;INIA;2020;19;Treinta y Tres Paso de la Laguna;Llovio;366;0;0;264;0;0;366;0,0
INIA;INIA;2020;19;Treinta y Tres Paso de la Laguna;Mes;366;0;0;0;0;0;366;0,0
INIA;INIA;2020;19;Treinta y Tres Paso de la Laguna;PrecipAcum;366;0;0;264;0;0;366;0,0
INIA;INIA;2020;19;Treinta y Tres Paso de la Laguna;PrecipEfectiva;366;0;0;264;0;0;366;0,0
INIA;INIA;2020;19;Treinta y Tres Paso de la Laguna;RadSolar;366;0;0;0;0;0;366;0,0
INIA;INIA;2020;19;Treinta y Tres Paso de la Laguna;RecorridoViento;366;1;0;0;0;1;365;0,2732
INIA;INIA;2020;19;Treinta y Tres Paso de la Laguna;TMedia;366;0;0;0;0;0;366;0,0
INIA;INIA;2020;19;Treinta y Tres Paso de la Laguna;TMin15;366;0;0;99;0;0;366;0,0
INIA;INIA;2020;19;Treinta y Tres Paso de la Laguna;TMinSCesped;366;1;0;1;0;1;365;0,2732
INIA;INIA;2020;19;Treinta y Tres Paso de la Laguna;TempAireMax;366;2;0;0;0;2;364;0,5464
INIA;INIA;2020;19;Treinta y Tres Paso de la Laguna;TempAireMedia;366;0;0;0;0;0;366;0,0
INIA;INIA;2020;19;Treinta y Tres Paso de la Laguna;TempAireMin;366;0;0;1;0;0;366;0,0
INIA;INIA;2020;19;Treinta y Tres Paso de la Laguna;TempMin7p2;366;0;0;271;0;0;366;0,0
INIA;INIA;2020;19;Treinta y Tres Paso de la Laguna;TempSC05cm(max);366;0;0;0;0;0;366;0,0
INIA;INIA;2020;19;Treinta y Tres Paso de la Laguna;TempSC05cm(med);366;0;0;0;0;0;366;0,0
INIA;INIA;2020;19;Treinta y Tres Paso de la Laguna;TempSC05cm(min);366;0;0;0;0;0;366;0,0
INIA;INIA;2020;19;Treinta y Tres Paso de la Laguna;TempSC10cm(max);366;0;0;0;0;0;366;0,0
INIA;INIA;2020;19;Treinta y Tres Paso de la Laguna;TempSC10cm(med);366;0;0;0;0;0;366;0,0
INIA;INIA;2020;19;Treinta y Tres Paso de la Laguna;TempSC10cm(min);366;0;0;0;0;0;366;0,0
INIA;INIA;2020;19;Treinta y Tres Paso de la Laguna;TempSD05cm(max);366;0;0;0;0;0;366;0,0
INIA;INIA;2020;19;Treinta y Tres Paso de la Laguna;TempSD05cm(med);366;0;0;0;0;0;366;0,0
INIA;INIA;2020;19;Treinta y Tres Paso de la Laguna;TempSD05cm(min);366;0;0;0;0;0;366;0,0
INIA;INIA;2020;19;Treinta y Tres Paso de la Laguna;TempSD10cm(max);366;0;0;0;0;0;366;0,0
INIA;INIA;2020;19;Treinta y Tres Paso de la Laguna;TempSD10cm(med);366;0;0;0;0;0;366;0,0
INIA;INIA;2020;19;Treinta y Tres Paso de la Laguna;TempSD10cm(min);366;0;0;0;0;0;366;0,0
INIA;INIA;2020;19;Treinta y Tres Paso de la Laguna;UnTermicasArroz;366;2;0;44;0;2;364;0,5464
INIA;INIA;2020;19;Treinta y Tres Paso de la Laguna;UnidadFrio;366;0;0;5;0;0;366;0,0
INIA;INIA;2020;2;Las Brujas;AmplitudTermica;366;0;0;0;0;0;366;0,0
INIA;INIA;2020;2;Las Brujas;Anio;366;0;0;0;0;0;366;0,0
INIA;INIA;2020;2;Las Brujas;Dia;366;0;0;0;0;0;366;0,0
INIA;INIA;2020;2;Las Brujas;EstacionAgr;366;0;0;0;0;0;366;0,0
INIA;INIA;2020;2;Las Brujas;EvapPiche;366;0;0;0;0;0;366;0,0
INIA;INIA;2020;2;Las Brujas;EvapTanque;366;0;0;1;0;0;366;0,0
INIA;INIA;2020;2;Las Brujas;EvapotranspPenman;366;0;0;0;0;0;366;0,0
INIA;INIA;2020;2;Las Brujas;GradosMenos10;366;53;0;0;0;53;313;14,4809
INIA;INIA;2020;2;Las Brujas;GradosMenos10p5;366;62;0;2;0;62;304;16,9399
INIA;INIA;2020;2;Las Brujas;GradosMenos12p8;366;101;0;0;0;101;265;27,5956
INIA;INIA;2020;2;Las Brujas;GradosMenos4p5;366;0;0;0;0;0;366;0,0
INIA;INIA;2020;2;Las Brujas;GradosMenos6;366;2;0;0;0;2;364;0,5464
INIA;INIA;2020;2;Las Brujas;GradosMenos7;366;11;0;0;0;11;355;3,0055
INIA;INIA;2020;2;Las Brujas;GradosMenos8;366;25;0;0;0;25;341;6,8306
INIA;INIA;2020;2;Las Brujas;GradosMenos9;366;38;0;1;0;38;328;10,3825
INIA;INIA;2020;2;Las Brujas;HR100;366;0;0;366;0;0;366;0,0
INIA;INIA;2020;2;Las Brujas;HR90y99;366;0;0;137;0;0;366;0,0
INIA;INIA;2020;2;Las Brujas;HRMax;366;0;0;0;0;0;366;0,0
INIA;INIA;2020;2;Las Brujas;HRMed;366;0;0;0;0;0;366;0,0
INIA;INIA;2020;2;Las Brujas;HRMin;366;0;0;0;0;0;366;0,0
INIA;INIA;2020;2;Las Brujas;HeladaAgromet;366;0;0;318;0;0;366;0,0
INIA;INIA;2020;2;Las Brujas;HeladaMeteo;366;0;0;361;0;0;366;0,0
INIA;INIA;2020;2;Las Brujas;Heliofania(hrs);366;0;0;24;0;0;366;0,0
INIA;INIA;2020;2;Las Brujas;HeliofaniaRelativa;366;0;0;24;0;0;366;0,0
INIA;INIA;2020;2;Las Brujas;Llovio;366;0;0;273;0;0;366;0,0
INIA;INIA;2020;2;Las Brujas;Mes;366;0;0;0;0;0;366;0,0
INIA;INIA;2020;2;Las Brujas;PrecipAcum;366;0;0;273;0;0;366;0,0
INIA;INIA;2020;2;Las Brujas;PrecipEfectiva;366;0;0;273;0;0;366;0,0
INIA;INIA;2020;2;Las Brujas;RadSolar;366;0;0;0;0;0;366;0,0
INIA;INIA;2020;2;Las Brujas;RecorridoViento;366;0;0;6;0;0;366;0,0
INIA;INIA;2020;2;Las Brujas;TMedia;366;0;0;0;0;0;366;0,0
INIA;INIA;2020;2;Las Brujas;TMin15;366;0;0;86;0;0;366;0,0
INIA;INIA;2020;2;Las Brujas;TMinSCesped;366;0;0;1;0;0;366;0,0
INIA;INIA;2020;2;Las Brujas;TempAireMax;366;0;0;0;0;0;366;0,0
INIA;INIA;2020;2;Las Brujas;TempAireMedia;366;0;0;0;0;0;366;0,0
INIA;INIA;2020;2;Las Brujas;TempAireMin;366;0;0;0;0;0;366;0,0
INIA;INIA;2020;2;Las Brujas;TempMin7p2;366;0;0;281;0;0;366;0,0
INIA;INIA;2020;2;Las Brujas;TempSC05cm(max);366;366;0;0;0;366;0;100,0
INIA;INIA;2020;2;Las Brujas;TempSC05cm(med);366;366;0;0;0;366;0;100,0
INIA;INIA;2020;2;Las Brujas;TempSC05cm(min);366;366;0;0;0;366;0;100,0
INIA;INIA;2020;2;Las Brujas;TempSC10cm(max);366;366;0;0;0;366;0;100,0
INIA;INIA;2020;2;Las Brujas;TempSC10cm(med);366;366;0;0;0;366;0;100,0
INIA;INIA;2020;2;Las Brujas;TempSC10cm(min);366;366;0;0;0;366;0;100,0
INIA;INIA;2020;2;Las Brujas;TempSD05cm(max);366;366;0;0;0;366;0;100,0
INIA;INIA;2020;2;Las Brujas;TempSD05cm(med);366;366;0;0;0;366;0;100,0
INIA;INIA;2020;2;Las Brujas;TempSD05cm(min);366;366;0;0;0;366;0;100,0
INIA;INIA;2020;2;Las Brujas;TempSD10cm(max);366;366;0;0;0;366;0;100,0
INIA;INIA;2020;2;Las Brujas;TempSD10cm(med);366;366;0;0;0;366;0;100,0
INIA;INIA;2020;2;Las Brujas;TempSD10cm(min);366;366;0;0;0;366;0;100,0
INIA;INIA;2020;2;Las Brujas;UnTermicasArroz;366;0;0;51;0;0;366;0,0
INIA;INIA;2020;2;Las Brujas;UnidadFrio;366;0;0;3;0;0;366;0,0
INIA;INIA;2020;4;La Estanzuela;AmplitudTermica;366;0;0;0;0;0;366;0,0
INIA;INIA;2020;4;La Estanzuela;Anio;366;0;0;0;0;0;366;0,0
INIA;INIA;2020;4;La Estanzuela;Dia;366;0;0;0;0;0;366;0,0
INIA;INIA;2020;4;La Estanzuela;EstacionAgr;366;0;0;0;0;0;366;0,0
INIA;INIA;2020;4;La Estanzuela;EvapPiche;366;10;0;1;0;10;356;2,7322
INIA;INIA;2020;4;La Estanzuela;EvapTanque;366;0;0;0;0;0;366;0,0
INIA;INIA;2020;4;La Estanzuela;EvapotranspPenman;366;0;0;0;0;0;366;0,0
INIA;INIA;2020;4;La Estanzuela;GradosMenos10;366;54;0;1;0;54;312;14,7541
INIA;INIA;2020;4;La Estanzuela;GradosMenos10p5;366;58;0;2;0;58;308;15,847
INIA;INIA;2020;4;La Estanzuela;GradosMenos12p8;366;101;0;1;0;101;265;27,5956
INIA;INIA;2020;4;La Estanzuela;GradosMenos4p5;366;0;0;0;0;0;366;0,0
INIA;INIA;2020;4;La Estanzuela;GradosMenos6;366;4;0;1;0;4;362;1,0929
INIA;INIA;2020;4;La Estanzuela;GradosMenos7;366;6;0;1;0;6;360;1,6393
INIA;INIA;2020;4;La Estanzuela;GradosMenos8;366;22;0;3;0;22;344;6,0109
INIA;INIA;2020;4;La Estanzuela;GradosMenos9;366;37;0;1;0;37;329;10,1093
INIA;INIA;2020;4;La Estanzuela;HR100;366;0;0;278;0;0;366;0,0
INIA;INIA;2020;4;La Estanzuela;HR90y99;366;0;0;92;0;0;366;0,0
INIA;INIA;2020;4;La Estanzuela;HRMax;366;0;0;0;0;0;366;0,0
INIA;INIA;2020;4;La Estanzuela;HRMed;366;0;0;0;0;0;366;0,0
INIA;INIA;2020;4;La Estanzuela;HRMin;366;0;0;0;0;0;366;0,0
INIA;INIA;2020;4;La Estanzuela;HeladaAgromet;366;0;0;327;0;0;366;0,0
INIA;INIA;2020;4;La Estanzuela;HeladaMeteo;366;0;0;364;0;0;366;0,0
INIA;INIA;2020;4;La Estanzuela;Heliofania(hrs);366;0;0;27;0;0;366;0,0
INIA;INIA;2020;4;La Estanzuela;HeliofaniaRelativa;366;0;0;27;0;0;366;0,0
INIA;INIA;2020;4;La Estanzuela;Llovio;366;0;0;287;0;0;366;0,0
INIA;INIA;2020;4;La Estanzuela;Mes;366;0;0;0;0;0;366;0,0
INIA;INIA;2020;4;La Estanzuela;PrecipAcum;366;0;0;287;0;0;366;0,0
INIA;INIA;2020;4;La Estanzuela;PrecipEfectiva;366;0;0;287;0;0;366;0,0
INIA;INIA;2020;4;La Estanzuela;RadSolar;366;0;0;0;0;0;366;0,0
INIA;INIA;2020;4;La Estanzuela;RecorridoViento;366;0;0;0;0;0;366;0,0
INIA;INIA;2020;4;La Estanzuela;TMedia;366;0;0;0;0;0;366;0,0
INIA;INIA;2020;4;La Estanzuela;TMin15;366;0;0;115;0;0;366;0,0
INIA;INIA;2020;4;La Estanzuela;TMinSCesped;366;0;0;1;0;0;366;0,0
INIA;INIA;2020;4;La Estanzuela;TempAireMax;366;0;0;0;0;0;366;0,0
INIA;INIA;2020;4;La Estanzuela;TempAireMedia;366;0;0;0;0;0;366;0,0
INIA;INIA;2020;4;La Estanzuela;TempAireMin;366;0;0;2;0;0;366;0,0
INIA;INIA;2020;4;La Estanzuela;TempMin7p2;366;0;0;284;0;0;366;0,0
INIA;INIA;2020;4;La Estanzuela;TempSC05cm(max);366;0;0;0;0;0;366;0,0
INIA;INIA;2020;4;La Estanzuela;TempSC05cm(med);366;0;0;0;0;0;366;0,0
INIA;INIA;2020;4;La Estanzuela;TempSC05cm(min);366;0;0;0;0;0;366;0,0
INIA;INIA;2020;4;La Estanzuela;TempSC10cm(max);366;0;0;0;0;0;366;0,0
INIA;INIA;2020;4;La Estanzuela;TempSC10cm(med);366;0;0;0;0;0;366;0,0
INIA;INIA;2020;4;La Estanzuela;TempSC10cm(min);366;0;0;0;0;0;366;0,0
INIA;INIA;2020;4;La Estanzuela;TempSD05cm(max);366;1;0;0;0;1;365;0,2732
INIA;INIA;2020;4;La Estanzuela;TempSD05cm(med);366;1;0;0;0;1;365;0,2732
INIA;INIA;2020;4;La Estanzuela;TempSD05cm(min);366;1;0;0;0;1;365;0,2732
INIA;INIA;2020;4;La Estanzuela;TempSD10cm(max);366;0;0;0;0;0;366;0,0
INIA;INIA;2020;4;La Estanzuela;TempSD10cm(med);366;0;0;0;0;0;366;0,0
INIA;INIA;2020;4;La Estanzuela;TempSD10cm(min);366;0;0;0;0;0;366;0,0
INIA;INIA;2020;4;La Estanzuela;UnTermicasArroz;366;0;0;42;0;0;366;0,0
INIA;INIA;2020;4;La Estanzuela;UnidadFrio;366;0;0;2;0;0;366;0,0
INIA;INIA;2021;15;Salto Grande;AmplitudTermica;365;0;0;0;0;0;365;0,0
INIA;INIA;2021;15;Salto Grande;Anio;365;0;0;0;0;0;365;0,0
INIA;INIA;2021;15;Salto Grande;Dia;365;0;0;0;0;0;365;0,0
INIA;INIA;2021;15;Salto Grande;EstacionAgr;365;0;0;0;0;0;365;0,0
INIA;INIA;2021;15;Salto Grande;EvapPiche;365;0;0;0;0;0;365;0,0
INIA;INIA;2021;15;Salto Grande;EvapTanque;365;0;0;1;0;0;365;0,0
INIA;INIA;2021;15;Salto Grande;EvapotranspPenman;365;0;0;0;0;0;365;0,0
INIA;INIA;2021;15;Salto Grande;GradosMenos10;365;19;0;1;0;19;346;5,2055
INIA;INIA;2021;15;Salto Grande;GradosMenos10p5;365;25;0;1;0;25;340;6,8493
INIA;INIA;2021;15;Salto Grande;GradosMenos12p8;365;44;0;4;0;44;321;12,0548
INIA;INIA;2021;15;Salto Grande;GradosMenos4p5;365;0;0;0;0;0;365;0,0
INIA;INIA;2021;15;Salto Grande;GradosMenos6;365;0;0;0;0;0;365;0,0
INIA;INIA;2021;15;Salto Grande;GradosMenos7;365;2;0;0;0;2;363;0,5479
INIA;INIA;2021;15;Salto Grande;GradosMenos8;365;6;0;0;0;6;359;1,6438
INIA;INIA;2021;15;Salto Grande;GradosMenos9;365;11;0;1;0;11;354;3,0137
INIA;INIA;2021;15;Salto Grande;HR100;365;0;0;338;0;0;365;0,0
INIA;INIA;2021;15;Salto Grande;HR90y99;365;0;0;101;0;0;365;0,0
INIA;INIA;2021;15;Salto Grande;HRMax;365;0;0;0;0;0;365;0,0
INIA;INIA;2021;15;Salto Grande;HRMed;365;0;0;0;0;0;365;0,0
INIA;INIA;2021;15;Salto Grande;HRMin;365;0;0;0;0;0;365;0,0
INIA;INIA;2021;15;Salto Grande;HeladaAgromet;365;0;0;327;0;0;365;0,0
INIA;INIA;2021;15;Salto Grande;HeladaMeteo;365;0;0;365;0;0;365;0,0
INIA;INIA;2021;15;Salto Grande;Heliofania(hrs);365;0;0;21;0;0;365;0,0
INIA;INIA;2021;15;Salto Grande;HeliofaniaRelativa;365;0;0;21;0;0;365;0,0
INIA;INIA;2021;15;Salto Grande;Llovio;365;0;0;288;0;0;365;0,0
INIA;INIA;2021;15;Salto Grande;Mes;365;0;0;0;0;0;365;0,0
INIA;INIA;2021;15;Salto Grande;PrecipAcum;365;0;0;288;0;0;365;0,0
INIA;INIA;2021;15;Salto Grande;PrecipEfectiva;365;0;0;288;0;0;365;0,0
INIA;INIA;2021;15;Salto Grande;RadSolar;365;0;0;0;0;0;365;0,0
INIA;INIA;2021;15;Salto Grande;RecorridoViento;365;0;0;0;0;0;365;0,0
INIA;INIA;2021;15;Salto Grande;TMedia;365;0;0;0;0;0;365;0,0
INIA;INIA;2021;15;Salto Grande;TMin15;365;0;0;182;0;0;365;0,0
INIA;INIA;2021;15;Salto Grande;TMinSCesped;365;0;0;1;0;0;365;0,0
INIA;INIA;2021;15;Salto Grande;TempAireMax;365;0;0;0;0;0;365;0,0
INIA;INIA;2021;15;Salto Grande;TempAireMedia;365;0;0;0;0;0;365;0,0
INIA;INIA;2021;15;Salto Grande;TempAireMin;365;0;0;0;0;0;365;0,0
INIA;INIA;2021;15;Salto Grande;TempMin7p2;365;0;0;311;0;0;365;0,0
INIA;INIA;2021;15;Salto Grande;TempSC05cm(max);365;41;0;0;0;41;324;11,2329
INIA;INIA;2021;15;Salto Grande;TempSC05cm(med);365;42;0;0;0;42;323;11,5068
INIA;INIA;2021;15;Salto Grande;TempSC05cm(min);365;42;0;0;0;42;323;11,5068
INIA;INIA;2021;15;Salto Grande;TempSC10cm(max);365;0;0;0;0;0;365;0,0
INIA;INIA;2021;15;Salto Grande;TempSC10cm(med);365;0;0;0;0;0;365;0,0
INIA;INIA;2021;15;Salto Grande;TempSC10cm(min);365;0;0;0;0;0;365;0,0
INIA;INIA;2021;15;Salto Grande;TempSD05cm(max);365;0;0;0;0;0;365;0,0
INIA;INIA;2021;15;Salto Grande;TempSD05cm(med);365;0;0;0;0;0;365;0,0
INIA;INIA;2021;15;Salto Grande;TempSD05cm(min);365;0;0;0;0;0;365;0,0
INIA;INIA;2021;15;Salto Grande;TempSD10cm(max);365;0;0;0;0;0;365;0,0
INIA;INIA;2021;15;Salto Grande;TempSD10cm(med);365;0;0;0;0;0;365;0,0
INIA;INIA;2021;15;Salto Grande;TempSD10cm(min);365;0;0;0;0;0;365;0,0
INIA;INIA;2021;15;Salto Grande;UnTermicasArroz;365;0;0;28;0;0;365;0,0
INIA;INIA;2021;15;Salto Grande;UnidadFrio;365;0;0;3;0;0;365;0,0
INIA;INIA;2021;18;Tacuarembó La Magnolia;AmplitudTermica;365;0;0;0;0;0;365;0,0
INIA;INIA;2021;18;Tacuarembó La Magnolia;Anio;365;0;0;0;0;0;365;0,0
INIA;INIA;2021;18;Tacuarembó La Magnolia;Dia;365;0;0;0;0;0;365;0,0
INIA;INIA;2021;18;Tacuarembó La Magnolia;EstacionAgr;365;0;0;0;0;0;365;0,0
INIA;INIA;2021;18;Tacuarembó La Magnolia;EvapPiche;365;0;0;0;0;0;365;0,0
INIA;INIA;2021;18;Tacuarembó La Magnolia;EvapTanque;365;0;0;0;0;0;365;0,0
INIA;INIA;2021;18;Tacuarembó La Magnolia;EvapotranspPenman;365;0;0;0;0;0;365;0,0
INIA;INIA;2021;18;Tacuarembó La Magnolia;GradosMenos10;365;38;0;1;0;38;327;10,411
INIA;INIA;2021;18;Tacuarembó La Magnolia;GradosMenos10p5;365;45;0;1;0;45;320;12,3288
INIA;INIA;2021;18;Tacuarembó La Magnolia;GradosMenos12p8;365;90;0;1;0;90;275;24,6575
INIA;INIA;2021;18;Tacuarembó La Magnolia;GradosMenos4p5;365;0;0;0;0;0;365;0,0
INIA;INIA;2021;18;Tacuarembó La Magnolia;GradosMenos6;365;5;0;0;0;5;360;1,3699
INIA;INIA;2021;18;Tacuarembó La Magnolia;GradosMenos7;365;10;0;4;0;10;355;2,7397
INIA;INIA;2021;18;Tacuarembó La Magnolia;GradosMenos8;365;22;0;1;0;22;343;6,0274
INIA;INIA;2021;18;Tacuarembó La Magnolia;GradosMenos9;365;29;0;0;0;29;336;7,9452
INIA;INIA;2021;18;Tacuarembó La Magnolia;HR100;365;0;0;277;0;0;365;0,0
INIA;INIA;2021;18;Tacuarembó La Magnolia;HR90y99;365;0;0;32;0;0;365;0,0
INIA;INIA;2021;18;Tacuarembó La Magnolia;HRMax;365;0;0;0;0;0;365;0,0
INIA;INIA;2021;18;Tacuarembó La Magnolia;HRMed;365;0;0;0;0;0;365;0,0
INIA;INIA;2021;18;Tacuarembó La Magnolia;HRMin;365;0;0;1;0;0;365;0,0
INIA;INIA;2021;18;Tacuarembó La Magnolia;HeladaAgromet;365;0;0;327;0;0;365;0,0
INIA;INIA;2021;18;Tacuarembó La Magnolia;HeladaMeteo;365;0;0;358;0;0;365;0,0
INIA;INIA;2021;18;Tacuarembó La Magnolia;Heliofania(hrs);365;0;0;32;0;0;365;0,0
INIA;INIA;2021;18;Tacuarembó La Magnolia;HeliofaniaRelativa;365;0;0;32;0;0;365;0,0
INIA;INIA;2021;18;Tacuarembó La Magnolia;Llovio;365;0;0;295;0;0;365;0,0
INIA;INIA;2021;18;Tacuarembó La Magnolia;Mes;365;0;0;0;0;0;365;0,0
INIA;INIA;2021;18;Tacuarembó La Magnolia;PrecipAcum;365;0;0;295;0;0;365;0,0
INIA;INIA;2021;18;Tacuarembó La Magnolia;PrecipEfectiva;365;0;0;295;0;0;365;0,0
INIA;INIA;2021;18;Tacuarembó La Magnolia;RadSolar;365;0;0;0;0;0;365;0,0
INIA;INIA;2021;18;Tacuarembó La Magnolia;RecorridoViento;365;1;0;0;0;1;364;0,274
INIA;INIA;2021;18;Tacuarembó La Magnolia;TMedia;365;0;0;0;0;0;365;0,0
INIA;INIA;2021;18;Tacuarembó La Magnolia;TMin15;365;0;0;111;0;0;365;0,0
INIA;INIA;2021;18;Tacuarembó La Magnolia;TMinSCesped;365;1;0;2;0;1;364;0,274
INIA;INIA;2021;18;Tacuarembó La Magnolia;TempAireMax;365;0;0;0;0;0;365;0,0
INIA;INIA;2021;18;Tacuarembó La Magnolia;TempAireMedia;365;0;0;0;0;0;365;0,0
INIA;INIA;2021;18;Tacuarembó La Magnolia;TempAireMin;365;0;0;2;0;0;365;0,0
INIA;INIA;2021;18;Tacuarembó La Magnolia;TempMin7p2;365;0;0;277;0;0;365;0,0
INIA;INIA;2021;18;Tacuarembó La Magnolia;TempSC05cm(max);365;131;0;0;0;131;234;35,8904
INIA;INIA;2021;18;Tacuarembó La Magnolia;TempSC05cm(med);365;131;0;0;0;131;234;35,8904
INIA;INIA;2021;18;Tacuarembó La Magnolia;TempSC05cm(min);365;131;0;0;0;131;234;35,8904
INIA;INIA;2021;18;Tacuarembó La Magnolia;TempSC10cm(max);365;131;0;0;0;131;234;35,8904
INIA;INIA;2021;18;Tacuarembó La Magnolia;TempSC10cm(med);365;131;0;0;0;131;234;35,8904
INIA;INIA;2021;18;Tacuarembó La Magnolia;TempSC10cm(min);365;131;0;0;0;131;234;35,8904
INIA;INIA;2021;18;Tacuarembó La Magnolia;TempSD05cm(max);365;131;0;0;0;131;234;35,8904
INIA;INIA;2021;18;Tacuarembó La Magnolia;TempSD05cm(med);365;131;0;0;0;131;234;35,8904
INIA;INIA;2021;18;Tacuarembó La Magnolia;TempSD05cm(min);365;131;0;0;0;131;234;35,8904
INIA;INIA;2021;18;Tacuarembó La Magnolia;TempSD10cm(max);365;131;0;0;0;131;234;35,8904
INIA;INIA;2021;18;Tacuarembó La Magnolia;TempSD10cm(med);365;131;0;0;0;131;234;35,8904
INIA;INIA;2021;18;Tacuarembó La Magnolia;TempSD10cm(min);365;131;0;0;0;131;234;35,8904
INIA;INIA;2021;18;Tacuarembó La Magnolia;UnTermicasArroz;365;0;0;33;0;0;365;0,0
INIA;INIA;2021;18;Tacuarembó La Magnolia;UnidadFrio;365;0;0;2;0;0;365;0,0
INIA;INIA;2021;18;Tacuaremnó Glencore;AmplitudTermica;364;0;0;1;0;0;364;0,0
INIA;INIA;2021;18;Tacuaremnó Glencore;Anio;364;0;0;0;0;0;364;0,0
INIA;INIA;2021;18;Tacuaremnó Glencore;Dia;364;0;0;0;0;0;364;0,0
INIA;INIA;2021;18;Tacuaremnó Glencore;EstacionAgr;364;0;0;0;0;0;364;0,0
INIA;INIA;2021;18;Tacuaremnó Glencore;EvapPiche;364;183;0;0;0;183;181;50,2747
INIA;INIA;2021;18;Tacuaremnó Glencore;EvapTanque;364;184;0;0;0;184;180;50,5495
INIA;INIA;2021;18;Tacuaremnó Glencore;EvapotranspPenman;364;0;0;0;0;0;364;0,0
INIA;INIA;2021;18;Tacuaremnó Glencore;GradosMenos10;364;41;0;0;0;41;323;11,2637
INIA;INIA;2021;18;Tacuaremnó Glencore;GradosMenos10p5;364;46;0;0;0;46;318;12,6374
INIA;INIA;2021;18;Tacuaremnó Glencore;GradosMenos12p8;364;87;0;0;0;87;277;23,9011
INIA;INIA;2021;18;Tacuaremnó Glencore;GradosMenos4p5;364;1;0;0;0;1;363;0,2747
INIA;INIA;2021;18;Tacuaremnó Glencore;GradosMenos6;364;6;0;2;0;6;358;1,6484
INIA;INIA;2021;18;Tacuaremnó Glencore;GradosMenos7;364;11;0;0;0;11;353;3,022
INIA;INIA;2021;18;Tacuaremnó Glencore;GradosMenos8;364;20;0;0;0;20;344;5,4945
INIA;INIA;2021;18;Tacuaremnó Glencore;GradosMenos9;364;24;0;0;0;24;340;6,5934
INIA;INIA;2021;18;Tacuaremnó Glencore;HR100;364;0;0;359;0;0;364;0,0
INIA;INIA;2021;18;Tacuaremnó Glencore;HR90y99;364;0;0;129;0;0;364;0,0
INIA;INIA;2021;18;Tacuaremnó Glencore;HRMax;364;0;0;1;0;0;364;0,0
INIA;INIA;2021;18;Tacuaremnó Glencore;HRMed;364;0;0;1;0;0;364;0,0
INIA;INIA;2021;18;Tacuaremnó Glencore;HRMin;364;0;0;1;0;0;364;0,0
INIA;INIA;2021;18;Tacuaremnó Glencore;HeladaAgromet;364;0;0;318;0;0;364;0,0
INIA;INIA;2021;18;Tacuaremnó Glencore;HeladaMeteo;364;0;0;360;0;0;364;0,0
INIA;INIA;2021;18;Tacuaremnó Glencore;Heliofania(hrs);364;0;0;27;0;0;364;0,0
INIA;INIA;2021;18;Tacuaremnó Glencore;HeliofaniaRelativa;364;0;0;27;0;0;364;0,0
INIA;INIA;2021;18;Tacuaremnó Glencore;Llovio;364;0;0;268;0;0;364;0,0
INIA;INIA;2021;18;Tacuaremnó Glencore;Mes;364;0;0;0;0;0;364;0,0
INIA;INIA;2021;18;Tacuaremnó Glencore;PrecipAcum;364;0;0;268;0;0;364;0,0
INIA;INIA;2021;18;Tacuaremnó Glencore;PrecipEfectiva;364;0;0;268;0;0;364;0,0
INIA;INIA;2021;18;Tacuaremnó Glencore;RadSolar;364;0;0;0;0;0;364;0,0
INIA;INIA;2021;18;Tacuaremnó Glencore;RecorridoViento;364;184;0;0;0;184;180;50,5495
INIA;INIA;2021;18;Tacuaremnó Glencore;TMedia;364;0;0;1;0;0;364;0,0
INIA;INIA;2021;18;Tacuaremnó Glencore;TMin15;364;0;0;114;0;0;364;0,0
INIA;INIA;2021;18;Tacuaremnó Glencore;TMinSCesped;364;0;0;3;0;0;364;0,0
INIA;INIA;2021;18;Tacuaremnó Glencore;TempAireMax;364;3;0;0;0;3;361;0,8242
INIA;INIA;2021;18;Tacuaremnó Glencore;TempAireMedia;364;0;0;1;0;0;364;0,0
INIA;INIA;2021;18;Tacuaremnó Glencore;TempAireMin;364;3;0;0;0;3;361;0,8242
INIA;INIA;2021;18;Tacuaremnó Glencore;TempMin7p2;364;0;0;2;0;0;364;0,0
INIA;INIA;2021;18;Tacuaremnó Glencore;TempSC05cm(max);364;364;0;0;0;364;0;100,0
INIA;INIA;2021;18;Tacuaremnó Glencore;TempSC05cm(med);364;364;0;0;0;364;0;100,0
INIA;INIA;2021;18;Tacuaremnó Glencore;TempSC05cm(min);364;364;0;0;0;364;0;100,0
INIA;INIA;2021;18;Tacuaremnó Glencore;TempSC10cm(max);364;364;0;0;0;364;0;100,0
INIA;INIA;2021;18;Tacuaremnó Glencore;TempSC10cm(med);364;364;0;0;0;364;0;100,0
INIA;INIA;2021;18;Tacuaremnó Glencore;TempSC10cm(min);364;364;0;0;0;364;0;100,0
INIA;INIA;2021;18;Tacuaremnó Glencore;TempSD05cm(max);364;364;0;0;0;364;0;100,0
INIA;INIA;2021;18;Tacuaremnó Glencore;TempSD05cm(med);364;364;0;0;0;364;0;100,0
INIA;INIA;2021;18;Tacuaremnó Glencore;TempSD05cm(min);364;364;0;0;0;364;0;100,0
INIA;INIA;2021;18;Tacuaremnó Glencore;TempSD10cm(max);364;364;0;0;0;364;0;100,0
INIA;INIA;2021;18;Tacuaremnó Glencore;TempSD10cm(med);364;364;0;0;0;364;0;100,0
INIA;INIA;2021;18;Tacuaremnó Glencore;TempSD10cm(min);364;364;0;0;0;364;0;100,0
INIA;INIA;2021;18;Tacuaremnó Glencore;UnTermicasArroz;364;3;0;35;0;3;361;0,8242
INIA;INIA;2021;18;Tacuaremnó Glencore;UnidadFrio;364;0;0;272;0;0;364;0,0
INIA;INIA;2021;19;Treinta y Tres Paso de la Laguna;AmplitudTermica;365;0;0;0;0;0;365;0,0
INIA;INIA;2021;19;Treinta y Tres Paso de la Laguna;Anio;365;0;0;0;0;0;365;0,0
INIA;INIA;2021;19;Treinta y Tres Paso de la Laguna;Dia;365;0;0;0;0;0;365;0,0
INIA;INIA;2021;19;Treinta y Tres Paso de la Laguna;EstacionAgr;365;0;0;0;0;0;365;0,0
INIA;INIA;2021;19;Treinta y Tres Paso de la Laguna;EvapPiche;365;0;0;0;0;0;365;0,0
INIA;INIA;2021;19;Treinta y Tres Paso de la Laguna;EvapTanque;365;0;0;9;0;0;365;0,0
INIA;INIA;2021;19;Treinta y Tres Paso de la Laguna;EvapotranspPenman;365;0;0;0;0;0;365;0,0
INIA;INIA;2021;19;Treinta y Tres Paso de la Laguna;GradosMenos10;365;35;0;2;0;35;330;9,589
INIA;INIA;2021;19;Treinta y Tres Paso de la Laguna;GradosMenos10p5;365;47;0;1;0;47;318;12,8767
INIA;INIA;2021;19;Treinta y Tres Paso de la Laguna;GradosMenos12p8;365;85;0;1;0;85;280;23,2877
INIA;INIA;2021;19;Treinta y Tres Paso de la Laguna;GradosMenos4p5;365;0;0;0;0;0;365;0,0
INIA;INIA;2021;19;Treinta y Tres Paso de la Laguna;GradosMenos6;365;1;0;0;0;1;364;0,274
INIA;INIA;2021;19;Treinta y Tres Paso de la Laguna;GradosMenos7;365;5;0;1;0;5;360;1,3699
INIA;INIA;2021;19;Treinta y Tres Paso de la Laguna;GradosMenos8;365;15;0;0;0;15;350;4,1096
INIA;INIA;2021;19;Treinta y Tres Paso de la Laguna;GradosMenos9;365;21;0;0;0;21;344;5,7534
INIA;INIA;2021;19;Treinta y Tres Paso de la Laguna;HR100;365;0;0;217;0;0;365;0,0
INIA;INIA;2021;19;Treinta y Tres Paso de la Laguna;HR90y99;365;0;0;1;0;0;365;0,0
INIA;INIA;2021;19;Treinta y Tres Paso de la Laguna;HRMax;365;0;0;0;0;0;365;0,0
INIA;INIA;2021;19;Treinta y Tres Paso de la Laguna;HRMed;365;0;0;0;0;0;365;0,0
INIA;INIA;2021;19;Treinta y Tres Paso de la Laguna;HRMin;365;0;0;1;0;0;365;0,0
INIA;INIA;2021;19;Treinta y Tres Paso de la Laguna;HeladaAgromet;365;0;0;330;0;0;365;0,0
INIA;INIA;2021;19;Treinta y Tres Paso de la Laguna;HeladaMeteo;365;0;0;359;0;0;365;0,0
INIA;INIA;2021;19;Treinta y Tres Paso de la Laguna;Heliofania(hrs);365;0;0;32;0;0;365;0,0
INIA;INIA;2021;19;Treinta y Tres Paso de la Laguna;HeliofaniaRelativa;365;0;0;32;0;0;365;0,0
INIA;INIA;2021;19;Treinta y Tres Paso de la Laguna;Llovio;365;0;0;263;0;0;365;0,0
INIA;INIA;2021;19;Treinta y Tres Paso de la Laguna;Mes;365;0;0;0;0;0;365;0,0
INIA;INIA;2021;19;Treinta y Tres Paso de la Laguna;PrecipAcum;365;0;0;263;0;0;365;0,0
INIA;INIA;2021;19;Treinta y Tres Paso de la Laguna;PrecipEfectiva;365;0;0;263;0;0;365;0,0
INIA;INIA;2021;19;Treinta y Tres Paso de la Laguna;RadSolar;365;0;0;0;0;0;365;0,0
INIA;INIA;2021;19;Treinta y Tres Paso de la Laguna;RecorridoViento;365;0;0;0;0;0;365;0,0
INIA;INIA;2021;19;Treinta y Tres Paso de la Laguna;TMedia;365;0;0;0;0;0;365;0,0
INIA;INIA;2021;19;Treinta y Tres Paso de la Laguna;TMin15;365;0;0;110;0;0;365;0,0
INIA;INIA;2021;19;Treinta y Tres Paso de la Laguna;TMinSCesped;365;0;0;0;0;0;365;0,0
INIA;INIA;2021;19;Treinta y Tres Paso de la Laguna;TempAireMax;365;0;0;0;0;0;365;0,0
INIA;INIA;2021;19;Treinta y Tres Paso de la Laguna;TempAireMedia;365;0;0;0;0;0;365;0,0
INIA;INIA;2021;19;Treinta y Tres Paso de la Laguna;TempAireMin;365;0;0;1;0;0;365;0,0
INIA;INIA;2021;19;Treinta y Tres Paso de la Laguna;TempMin7p2;365;0;0;277;0;0;365;0,0
INIA;INIA;2021;19;Treinta y Tres Paso de la Laguna;TempSC05cm(max);365;0;0;0;0;0;365;0,0
INIA;INIA;2021;19;Treinta y Tres Paso de la Laguna;TempSC05cm(med);365;0;0;0;0;0;365;0,0
INIA;INIA;2021;19;Treinta y Tres Paso de la Laguna;TempSC05cm(min);365;0;0;0;0;0;365;0,0
INIA;INIA;2021;19;Treinta y Tres Paso de la Laguna;TempSC10cm(max);365;0;0;0;0;0;365;0,0
INIA;INIA;2021;19;Treinta y Tres Paso de la Laguna;TempSC10cm(med);365;0;0;0;0;0;365;0,0
INIA;INIA;2021;19;Treinta y Tres Paso de la Laguna;TempSC10cm(min);365;0;0;0;0;0;365;0,0
INIA;INIA;2021;19;Treinta y Tres Paso de la Laguna;TempSD05cm(max);365;0;0;0;0;0;365;0,0
INIA;INIA;2021;19;Treinta y Tres Paso de la Laguna;TempSD05cm(med);365;0;0;0;0;0;365;0,0
INIA;INIA;2021;19;Treinta y Tres Paso de la Laguna;TempSD05cm(min);365;0;0;0;0;0;365;0,0
INIA;INIA;2021;19;Treinta y Tres Paso de la Laguna;TempSD10cm(max);365;0;0;0;0;0;365;0,0
INIA;INIA;2021;19;Treinta y Tres Paso de la Laguna;TempSD10cm(med);365;0;0;0;0;0;365;0,0
INIA;INIA;2021;19;Treinta y Tres Paso de la Laguna;TempSD10cm(min);365;0;0;0;0;0;365;0,0
INIA;INIA;2021;19;Treinta y Tres Paso de la Laguna;UnTermicasArroz;365;0;0;37;0;0;365;0,0
INIA;INIA;2021;19;Treinta y Tres Paso de la Laguna;UnidadFrio;365;0;0;5;0;0;365;0,0
INIA;INIA;2021;2;Las Brujas;AmplitudTermica;365;0;0;0;0;0;365;0,0
INIA;INIA;2021;2;Las Brujas;Anio;365;0;0;0;0;0;365;0,0
INIA;INIA;2021;2;Las Brujas;Dia;365;0;0;0;0;0;365;0,0
INIA;INIA;2021;2;Las Brujas;EstacionAgr;365;0;0;0;0;0;365;0,0
INIA;INIA;2021;2;Las Brujas;EvapPiche;365;0;0;0;0;0;365;0,0
INIA;INIA;2021;2;Las Brujas;EvapTanque;365;0;0;0;0;0;365;0,0
INIA;INIA;2021;2;Las Brujas;EvapotranspPenman;365;0;0;0;0;0;365;0,0
INIA;INIA;2021;2;Las Brujas;GradosMenos10;365;46;0;1;0;46;319;12,6027
INIA;INIA;2021;2;Las Brujas;GradosMenos10p5;365;54;0;1;0;54;311;14,7945
INIA;INIA;2021;2;Las Brujas;GradosMenos12p8;365;98;0;4;0;98;267;26,8493
INIA;INIA;2021;2;Las Brujas;GradosMenos4p5;365;0;0;0;0;0;365;0,0
INIA;INIA;2021;2;Las Brujas;GradosMenos6;365;2;0;0;0;2;363;0,5479
INIA;INIA;2021;2;Las Brujas;GradosMenos7;365;6;0;1;0;6;359;1,6438
INIA;INIA;2021;2;Las Brujas;GradosMenos8;365;16;0;0;0;16;349;4,3836
INIA;INIA;2021;2;Las Brujas;GradosMenos9;365;29;0;3;0;29;336;7,9452
INIA;INIA;2021;2;Las Brujas;HR100;365;0;0;365;0;0;365;0,0
INIA;INIA;2021;2;Las Brujas;HR90y99;365;0;0;78;0;0;365;0,0
INIA;INIA;2021;2;Las Brujas;HRMax;365;0;0;0;0;0;365;0,0
INIA;INIA;2021;2;Las Brujas;HRMed;365;0;0;0;0;0;365;0,0
INIA;INIA;2021;2;Las Brujas;HRMin;365;0;0;0;0;0;365;0,0
INIA;INIA;2021;2;Las Brujas;HeladaAgromet;365;0;0;327;0;0;365;0,0
INIA;INIA;2021;2;Las Brujas;HeladaMeteo;365;0;0;364;0;0;365;0,0
INIA;INIA;2021;2;Las Brujas;Heliofania(hrs);365;0;0;18;0;0;365;0,0
INIA;INIA;2021;2;Las Brujas;HeliofaniaRelativa;365;0;0;18;0;0;365;0,0
INIA;INIA;2021;2;Las Brujas;Llovio;365;0;0;273;0;0;365;0,0
INIA;INIA;2021;2;Las Brujas;Mes;365;0;0;0;0;0;365;0,0
INIA;INIA;2021;2;Las Brujas;PrecipAcum;365;0;0;273;0;0;365;0,0
INIA;INIA;2021;2;Las Brujas;PrecipEfectiva;365;0;0;273;0;0;365;0,0
INIA;INIA;2021;2;Las Brujas;RadSolar;365;0;0;0;0;0;365;0,0
INIA;INIA;2021;2;Las Brujas;RecorridoViento;365;0;0;1;0;0;365;0,0
INIA;INIA;2021;2;Las Brujas;TMedia;365;0;0;0;0;0;365;0,0
INIA;INIA;2021;2;Las Brujas;TMin15;365;0;0;116;0;0;365;0,0
INIA;INIA;2021;2;Las Brujas;TMinSCesped;365;0;0;3;0;0;365;0,0
INIA;INIA;2021;2;Las Brujas;TempAireMax;365;0;0;0;0;0;365;0,0
INIA;INIA;2021;2;Las Brujas;TempAireMedia;365;0;0;0;0;0;365;0,0
INIA;INIA;2021;2;Las Brujas;TempAireMin;365;0;0;0;0;0;365;0,0
INIA;INIA;2021;2;Las Brujas;TempMin7p2;365;0;0;284;0;0;365;0,0
INIA;INIA;2021;2;Las Brujas;TempSC05cm(max);365;365;0;0;0;365;0;100,0
INIA;INIA;2021;2;Las Brujas;TempSC05cm(med);365;365;0;0;0;365;0;100,0
INIA;INIA;2021;2;Las Brujas;TempSC05cm(min);365;365;0;0;0;365;0;100,0
INIA;INIA;2021;2;Las Brujas;TempSC10cm(max);365;365;0;0;0;365;0;100,0
INIA;INIA;2021;2;Las Brujas;TempSC10cm(med);365;365;0;0;0;365;0;100,0
INIA;INIA;2021;2;Las Brujas;TempSC10cm(min);365;365;0;0;0;365;0;100,0
INIA;INIA;2021;2;Las Brujas;TempSD05cm(max);365;365;0;0;0;365;0;100,0
INIA;INIA;2021;2;Las Brujas;TempSD05cm(med);365;365;0;0;0;365;0;100,0
INIA;INIA;2021;2;Las Brujas;TempSD05cm(min);365;365;0;0;0;365;0;100,0
INIA;INIA;2021;2;Las Brujas;TempSD10cm(max);365;365;0;0;0;365;0;100,0
INIA;INIA;2021;2;Las Brujas;TempSD10cm(med);365;365;0;0;0;365;0;100,0
INIA;INIA;2021;2;Las Brujas;TempSD10cm(min);365;365;0;0;0;365;0;100,0
INIA;INIA;2021;2;Las Brujas;UnTermicasArroz;365;0;0;41;0;0;365;0,0
INIA;INIA;2021;2;Las Brujas;UnidadFrio;365;0;0;4;0;0;365;0,0
INIA;INIA;2021;4;La Estanzuela;AmplitudTermica;365;0;0;0;0;0;365;0,0
INIA;INIA;2021;4;La Estanzuela;Anio;365;0;0;0;0;0;365;0,0
INIA;INIA;2021;4;La Estanzuela;Dia;365;0;0;0;0;0;365;0,0
INIA;INIA;2021;4;La Estanzuela;EstacionAgr;365;0;0;0;0;0;365;0,0
INIA;INIA;2021;4;La Estanzuela;EvapPiche;365;0;0;0;0;0;365;0,0
INIA;INIA;2021;4;La Estanzuela;EvapTanque;365;0;0;1;0;0;365;0,0
INIA;INIA;2021;4;La Estanzuela;EvapotranspPenman;365;0;0;0;0;0;365;0,0
INIA;INIA;2021;4;La Estanzuela;GradosMenos10;365;48;0;2;0;48;317;13,1507
INIA;INIA;2021;4;La Estanzuela;GradosMenos10p5;365;56;0;1;0;56;309;15,3425
INIA;INIA;2021;4;La Estanzuela;GradosMenos12p8;365;101;0;0;0;101;264;27,6712
INIA;INIA;2021;4;La Estanzuela;GradosMenos4p5;365;0;0;0;0;0;365;0,0
INIA;INIA;2021;4;La Estanzuela;GradosMenos6;365;1;0;0;0;1;364;0,274
INIA;INIA;2021;4;La Estanzuela;GradosMenos7;365;7;0;0;0;7;358;1,9178
INIA;INIA;2021;4;La Estanzuela;GradosMenos8;365;19;0;1;0;19;346;5,2055
INIA;INIA;2021;4;La Estanzuela;GradosMenos9;365;29;0;1;0;29;336;7,9452
INIA;INIA;2021;4;La Estanzuela;HR100;365;0;0;188;0;0;365;0,0
INIA;INIA;2021;4;La Estanzuela;HR90y99;365;0;0;39;0;0;365;0,0
INIA;INIA;2021;4;La Estanzuela;HRMax;365;0;0;0;0;0;365;0,0
INIA;INIA;2021;4;La Estanzuela;HRMed;365;0;0;0;0;0;365;0,0
INIA;INIA;2021;4;La Estanzuela;HRMin;365;0;0;0;0;0;365;0,0
INIA;INIA;2021;4;La Estanzuela;HeladaAgromet;365;0;0;336;0;0;365;0,0
INIA;INIA;2021;4;La Estanzuela;HeladaMeteo;365;0;0;365;0;0;365;0,0
INIA;INIA;2021;4;La Estanzuela;Heliofania(hrs);365;0;0;23;0;0;365;0,0
INIA;INIA;2021;4;La Estanzuela;HeliofaniaRelativa;365;0;0;23;0;0;365;0,0
INIA;INIA;2021;4;La Estanzuela;Llovio;365;0;0;266;0;0;365;0,0
INIA;INIA;2021;4;La Estanzuela;Mes;365;0;0;0;0;0;365;0,0
INIA;INIA;2021;4;La Estanzuela;PrecipAcum;365;0;0;266;0;0;365;0,0
INIA;INIA;2021;4;La Estanzuela;PrecipEfectiva;365;0;0;266;0;0;365;0,0
INIA;INIA;2021;4;La Estanzuela;RadSolar;365;0;0;0;0;0;365;0,0
INIA;INIA;2021;4;La Estanzuela;RecorridoViento;365;0;0;0;0;0;365;0,0
INIA;INIA;2021;4;La Estanzuela;TMedia;365;0;0;0;0;0;365;0,0
INIA;INIA;2021;4;La Estanzuela;TMin15;365;0;0;128;0;0;365;0,0
INIA;INIA;2021;4;La Estanzuela;TMinSCesped;365;0;0;0;0;0;365;0,0
INIA;INIA;2021;4;La Estanzuela;TempAireMax;365;1;0;0;0;1;364;0,274
INIA;INIA;2021;4;La Estanzuela;TempAireMedia;365;0;0;0;0;0;365;0,0
INIA;INIA;2021;4;La Estanzuela;TempAireMin;365;0;0;0;0;0;365;0,0
INIA;INIA;2021;4;La Estanzuela;TempMin7p2;365;0;0;278;0;0;365;0,0
INIA;INIA;2021;4;La Estanzuela;TempSC05cm(max);365;0;0;0;0;0;365;0,0
INIA;INIA;2021;4;La Estanzuela;TempSC05cm(med);365;0;0;0;0;0;365;0,0
INIA;INIA;2021;4;La Estanzuela;TempSC05cm(min);365;0;0;0;0;0;365;0,0
INIA;INIA;2021;4;La Estanzuela;TempSC10cm(max);365;0;0;0;0;0;365;0,0
INIA;INIA;2021;4;La Estanzuela;TempSC10cm(med);365;1;0;0;0;1;364;0,274
INIA;INIA;2021;4;La Estanzuela;TempSC10cm(min);365;1;0;0;0;1;364;0,274
INIA;INIA;2021;4;La Estanzuela;TempSD05cm(max);365;0;0;0;0;0;365;0,0
INIA;INIA;2021;4;La Estanzuela;TempSD05cm(med);365;0;0;0;0;0;365;0,0
INIA;INIA;2021;4;La Estanzuela;TempSD05cm(min);365;0;0;0;0;0;365;0,0
INIA;INIA;2021;4;La Estanzuela;TempSD10cm(max);365;0;0;0;0;0;365;0,0
INIA;INIA;2021;4;La Estanzuela;TempSD10cm(med);365;0;0;0;0;0;365;0,0
INIA;INIA;2021;4;La Estanzuela;TempSD10cm(min);365;0;0;0;0;0;365;0,0
INIA;INIA;2021;4;La Estanzuela;UnTermicasArroz;365;1;0;35;0;1;364;0,274
INIA;INIA;2021;4;La Estanzuela;UnidadFrio;365;0;0;4;0;0;365;0,0
INIA;INIA;2022;15;Salto Grande;AmplitudTermica;365;0;0;0;0;0;365;0,0
INIA;INIA;2022;15;Salto Grande;Anio;365;0;0;0;0;0;365;0,0
INIA;INIA;2022;15;Salto Grande;Dia;365;0;0;0;0;0;365;0,0
INIA;INIA;2022;15;Salto Grande;EstacionAgr;365;0;0;0;0;0;365;0,0
INIA;INIA;2022;15;Salto Grande;EvapPiche;365;0;0;0;0;0;365;0,0
INIA;INIA;2022;15;Salto Grande;EvapTanque;365;0;0;0;0;0;365;0,0
INIA;INIA;2022;15;Salto Grande;EvapotranspPenman;365;0;0;0;0;0;365;0,0
INIA;INIA;2022;15;Salto Grande;GradosMenos10;365;29;0;2;0;29;336;7,9452
INIA;INIA;2022;15;Salto Grande;GradosMenos10p5;365;31;0;1;0;31;334;8,4932
INIA;INIA;2022;15;Salto Grande;GradosMenos12p8;365;70;0;1;0;70;295;19,1781
INIA;INIA;2022;15;Salto Grande;GradosMenos4p5;365;0;0;0;0;0;365;0,0
INIA;INIA;2022;15;Salto Grande;GradosMenos6;365;1;0;0;0;1;364;0,274
INIA;INIA;2022;15;Salto Grande;GradosMenos7;365;3;0;0;0;3;362;0,8219
INIA;INIA;2022;15;Salto Grande;GradosMenos8;365;8;0;0;0;8;357;2,1918
INIA;INIA;2022;15;Salto Grande;GradosMenos9;365;15;0;2;0;15;350;4,1096
INIA;INIA;2022;15;Salto Grande;HR100;365;0;0;313;0;0;365;0,0
INIA;INIA;2022;15;Salto Grande;HR90y99;365;0;0;79;0;0;365;0,0
INIA;INIA;2022;15;Salto Grande;HRMax;365;0;0;0;0;0;365;0,0
INIA;INIA;2022;15;Salto Grande;HRMed;365;0;0;0;0;0;365;0,0
INIA;INIA;2022;15;Salto Grande;HRMin;365;0;0;0;0;0;365;0,0
INIA;INIA;2022;15;Salto Grande;HeladaAgromet;365;0;0;324;0;0;365;0,0
INIA;INIA;2022;15;Salto Grande;HeladaMeteo;365;0;0;360;0;0;365;0,0
INIA;INIA;2022;15;Salto Grande;Heliofania(hrs);365;0;0;30;0;0;365;0,0
INIA;INIA;2022;15;Salto Grande;HeliofaniaRelativa;365;0;0;30;0;0;365;0,0
INIA;INIA;2022;15;Salto Grande;Llovio;365;0;0;285;0;0;365;0,0
INIA;INIA;2022;15;Salto Grande;Mes;365;0;0;0;0;0;365;0,0
INIA;INIA;2022;15;Salto Grande;PrecipAcum;365;0;0;285;0;0;365;0,0
INIA;INIA;2022;15;Salto Grande;PrecipEfectiva;365;0;0;285;0;0;365;0,0
INIA;INIA;2022;15;Salto Grande;RadSolar;365;0;0;0;0;0;365;0,0
INIA;INIA;2022;15;Salto Grande;RecorridoViento;365;0;0;0;0;0;365;0,0
INIA;INIA;2022;15;Salto Grande;TMedia;365;0;0;0;0;0;365;0,0
INIA;INIA;2022;15;Salto Grande;TMin15;365;0;0;143;0;0;365;0,0
INIA;INIA;2022;15;Salto Grande;TMinSCesped;365;0;0;2;0;0;365;0,0
INIA;INIA;2022;15;Salto Grande;TempAireMax;365;0;0;0;0;0;365;0,0
INIA;INIA;2022;15;Salto Grande;TempAireMedia;365;0;0;0;0;0;365;0,0
INIA;INIA;2022;15;Salto Grande;TempAireMin;365;0;0;1;0;0;365;0,0
INIA;INIA;2022;15;Salto Grande;TempMin7p2;365;0;0;284;0;0;365;0,0
INIA;INIA;2022;15;Salto Grande;TempSC05cm(max);365;0;0;0;0;0;365;0,0
INIA;INIA;2022;15;Salto Grande;TempSC05cm(med);365;0;0;0;0;0;365;0,0
INIA;INIA;2022;15;Salto Grande;TempSC05cm(min);365;0;0;0;0;0;365;0,0
INIA;INIA;2022;15;Salto Grande;TempSC10cm(max);365;0;0;0;0;0;365;0,0
INIA;INIA;2022;15;Salto Grande;TempSC10cm(med);365;0;0;0;0;0;365;0,0
INIA;INIA;2022;15;Salto Grande;TempSC10cm(min);365;0;0;0;0;0;365;0,0
INIA;INIA;2022;15;Salto Grande;TempSD05cm(max);365;0;0;0;0;0;365;0,0
INIA;INIA;2022;15;Salto Grande;TempSD05cm(med);365;0;0;0;0;0;365;0,0
INIA;INIA;2022;15;Salto Grande;TempSD05cm(min);365;0;0;0;0;0;365;0,0
INIA;INIA;2022;15;Salto Grande;TempSD10cm(max);365;0;0;0;0;0;365;0,0
INIA;INIA;2022;15;Salto Grande;TempSD10cm(med);365;0;0;0;0;0;365;0,0
INIA;INIA;2022;15;Salto Grande;TempSD10cm(min);365;0;0;0;0;0;365;0,0
INIA;INIA;2022;15;Salto Grande;UnTermicasArroz;365;0;0;32;0;0;365;0,0
INIA;INIA;2022;15;Salto Grande;UnidadFrio;365;0;0;4;0;0;365;0,0
INIA;INIA;2022;18;Tacuarembó La Magnolia;AmplitudTermica;365;0;0;0;0;0;365;0,0
INIA;INIA;2022;18;Tacuarembó La Magnolia;Anio;365;0;0;0;0;0;365;0,0
INIA;INIA;2022;18;Tacuarembó La Magnolia;Dia;365;0;0;0;0;0;365;0,0
INIA;INIA;2022;18;Tacuarembó La Magnolia;EstacionAgr;365;0;0;0;0;0;365;0,0
INIA;INIA;2022;18;Tacuarembó La Magnolia;EvapPiche;365;1;0;0;0;1;364;0,274
INIA;INIA;2022;18;Tacuarembó La Magnolia;EvapTanque;365;0;0;0;0;0;365;0,0
INIA;INIA;2022;18;Tacuarembó La Magnolia;EvapotranspPenman;365;0;0;0;0;0;365;0,0
INIA;INIA;2022;18;Tacuarembó La Magnolia;GradosMenos10;365;49;0;0;0;49;316;13,4247
INIA;INIA;2022;18;Tacuarembó La Magnolia;GradosMenos10p5;365;55;0;2;0;55;310;15,0685
INIA;INIA;2022;18;Tacuarembó La Magnolia;GradosMenos12p8;365;98;0;1;0;98;267;26,8493
INIA;INIA;2022;18;Tacuarembó La Magnolia;GradosMenos4p5;365;2;0;0;0;2;363;0,5479
INIA;INIA;2022;18;Tacuarembó La Magnolia;GradosMenos6;365;7;0;0;0;7;358;1,9178
INIA;INIA;2022;18;Tacuarembó La Magnolia;GradosMenos7;365;10;0;1;0;10;355;2,7397
INIA;INIA;2022;18;Tacuarembó La Magnolia;GradosMenos8;365;21;0;2;0;21;344;5,7534
INIA;INIA;2022;18;Tacuarembó La Magnolia;GradosMenos9;365;34;0;1;0;34;331;9,3151
INIA;INIA;2022;18;Tacuarembó La Magnolia;HR100;365;0;0;344;0;0;365;0,0
INIA;INIA;2022;18;Tacuarembó La Magnolia;HR90y99;365;0;0;35;0;0;365;0,0
INIA;INIA;2022;18;Tacuarembó La Magnolia;HRMax;365;0;0;0;0;0;365;0,0
INIA;INIA;2022;18;Tacuarembó La Magnolia;HRMed;365;0;0;0;0;0;365;0,0
INIA;INIA;2022;18;Tacuarembó La Magnolia;HRMin;365;0;0;0;0;0;365;0,0
INIA;INIA;2022;18;Tacuarembó La Magnolia;HeladaAgromet;365;0;0;324;0;0;365;0,0
INIA;INIA;2022;18;Tacuarembó La Magnolia;HeladaMeteo;365;0;0;352;0;0;365;0,0
INIA;INIA;2022;18;Tacuarembó La Magnolia;Heliofania(hrs);365;0;0;40;0;0;365;0,0
INIA;INIA;2022;18;Tacuarembó La Magnolia;HeliofaniaRelativa;365;0;0;40;0;0;365;0,0
INIA;INIA;2022;18;Tacuarembó La Magnolia;Llovio;365;0;0;287;0;0;365;0,0
INIA;INIA;2022;18;Tacuarembó La Magnolia;Mes;365;0;0;0;0;0;365;0,0
INIA;INIA;2022;18;Tacuarembó La Magnolia;PrecipAcum;365;0;0;287;0;0;365;0,0
INIA;INIA;2022;18;Tacuarembó La Magnolia;PrecipEfectiva;365;0;0;287;0;0;365;0,0
INIA;INIA;2022;18;Tacuarembó La Magnolia;RadSolar;365;0;0;0;0;0;365;0,0
INIA;INIA;2022;18;Tacuarembó La Magnolia;RecorridoViento;365;0;0;0;0;0;365;0,0
INIA;INIA;2022;18;Tacuarembó La Magnolia;TMedia;365;0;0;0;0;0;365;0,0
INIA;INIA;2022;18;Tacuarembó La Magnolia;TMin15;365;0;0;107;0;0;365;0,0
INIA;INIA;2022;18;Tacuarembó La Magnolia;TMinSCesped;365;0;0;0;0;0;365;0,0
INIA;INIA;2022;18;Tacuarembó La Magnolia;TempAireMax;365;0;0;0;0;0;365;0,0
INIA;INIA;2022;18;Tacuarembó La Magnolia;TempAireMedia;365;0;0;0;0;0;365;0,0
INIA;INIA;2022;18;Tacuarembó La Magnolia;TempAireMin;365;0;0;1;0;0;365;0,0
INIA;INIA;2022;18;Tacuarembó La Magnolia;TempMin7p2;365;0;0;261;0;0;365;0,0
INIA;INIA;2022;18;Tacuarembó La Magnolia;TempSC05cm(max);365;162;0;0;0;162;203;44,3836
INIA;INIA;2022;18;Tacuarembó La Magnolia;TempSC05cm(med);365;162;0;0;0;162;203;44,3836
INIA;INIA;2022;18;Tacuarembó La Magnolia;TempSC05cm(min);365;160;0;0;0;160;205;43,8356
INIA;INIA;2022;18;Tacuarembó La Magnolia;TempSC10cm(max);365;162;0;0;0;162;203;44,3836
INIA;INIA;2022;18;Tacuarembó La Magnolia;TempSC10cm(med);365;162;0;0;0;162;203;44,3836
INIA;INIA;2022;18;Tacuarembó La Magnolia;TempSC10cm(min);365;160;0;0;0;160;205;43,8356
INIA;INIA;2022;18;Tacuarembó La Magnolia;TempSD05cm(max);365;162;0;0;0;162;203;44,3836
INIA;INIA;2022;18;Tacuarembó La Magnolia;TempSD05cm(med);365;162;0;0;0;162;203;44,3836
INIA;INIA;2022;18;Tacuarembó La Magnolia;TempSD05cm(min);365;160;0;0;0;160;205;43,8356
INIA;INIA;2022;18;Tacuarembó La Magnolia;TempSD10cm(max);365;162;0;0;0;162;203;44,3836
INIA;INIA;2022;18;Tacuarembó La Magnolia;TempSD10cm(med);365;162;0;0;0;162;203;44,3836
INIA;INIA;2022;18;Tacuarembó La Magnolia;TempSD10cm(min);365;160;0;0;0;160;205;43,8356
INIA;INIA;2022;18;Tacuarembó La Magnolia;UnTermicasArroz;365;0;0;47;0;0;365;0,0
INIA;INIA;2022;18;Tacuarembó La Magnolia;UnidadFrio;365;0;0;4;0;0;365;0,0
INIA;INIA;2022;18;Tacuaremnó Glencore;AmplitudTermica;365;0;0;0;0;0;365;0,0
INIA;INIA;2022;18;Tacuaremnó Glencore;Anio;365;0;0;0;0;0;365;0,0
INIA;INIA;2022;18;Tacuaremnó Glencore;Dia;365;0;0;0;0;0;365;0,0
INIA;INIA;2022;18;Tacuaremnó Glencore;EstacionAgr;365;0;0;0;0;0;365;0,0
INIA;INIA;2022;18;Tacuaremnó Glencore;EvapPiche;365;363;0;0;0;363;2;99,4521
INIA;INIA;2022;18;Tacuaremnó Glencore;EvapTanque;365;34;0;0;0;34;331;9,3151
INIA;INIA;2022;18;Tacuaremnó Glencore;EvapotranspPenman;365;0;0;0;0;0;365;0,0
INIA;INIA;2022;18;Tacuaremnó Glencore;GradosMenos10;365;41;0;3;0;41;324;11,2329
INIA;INIA;2022;18;Tacuaremnó Glencore;GradosMenos10p5;365;48;0;2;0;48;317;13,1507
INIA;INIA;2022;18;Tacuaremnó Glencore;GradosMenos12p8;365;95;0;3;0;95;270;26,0274
INIA;INIA;2022;18;Tacuaremnó Glencore;GradosMenos4p5;365;0;0;0;0;0;365;0,0
INIA;INIA;2022;18;Tacuaremnó Glencore;GradosMenos6;365;3;0;1;0;3;362;0,8219
INIA;INIA;2022;18;Tacuaremnó Glencore;GradosMenos7;365;10;0;1;0;10;355;2,7397
INIA;INIA;2022;18;Tacuaremnó Glencore;GradosMenos8;365;17;0;0;0;17;348;4,6575
INIA;INIA;2022;18;Tacuaremnó Glencore;GradosMenos9;365;25;0;3;0;25;340;6,8493
INIA;INIA;2022;18;Tacuaremnó Glencore;HR100;365;0;0;330;0;0;365;0,0
INIA;INIA;2022;18;Tacuaremnó Glencore;HR90y99;365;0;0;88;0;0;365;0,0
INIA;INIA;2022;18;Tacuaremnó Glencore;HRMax;365;0;0;0;0;0;365;0,0
INIA;INIA;2022;18;Tacuaremnó Glencore;HRMed;365;0;0;0;0;0;365;0,0
INIA;INIA;2022;18;Tacuaremnó Glencore;HRMin;365;0;0;0;0;0;365;0,0
INIA;INIA;2022;18;Tacuaremnó Glencore;HeladaAgromet;365;0;0;358;0;0;365;0,0
INIA;INIA;2022;18;Tacuaremnó Glencore;HeladaMeteo;365;0;0;362;0;0;365;0,0
INIA;INIA;2022;18;Tacuaremnó Glencore;Heliofania(hrs);365;7;0;50;0;7;358;1,9178
INIA;INIA;2022;18;Tacuaremnó Glencore;HeliofaniaRelativa;365;7;0;50;0;7;358;1,9178
INIA;INIA;2022;18;Tacuaremnó Glencore;Llovio;365;0;0;299;0;0;365;0,0
INIA;INIA;2022;18;Tacuaremnó Glencore;Mes;365;0;0;0;0;0;365;0,0
INIA;INIA;2022;18;Tacuaremnó Glencore;PrecipAcum;365;0;0;299;0;0;365;0,0
INIA;INIA;2022;18;Tacuaremnó Glencore;PrecipEfectiva;365;0;0;299;0;0;365;0,0
INIA;INIA;2022;18;Tacuaremnó Glencore;RadSolar;365;7;0;0;0;7;358;1,9178
INIA;INIA;2022;18;Tacuaremnó Glencore;RecorridoViento;365;26;0;0;0;26;339;7,1233
INIA;INIA;2022;18;Tacuaremnó Glencore;TMedia;365;0;0;0;0;0;365;0,0
INIA;INIA;2022;18;Tacuaremnó Glencore;TMin15;365;0;0;121;0;0;365;0,0
INIA;INIA;2022;18;Tacuaremnó Glencore;TMinSCesped;365;198;0;0;0;198;167;54,2466
INIA;INIA;2022;18;Tacuaremnó Glencore;TempAireMax;365;0;0;0;0;0;365;0,0
INIA;INIA;2022;18;Tacuaremnó Glencore;TempAireMedia;365;0;0;0;0;0;365;0,0
INIA;INIA;2022;18;Tacuaremnó Glencore;TempAireMin;365;0;0;0;0;0;365;0,0
INIA;INIA;2022;18;Tacuaremnó Glencore;TempMin7p2;365;0;0;267;0;0;365;0,0
INIA;INIA;2022;18;Tacuaremnó Glencore;TempSC05cm(max);365;365;0;0;0;365;0;100,0
INIA;INIA;2022;18;Tacuaremnó Glencore;TempSC05cm(med);365;365;0;0;0;365;0;100,0
INIA;INIA;2022;18;Tacuaremnó Glencore;TempSC05cm(min);365;365;0;0;0;365;0;100,0
INIA;INIA;2022;18;Tacuaremnó Glencore;TempSC10cm(max);365;365;0;0;0;365;0;100,0
INIA;INIA;2022;18;Tacuaremnó Glencore;TempSC10cm(med);365;365;0;0;0;365;0;100,0
INIA;INIA;2022;18;Tacuaremnó Glencore;TempSC10cm(min);365;365;0;0;0;365;0;100,0
INIA;INIA;2022;18;Tacuaremnó Glencore;TempSD05cm(max);365;365;0;0;0;365;0;100,0
INIA;INIA;2022;18;Tacuaremnó Glencore;TempSD05cm(med);365;365;0;0;0;365;0;100,0
INIA;INIA;2022;18;Tacuaremnó Glencore;TempSD05cm(min);365;365;0;0;0;365;0;100,0
INIA;INIA;2022;18;Tacuaremnó Glencore;TempSD10cm(max);365;365;0;0;0;365;0;100,0
INIA;INIA;2022;18;Tacuaremnó Glencore;TempSD10cm(med);365;365;0;0;0;365;0;100,0
INIA;INIA;2022;18;Tacuaremnó Glencore;TempSD10cm(min);365;365;0;0;0;365;0;100,0
INIA;INIA;2022;18;Tacuaremnó Glencore;UnTermicasArroz;365;0;0;41;0;0;365;0,0
INIA;INIA;2022;18;Tacuaremnó Glencore;UnidadFrio;365;0;0;5;0;0;365;0,0
INIA;INIA;2022;19;Treinta y Tres Paso de la Laguna;AmplitudTermica;365;0;0;0;0;0;365;0,0
INIA;INIA;2022;19;Treinta y Tres Paso de la Laguna;Anio;365;0;0;0;0;0;365;0,0
INIA;INIA;2022;19;Treinta y Tres Paso de la Laguna;Dia;365;0;0;0;0;0;365;0,0
INIA;INIA;2022;19;Treinta y Tres Paso de la Laguna;EstacionAgr;365;0;0;0;0;0;365;0,0
INIA;INIA;2022;19;Treinta y Tres Paso de la Laguna;EvapPiche;365;0;0;3;0;0;365;0,0
INIA;INIA;2022;19;Treinta y Tres Paso de la Laguna;EvapTanque;365;0;0;10;0;0;365;0,0
INIA;INIA;2022;19;Treinta y Tres Paso de la Laguna;EvapotranspPenman;365;0;0;0;0;0;365;0,0
INIA;INIA;2022;19;Treinta y Tres Paso de la Laguna;GradosMenos10;365;45;0;3;0;45;320;12,3288
INIA;INIA;2022;19;Treinta y Tres Paso de la Laguna;GradosMenos10p5;365;56;0;1;0;56;309;15,3425
INIA;INIA;2022;19;Treinta y Tres Paso de la Laguna;GradosMenos12p8;365;101;0;1;0;101;264;27,6712
INIA;INIA;2022;19;Treinta y Tres Paso de la Laguna;GradosMenos4p5;365;0;0;0;0;0;365;0,0
INIA;INIA;2022;19;Treinta y Tres Paso de la Laguna;GradosMenos6;365;4;0;1;0;4;361;1,0959
INIA;INIA;2022;19;Treinta y Tres Paso de la Laguna;GradosMenos7;365;9;0;2;0;9;356;2,4658
INIA;INIA;2022;19;Treinta y Tres Paso de la Laguna;GradosMenos8;365;19;0;1;0;19;346;5,2055
INIA;INIA;2022;19;Treinta y Tres Paso de la Laguna;GradosMenos9;365;29;0;2;0;29;336;7,9452
INIA;INIA;2022;19;Treinta y Tres Paso de la Laguna;HR100;365;0;0;161;0;0;365;0,0
INIA;INIA;2022;19;Treinta y Tres Paso de la Laguna;HR90y99;365;0;0;1;0;0;365;0,0
INIA;INIA;2022;19;Treinta y Tres Paso de la Laguna;HRMax;365;0;0;0;0;0;365;0,0
INIA;INIA;2022;19;Treinta y Tres Paso de la Laguna;HRMed;365;0;0;0;0;0;365;0,0
INIA;INIA;2022;19;Treinta y Tres Paso de la Laguna;HRMin;365;0;0;0;0;0;365;0,0
INIA;INIA;2022;19;Treinta y Tres Paso de la Laguna;HeladaAgromet;365;0;0;322;0;0;365;0,0
INIA;INIA;2022;19;Treinta y Tres Paso de la Laguna;HeladaMeteo;365;0;0;354;0;0;365;0,0
INIA;INIA;2022;19;Treinta y Tres Paso de la Laguna;Heliofania(hrs);365;0;0;43;0;0;365;0,0
INIA;INIA;2022;19;Treinta y Tres Paso de la Laguna;HeliofaniaRelativa;365;0;0;43;0;0;365;0,0
INIA;INIA;2022;19;Treinta y Tres Paso de la Laguna;Llovio;365;0;0;272;0;0;365;0,0
INIA;INIA;2022;19;Treinta y Tres Paso de la Laguna;Mes;365;0;0;0;0;0;365;0,0
INIA;INIA;2022;19;Treinta y Tres Paso de la Laguna;PrecipAcum;365;0;0;272;0;0;365;0,0
INIA;INIA;2022;19;Treinta y Tres Paso de la Laguna;PrecipEfectiva;365;0;0;272;0;0;365;0,0
INIA;INIA;2022;19;Treinta y Tres Paso de la Laguna;RadSolar;365;0;0;0;0;0;365;0,0
INIA;INIA;2022;19;Treinta y Tres Paso de la Laguna;RecorridoViento;365;0;0;0;0;0;365;0,0
INIA;INIA;2022;19;Treinta y Tres Paso de la Laguna;TMedia;365;0;0;0;0;0;365;0,0
INIA;INIA;2022;19;Treinta y Tres Paso de la Laguna;TMin15;365;0;0;91;0;0;365;0,0
INIA;INIA;2022;19;Treinta y Tres Paso de la Laguna;TMinSCesped;365;0;0;3;0;0;365;0,0
INIA;INIA;2022;19;Treinta y Tres Paso de la Laguna;TempAireMax;365;0;0;0;0;0;365;0,0
INIA;INIA;2022;19;Treinta y Tres Paso de la Laguna;TempAireMedia;365;0;0;0;0;0;365;0,0
INIA;INIA;2022;19;Treinta y Tres Paso de la Laguna;TempAireMin;365;0;0;0;0;0;365;0,0
INIA;INIA;2022;19;Treinta y Tres Paso de la Laguna;TempMin7p2;365;0;0;250;0;0;365;0,0
INIA;INIA;2022;19;Treinta y Tres Paso de la Laguna;TempSC05cm(max);365;1;0;0;0;1;364;0,274
INIA;INIA;2022;19;Treinta y Tres Paso de la Laguna;TempSC05cm(med);365;2;0;0;0;2;363;0,5479
INIA;INIA;2022;19;Treinta y Tres Paso de la Laguna;TempSC05cm(min);365;2;0;0;0;2;363;0,5479
INIA;INIA;2022;19;Treinta y Tres Paso de la Laguna;TempSC10cm(max);365;1;0;0;0;1;364;0,274
INIA;INIA;2022;19;Treinta y Tres Paso de la Laguna;TempSC10cm(med);365;2;0;0;0;2;363;0,5479
INIA;INIA;2022;19;Treinta y Tres Paso de la Laguna;TempSC10cm(min);365;2;0;0;0;2;363;0,5479
INIA;INIA;2022;19;Treinta y Tres Paso de la Laguna;TempSD05cm(max);365;1;0;0;0;1;364;0,274
INIA;INIA;2022;19;Treinta y Tres Paso de la Laguna;TempSD05cm(med);365;2;0;0;0;2;363;0,5479
INIA;INIA;2022;19;Treinta y Tres Paso de la Laguna;TempSD05cm(min);365;2;0;0;0;2;363;0,5479
INIA;INIA;2022;19;Treinta y Tres Paso de la Laguna;TempSD10cm(max);365;1;0;0;0;1;364;0,274
INIA;INIA;2022;19;Treinta y Tres Paso de la Laguna;TempSD10cm(med);365;2;0;0;0;2;363;0,5479
INIA;INIA;2022;19;Treinta y Tres Paso de la Laguna;TempSD10cm(min);365;2;0;0;0;2;363;0,5479
INIA;INIA;2022;19;Treinta y Tres Paso de la Laguna;UnTermicasArroz;365;0;0;38;0;0;365;0,0
INIA;INIA;2022;19;Treinta y Tres Paso de la Laguna;UnidadFrio;365;0;0;4;0;0;365;0,0
INIA;INIA;2022;2;Las Brujas;AmplitudTermica;365;0;0;0;0;0;365;0,0
INIA;INIA;2022;2;Las Brujas;Anio;365;0;0;0;0;0;365;0,0
INIA;INIA;2022;2;Las Brujas;Dia;365;0;0;0;0;0;365;0,0
INIA;INIA;2022;2;Las Brujas;EstacionAgr;365;0;0;0;0;0;365;0,0
INIA;INIA;2022;2;Las Brujas;EvapPiche;365;0;0;0;0;0;365;0,0
INIA;INIA;2022;2;Las Brujas;EvapTanque;365;0;0;0;0;0;365;0,0
INIA;INIA;2022;2;Las Brujas;EvapotranspPenman;365;0;0;3;0;0;365;0,0
INIA;INIA;2022;2;Las Brujas;GradosMenos10;365;61;0;3;0;61;304;16,7123
INIA;INIA;2022;2;Las Brujas;GradosMenos10p5;365;74;0;1;0;74;291;20,274
INIA;INIA;2022;2;Las Brujas;GradosMenos12p8;365;123;0;2;0;123;242;33,6986
INIA;INIA;2022;2;Las Brujas;GradosMenos4p5;365;0;0;0;0;0;365;0,0
INIA;INIA;2022;2;Las Brujas;GradosMenos6;365;4;0;0;0;4;361;1,0959
INIA;INIA;2022;2;Las Brujas;GradosMenos7;365;8;0;2;0;8;357;2,1918
INIA;INIA;2022;2;Las Brujas;GradosMenos8;365;23;0;0;0;23;342;6,3014
INIA;INIA;2022;2;Las Brujas;GradosMenos9;365;42;0;0;0;42;323;11,5068
INIA;INIA;2022;2;Las Brujas;HR100;365;0;0;364;0;0;365;0,0
INIA;INIA;2022;2;Las Brujas;HR90y99;365;0;0;80;0;0;365;0,0
INIA;INIA;2022;2;Las Brujas;HRMax;365;0;0;0;0;0;365;0,0
INIA;INIA;2022;2;Las Brujas;HRMed;365;0;0;0;0;0;365;0,0
INIA;INIA;2022;2;Las Brujas;HRMin;365;0;0;0;0;0;365;0,0
INIA;INIA;2022;2;Las Brujas;HeladaAgromet;365;0;0;307;0;0;365;0,0
INIA;INIA;2022;2;Las Brujas;HeladaMeteo;365;0;0;359;0;0;365;0,0
INIA;INIA;2022;2;Las Brujas;Heliofania(hrs);365;0;0;18;0;0;365;0,0
INIA;INIA;2022;2;Las Brujas;HeliofaniaRelativa;365;0;0;18;0;0;365;0,0
INIA;INIA;2022;2;Las Brujas;Llovio;365;0;0;270;0;0;365;0,0
INIA;INIA;2022;2;Las Brujas;Mes;365;0;0;0;0;0;365;0,0
INIA;INIA;2022;2;Las Brujas;PrecipAcum;365;0;0;270;0;0;365;0,0
INIA;INIA;2022;2;Las Brujas;PrecipEfectiva;365;0;0;270;0;0;365;0,0
INIA;INIA;2022;2;Las Brujas;RadSolar;365;0;0;0;0;0;365;0,0
INIA;INIA;2022;2;Las Brujas;RecorridoViento;365;2;0;20;0;2;363;0,5479
INIA;INIA;2022;2;Las Brujas;TMedia;365;0;0;0;0;0;365;0,0
INIA;INIA;2022;2;Las Brujas;TMin15;365;0;0;98;0;0;365;0,0
INIA;INIA;2022;2;Las Brujas;TMinSCesped;365;0;0;2;0;0;365;0,0
INIA;INIA;2022;2;Las Brujas;TempAireMax;365;0;0;0;0;0;365;0,0
INIA;INIA;2022;2;Las Brujas;TempAireMedia;365;0;0;0;0;0;365;0,0
INIA;INIA;2022;2;Las Brujas;TempAireMin;365;0;0;1;0;0;365;0,0
INIA;INIA;2022;2;Las Brujas;TempMin7p2;365;0;0;259;0;0;365;0,0
INIA;INIA;2022;2;Las Brujas;TempSC05cm(max);365;365;0;0;0;365;0;100,0
INIA;INIA;2022;2;Las Brujas;TempSC05cm(med);365;365;0;0;0;365;0;100,0
INIA;INIA;2022;2;Las Brujas;TempSC05cm(min);365;365;0;0;0;365;0;100,0
INIA;INIA;2022;2;Las Brujas;TempSC10cm(max);365;365;0;0;0;365;0;100,0
INIA;INIA;2022;2;Las Brujas;TempSC10cm(med);365;365;0;0;0;365;0;100,0
INIA;INIA;2022;2;Las Brujas;TempSC10cm(min);365;365;0;0;0;365;0;100,0
INIA;INIA;2022;2;Las Brujas;TempSD05cm(max);365;365;0;0;0;365;0;100,0
INIA;INIA;2022;2;Las Brujas;TempSD05cm(med);365;365;0;0;0;365;0;100,0
INIA;INIA;2022;2;Las Brujas;TempSD05cm(min);365;365;0;0;0;365;0;100,0
INIA;INIA;2022;2;Las Brujas;TempSD10cm(max);365;365;0;0;0;365;0;100,0
INIA;INIA;2022;2;Las Brujas;TempSD10cm(med);365;365;0;0;0;365;0;100,0
INIA;INIA;2022;2;Las Brujas;TempSD10cm(min);365;365;0;0;0;365;0;100,0
INIA;INIA;2022;2;Las Brujas;UnTermicasArroz;365;0;0;64;0;0;365;0,0
INIA;INIA;2022;2;Las Brujas;UnidadFrio;365;0;0;2;0;0;365;0,0
INIA;INIA;2022;4;La Estanzuela;AmplitudTermica;365;0;0;0;0;0;365;0,0
INIA;INIA;2022;4;La Estanzuela;Anio;365;0;0;0;0;0;365;0,0
INIA;INIA;2022;4;La Estanzuela;Dia;365;0;0;0;0;0;365;0,0
INIA;INIA;2022;4;La Estanzuela;EstacionAgr;365;0;0;0;0;0;365;0,0
INIA;INIA;2022;4;La Estanzuela;EvapPiche;365;4;0;0;0;4;361;1,0959
INIA;INIA;2022;4;La Estanzuela;EvapTanque;365;0;0;0;0;0;365;0,0
INIA;INIA;2022;4;La Estanzuela;EvapotranspPenman;365;0;0;0;0;0;365;0,0
INIA;INIA;2022;4;La Estanzuela;GradosMenos10;365;60;0;0;0;60;305;16,4384
INIA;INIA;2022;4;La Estanzuela;GradosMenos10p5;365;64;0;6;0;64;301;17,5342
INIA;INIA;2022;4;La Estanzuela;GradosMenos12p8;365;124;0;2;0;124;241;33,9726
INIA;INIA;2022;4;La Estanzuela;GradosMenos4p5;365;0;0;0;0;0;365;0,0
INIA;INIA;2022;4;La Estanzuela;GradosMenos6;365;3;0;2;0;3;362;0,8219
INIA;INIA;2022;4;La Estanzuela;GradosMenos7;365;12;0;1;0;12;353;3,2877
INIA;INIA;2022;4;La Estanzuela;GradosMenos8;365;21;0;1;0;21;344;5,7534
INIA;INIA;2022;4;La Estanzuela;GradosMenos9;365;40;0;1;0;40;325;10,9589
INIA;INIA;2022;4;La Estanzuela;HR100;365;0;0;362;0;0;365;0,0
INIA;INIA;2022;4;La Estanzuela;HR90y99;365;0;0;144;0;0;365;0,0
INIA;INIA;2022;4;La Estanzuela;HRMax;365;0;0;0;0;0;365;0,0
INIA;INIA;2022;4;La Estanzuela;HRMed;365;0;0;0;0;0;365;0,0
INIA;INIA;2022;4;La Estanzuela;HRMin;365;0;0;0;0;0;365;0,0
INIA;INIA;2022;4;La Estanzuela;HeladaAgromet;365;0;0;333;0;0;365;0,0
INIA;INIA;2022;4;La Estanzuela;HeladaMeteo;365;0;0;365;0;0;365;0,0
INIA;INIA;2022;4;La Estanzuela;Heliofania(hrs);365;0;0;22;0;0;365;0,0
INIA;INIA;2022;4;La Estanzuela;HeliofaniaRelativa;365;0;0;22;0;0;365;0,0
INIA;INIA;2022;4;La Estanzuela;Llovio;365;0;0;284;0;0;365;0,0
INIA;INIA;2022;4;La Estanzuela;Mes;365;0;0;0;0;0;365;0,0
INIA;INIA;2022;4;La Estanzuela;PrecipAcum;365;0;0;284;0;0;365;0,0
INIA;INIA;2022;4;La Estanzuela;PrecipEfectiva;365;0;0;284;0;0;365;0,0
INIA;INIA;2022;4;La Estanzuela;RadSolar;365;0;0;0;0;0;365;0,0
INIA;INIA;2022;4;La Estanzuela;RecorridoViento;365;0;0;0;0;0;365;0,0
INIA;INIA;2022;4;La Estanzuela;TMedia;365;0;0;0;0;0;365;0,0
INIA;INIA;2022;4;La Estanzuela;TMin15;365;0;0;105;0;0;365;0,0
INIA;INIA;2022;4;La Estanzuela;TMinSCesped;365;0;0;2;0;0;365;0,0
INIA;INIA;2022;4;La Estanzuela;TempAireMax;365;0;0;0;0;0;365;0,0
INIA;INIA;2022;4;La Estanzuela;TempAireMedia;365;0;0;0;0;0;365;0,0
INIA;INIA;2022;4;La Estanzuela;TempAireMin;365;0;0;0;0;0;365;0,0
INIA;INIA;2022;4;La Estanzuela;TempMin7p2;365;0;0;257;0;0;365;0,0
INIA;INIA;2022;4;La Estanzuela;TempSC05cm(max);365;0;0;0;0;0;365;0,0
INIA;INIA;2022;4;La Estanzuela;TempSC05cm(med);365;0;0;0;0;0;365;0,0
INIA;INIA;2022;4;La Estanzuela;TempSC05cm(min);365;0;0;0;0;0;365;0,0
INIA;INIA;2022;4;La Estanzuela;TempSC10cm(max);365;0;0;0;0;0;365;0,0
INIA;INIA;2022;4;La Estanzuela;TempSC10cm(med);365;0;0;0;0;0;365;0,0
INIA;INIA;2022;4;La Estanzuela;TempSC10cm(min);365;0;0;0;0;0;365;0,0
INIA;INIA;2022;4;La Estanzuela;TempSD05cm(max);365;0;0;0;0;0;365;0,0
INIA;INIA;2022;4;La Estanzuela;TempSD05cm(med);365;0;0;0;0;0;365;0,0
INIA;INIA;2022;4;La Estanzuela;TempSD05cm(min);365;0;0;0;0;0;365;0,0
INIA;INIA;2022;4;La Estanzuela;TempSD10cm(max);365;0;0;0;0;0;365;0,0
INIA;INIA;2022;4;La Estanzuela;TempSD10cm(med);365;0;0;0;0;0;365;0,0
INIA;INIA;2022;4;La Estanzuela;TempSD10cm(min);365;0;0;0;0;0;365;0,0
INIA;INIA;2022;4;La Estanzuela;UnTermicasArroz;365;0;0;50;0;0;365;0,0
INIA;INIA;2022;4;La Estanzuela;UnidadFrio;365;0;0;1;0;0;365;0,0
INIA;INIA;2023;15;Salto Grande;AmplitudTermica;365;0;0;0;0;0;365;0,0
INIA;INIA;2023;15;Salto Grande;Anio;365;0;0;0;0;0;365;0,0
INIA;INIA;2023;15;Salto Grande;Dia;365;0;0;0;0;0;365;0,0
INIA;INIA;2023;15;Salto Grande;EstacionAgr;365;0;0;0;0;0;365;0,0
INIA;INIA;2023;15;Salto Grande;EvapPiche;365;0;0;1;0;0;365;0,0
INIA;INIA;2023;15;Salto Grande;EvapTanque;365;0;0;1;0;0;365;0,0
INIA;INIA;2023;15;Salto Grande;EvapotranspPenman;365;0;0;0;0;0;365;0,0
INIA;INIA;2023;15;Salto Grande;GradosMenos10;365;12;0;1;0;12;353;3,2877
INIA;INIA;2023;15;Salto Grande;GradosMenos10p5;365;17;0;1;0;17;348;4,6575
INIA;INIA;2023;15;Salto Grande;GradosMenos12p8;365;44;0;2;0;44;321;12,0548
INIA;INIA;2023;15;Salto Grande;GradosMenos4p5;365;0;0;0;0;0;365;0,0
INIA;INIA;2023;15;Salto Grande;GradosMenos6;365;3;0;0;0;3;362;0,8219
INIA;INIA;2023;15;Salto Grande;GradosMenos7;365;5;0;0;0;5;360;1,3699
INIA;INIA;2023;15;Salto Grande;GradosMenos8;365;5;0;0;0;5;360;1,3699
INIA;INIA;2023;15;Salto Grande;GradosMenos9;365;8;0;0;0;8;357;2,1918
INIA;INIA;2023;15;Salto Grande;HR100;365;0;0;295;0;0;365;0,0
INIA;INIA;2023;15;Salto Grande;HR90y99;365;0;0;71;0;0;365;0,0
INIA;INIA;2023;15;Salto Grande;HRMax;365;0;0;0;0;0;365;0,0
INIA;INIA;2023;15;Salto Grande;HRMed;365;0;0;0;0;0;365;0,0
INIA;INIA;2023;15;Salto Grande;HRMin;365;0;0;0;0;0;365;0,0
INIA;INIA;2023;15;Salto Grande;HeladaAgromet;365;0;0;336;0;0;365;0,0
INIA;INIA;2023;15;Salto Grande;HeladaMeteo;365;0;0;364;0;0;365;0,0
INIA;INIA;2023;15;Salto Grande;Heliofania(hrs);365;0;0;41;0;0;365;0,0
INIA;INIA;2023;15;Salto Grande;HeliofaniaRelativa;365;0;0;41;0;0;365;0,0
INIA;INIA;2023;15;Salto Grande;Llovio;365;0;0;259;0;0;365;0,0
INIA;INIA;2023;15;Salto Grande;Mes;365;0;0;0;0;0;365;0,0
INIA;INIA;2023;15;Salto Grande;PrecipAcum;365;0;0;259;0;0;365;0,0
INIA;INIA;2023;15;Salto Grande;PrecipEfectiva;365;0;0;259;0;0;365;0,0
INIA;INIA;2023;15;Salto Grande;RadSolar;365;0;0;0;0;0;365;0,0
INIA;INIA;2023;15;Salto Grande;RecorridoViento;365;0;0;0;0;0;365;0,0
INIA;INIA;2023;15;Salto Grande;TMedia;365;0;0;0;0;0;365;0,0
INIA;INIA;2023;15;Salto Grande;TMin15;365;0;0;178;0;0;365;0,0
INIA;INIA;2023;15;Salto Grande;TMinSCesped;365;0;0;1;0;0;365;0,0
INIA;INIA;2023;15;Salto Grande;TempAireMax;365;0;0;0;0;0;365;0,0
INIA;INIA;2023;15;Salto Grande;TempAireMedia;365;0;0;0;0;0;365;0,0
INIA;INIA;2023;15;Salto Grande;TempAireMin;365;0;0;0;0;0;365;0,0
INIA;INIA;2023;15;Salto Grande;TempMin7p2;365;0;0;322;0;0;365;0,0
INIA;INIA;2023;15;Salto Grande;TempSC05cm(max);365;0;0;0;0;0;365;0,0
INIA;INIA;2023;15;Salto Grande;TempSC05cm(med);365;0;0;0;0;0;365;0,0
INIA;INIA;2023;15;Salto Grande;TempSC05cm(min);365;0;0;0;0;0;365;0,0
INIA;INIA;2023;15;Salto Grande;TempSC10cm(max);365;0;0;0;0;0;365;0,0
INIA;INIA;2023;15;Salto Grande;TempSC10cm(med);365;0;0;0;0;0;365;0,0
INIA;INIA;2023;15;Salto Grande;TempSC10cm(min);365;0;0;0;0;0;365;0,0
INIA;INIA;2023;15;Salto Grande;TempSD05cm(max);365;0;0;0;0;0;365;0,0
INIA;INIA;2023;15;Salto Grande;TempSD05cm(med);365;0;0;0;0;0;365;0,0
INIA;INIA;2023;15;Salto Grande;TempSD05cm(min);365;0;0;0;0;0;365;0,0
INIA;INIA;2023;15;Salto Grande;TempSD10cm(max);365;0;0;0;0;0;365;0,0
INIA;INIA;2023;15;Salto Grande;TempSD10cm(med);365;0;0;0;0;0;365;0,0
INIA;INIA;2023;15;Salto Grande;TempSD10cm(min);365;0;0;0;0;0;365;0,0
INIA;INIA;2023;15;Salto Grande;UnTermicasArroz;365;0;0;15;0;0;365;0,0
INIA;INIA;2023;15;Salto Grande;UnidadFrio;365;0;0;2;0;0;365;0,0
INIA;INIA;2023;18;Tacuarembó La Magnolia;AmplitudTermica;365;0;0;0;0;0;365;0,0
INIA;INIA;2023;18;Tacuarembó La Magnolia;Anio;365;0;0;0;0;0;365;0,0
INIA;INIA;2023;18;Tacuarembó La Magnolia;Dia;365;0;0;0;0;0;365;0,0
INIA;INIA;2023;18;Tacuarembó La Magnolia;EstacionAgr;365;0;0;0;0;0;365;0,0
INIA;INIA;2023;18;Tacuarembó La Magnolia;EvapPiche;365;5;0;0;0;5;360;1,3699
INIA;INIA;2023;18;Tacuarembó La Magnolia;EvapTanque;365;0;0;0;0;0;365;0,0
INIA;INIA;2023;18;Tacuarembó La Magnolia;EvapotranspPenman;365;0;0;0;0;0;365;0,0
INIA;INIA;2023;18;Tacuarembó La Magnolia;GradosMenos10;365;30;0;2;0;30;335;8,2192
INIA;INIA;2023;18;Tacuarembó La Magnolia;GradosMenos10p5;365;35;0;0;0;35;330;9,589
INIA;INIA;2023;18;Tacuarembó La Magnolia;GradosMenos12p8;365;65;0;1;0;65;300;17,8082
INIA;INIA;2023;18;Tacuarembó La Magnolia;GradosMenos4p5;365;0;0;0;0;0;365;0,0
INIA;INIA;2023;18;Tacuarembó La Magnolia;GradosMenos6;365;5;0;0;0;5;360;1,3699
INIA;INIA;2023;18;Tacuarembó La Magnolia;GradosMenos7;365;10;0;0;0;10;355;2,7397
INIA;INIA;2023;18;Tacuarembó La Magnolia;GradosMenos8;365;14;0;0;0;14;351;3,8356
INIA;INIA;2023;18;Tacuarembó La Magnolia;GradosMenos9;365;23;0;0;0;23;342;6,3014
INIA;INIA;2023;18;Tacuarembó La Magnolia;HR100;365;0;0;364;0;0;365;0,0
INIA;INIA;2023;18;Tacuarembó La Magnolia;HR90y99;365;0;0;35;0;0;365;0,0
INIA;INIA;2023;18;Tacuarembó La Magnolia;HRMax;365;0;0;0;0;0;365;0,0
INIA;INIA;2023;18;Tacuarembó La Magnolia;HRMed;365;0;0;0;0;0;365;0,0
INIA;INIA;2023;18;Tacuarembó La Magnolia;HRMin;365;0;0;0;0;0;365;0,0
INIA;INIA;2023;18;Tacuarembó La Magnolia;HeladaAgromet;365;0;0;340;0;0;365;0,0
INIA;INIA;2023;18;Tacuarembó La Magnolia;HeladaMeteo;365;0;0;353;0;0;365;0,0
INIA;INIA;2023;18;Tacuarembó La Magnolia;Heliofania(hrs);365;0;0;45;0;0;365;0,0
INIA;INIA;2023;18;Tacuarembó La Magnolia;HeliofaniaRelativa;365;0;0;45;0;0;365;0,0
INIA;INIA;2023;18;Tacuarembó La Magnolia;Llovio;365;0;0;259;0;0;365;0,0
INIA;INIA;2023;18;Tacuarembó La Magnolia;Mes;365;0;0;0;0;0;365;0,0
INIA;INIA;2023;18;Tacuarembó La Magnolia;PrecipAcum;365;0;0;259;0;0;365;0,0
INIA;INIA;2023;18;Tacuarembó La Magnolia;PrecipEfectiva;365;0;0;259;0;0;365;0,0
INIA;INIA;2023;18;Tacuarembó La Magnolia;RadSolar;365;0;0;0;0;0;365;0,0
INIA;INIA;2023;18;Tacuarembó La Magnolia;RecorridoViento;365;0;0;0;0;0;365;0,0
INIA;INIA;2023;18;Tacuarembó La Magnolia;TMedia;365;0;0;0;0;0;365;0,0
INIA;INIA;2023;18;Tacuarembó La Magnolia;TMin15;365;0;0;143;0;0;365;0,0
INIA;INIA;2023;18;Tacuarembó La Magnolia;TMinSCesped;365;0;0;1;0;0;365;0,0
INIA;INIA;2023;18;Tacuarembó La Magnolia;TempAireMax;365;0;0;0;0;0;365;0,0
INIA;INIA;2023;18;Tacuarembó La Magnolia;TempAireMedia;365;0;0;0;0;0;365;0,0
INIA;INIA;2023;18;Tacuarembó La Magnolia;TempAireMin;365;0;0;0;0;0;365;0,0
INIA;INIA;2023;18;Tacuarembó La Magnolia;TempMin7p2;365;0;0;291;0;0;365;0,0
INIA;INIA;2023;18;Tacuarembó La Magnolia;TempSC05cm(max);365;160;0;0;0;160;205;43,8356
INIA;INIA;2023;18;Tacuarembó La Magnolia;TempSC05cm(med);365;160;0;0;0;160;205;43,8356
INIA;INIA;2023;18;Tacuarembó La Magnolia;TempSC05cm(min);365;160;0;0;0;160;205;43,8356
INIA;INIA;2023;18;Tacuarembó La Magnolia;TempSC10cm(max);365;160;0;0;0;160;205;43,8356
INIA;INIA;2023;18;Tacuarembó La Magnolia;TempSC10cm(med);365;160;0;0;0;160;205;43,8356
INIA;INIA;2023;18;Tacuarembó La Magnolia;TempSC10cm(min);365;160;0;0;0;160;205;43,8356
INIA;INIA;2023;18;Tacuarembó La Magnolia;TempSD05cm(max);365;160;0;0;0;160;205;43,8356
INIA;INIA;2023;18;Tacuarembó La Magnolia;TempSD05cm(med);365;160;0;0;0;160;205;43,8356
INIA;INIA;2023;18;Tacuarembó La Magnolia;TempSD05cm(min);365;160;0;0;0;160;205;43,8356
INIA;INIA;2023;18;Tacuarembó La Magnolia;TempSD10cm(max);365;160;0;0;0;160;205;43,8356
INIA;INIA;2023;18;Tacuarembó La Magnolia;TempSD10cm(med);365;160;0;0;0;160;205;43,8356
INIA;INIA;2023;18;Tacuarembó La Magnolia;TempSD10cm(min);365;160;0;0;0;160;205;43,8356
INIA;INIA;2023;18;Tacuarembó La Magnolia;UnTermicasArroz;365;0;0;29;0;0;365;0,0
INIA;INIA;2023;18;Tacuarembó La Magnolia;UnidadFrio;365;0;0;3;0;0;365;0,0
INIA;INIA;2023;18;Tacuaremnó Glencore;AmplitudTermica;365;0;0;0;0;0;365;0,0
INIA;INIA;2023;18;Tacuaremnó Glencore;Anio;365;0;0;0;0;0;365;0,0
INIA;INIA;2023;18;Tacuaremnó Glencore;Dia;365;0;0;0;0;0;365;0,0
INIA;INIA;2023;18;Tacuaremnó Glencore;EstacionAgr;365;0;0;0;0;0;365;0,0
INIA;INIA;2023;18;Tacuaremnó Glencore;EvapPiche;365;365;0;0;0;365;0;100,0
INIA;INIA;2023;18;Tacuaremnó Glencore;EvapTanque;365;36;0;1;0;36;329;9,863
INIA;INIA;2023;18;Tacuaremnó Glencore;EvapotranspPenman;365;0;0;0;0;0;365;0,0
INIA;INIA;2023;18;Tacuaremnó Glencore;GradosMenos10;365;27;0;1;0;27;338;7,3973
INIA;INIA;2023;18;Tacuaremnó Glencore;GradosMenos10p5;365;35;0;1;0;35;330;9,589
INIA;INIA;2023;18;Tacuaremnó Glencore;GradosMenos12p8;365;65;0;1;0;65;300;17,8082
INIA;INIA;2023;18;Tacuaremnó Glencore;GradosMenos4p5;365;1;0;0;0;1;364;0,274
INIA;INIA;2023;18;Tacuaremnó Glencore;GradosMenos6;365;5;0;0;0;5;360;1,3699
INIA;INIA;2023;18;Tacuaremnó Glencore;GradosMenos7;365;7;0;1;0;7;358;1,9178
INIA;INIA;2023;18;Tacuaremnó Glencore;GradosMenos8;365;10;0;1;0;10;355;2,7397
INIA;INIA;2023;18;Tacuaremnó Glencore;GradosMenos9;365;19;0;0;0;19;346;5,2055
INIA;INIA;2023;18;Tacuaremnó Glencore;HR100;365;0;0;335;0;0;365;0,0
INIA;INIA;2023;18;Tacuaremnó Glencore;HR90y99;365;0;0;96;0;0;365;0,0
INIA;INIA;2023;18;Tacuaremnó Glencore;HRMax;365;0;0;0;0;0;365;0,0
INIA;INIA;2023;18;Tacuaremnó Glencore;HRMed;365;0;0;0;0;0;365;0,0
INIA;INIA;2023;18;Tacuaremnó Glencore;HRMin;365;0;0;0;0;0;365;0,0
INIA;INIA;2023;18;Tacuaremnó Glencore;HeladaAgromet;365;0;0;337;0;0;365;0,0
INIA;INIA;2023;18;Tacuaremnó Glencore;HeladaMeteo;365;0;0;361;0;0;365;0,0
INIA;INIA;2023;18;Tacuaremnó Glencore;Heliofania(hrs);365;0;0;65;0;0;365;0,0
INIA;INIA;2023;18;Tacuaremnó Glencore;HeliofaniaRelativa;365;0;0;65;0;0;365;0,0
INIA;INIA;2023;18;Tacuaremnó Glencore;Llovio;365;0;0;277;0;0;365;0,0
INIA;INIA;2023;18;Tacuaremnó Glencore;Mes;365;0;0;0;0;0;365;0,0
INIA;INIA;2023;18;Tacuaremnó Glencore;PrecipAcum;365;0;0;277;0;0;365;0,0
INIA;INIA;2023;18;Tacuaremnó Glencore;PrecipEfectiva;365;0;0;277;0;0;365;0,0
INIA;INIA;2023;18;Tacuaremnó Glencore;RadSolar;365;0;0;0;0;0;365;0,0
INIA;INIA;2023;18;Tacuaremnó Glencore;RecorridoViento;365;33;0;0;0;33;332;9,0411
INIA;INIA;2023;18;Tacuaremnó Glencore;TMedia;365;0;0;0;0;0;365;0,0
INIA;INIA;2023;18;Tacuaremnó Glencore;TMin15;365;0;0;147;0;0;365;0,0
INIA;INIA;2023;18;Tacuaremnó Glencore;TMinSCesped;365;1;0;0;0;1;364;0,274
INIA;INIA;2023;18;Tacuaremnó Glencore;TempAireMax;365;1;0;0;0;1;364;0,274
INIA;INIA;2023;18;Tacuaremnó Glencore;TempAireMedia;365;0;0;0;0;0;365;0,0
INIA;INIA;2023;18;Tacuaremnó Glencore;TempAireMin;365;0;0;0;0;0;365;0,0
INIA;INIA;2023;18;Tacuaremnó Glencore;TempMin7p2;365;0;0;297;0;0;365;0,0
INIA;INIA;2023;18;Tacuaremnó Glencore;TempSC05cm(max);365;365;0;0;0;365;0;100,0
INIA;INIA;2023;18;Tacuaremnó Glencore;TempSC05cm(med);365;365;0;0;0;365;0;100,0
INIA;INIA;2023;18;Tacuaremnó Glencore;TempSC05cm(min);365;365;0;0;0;365;0;100,0
INIA;INIA;2023;18;Tacuaremnó Glencore;TempSC10cm(max);365;365;0;0;0;365;0;100,0
INIA;INIA;2023;18;Tacuaremnó Glencore;TempSC10cm(med);365;365;0;0;0;365;0;100,0
INIA;INIA;2023;18;Tacuaremnó Glencore;TempSC10cm(min);365;365;0;0;0;365;0;100,0
INIA;INIA;2023;18;Tacuaremnó Glencore;TempSD05cm(max);365;365;0;0;0;365;0;100,0
INIA;INIA;2023;18;Tacuaremnó Glencore;TempSD05cm(med);365;365;0;0;0;365;0;100,0
INIA;INIA;2023;18;Tacuaremnó Glencore;TempSD05cm(min);365;365;0;0;0;365;0;100,0
INIA;INIA;2023;18;Tacuaremnó Glencore;TempSD10cm(max);365;365;0;0;0;365;0;100,0
INIA;INIA;2023;18;Tacuaremnó Glencore;TempSD10cm(med);365;365;0;0;0;365;0;100,0
INIA;INIA;2023;18;Tacuaremnó Glencore;TempSD10cm(min);365;365;0;0;0;365;0;100,0
INIA;INIA;2023;18;Tacuaremnó Glencore;UnTermicasArroz;365;1;0;29;0;1;364;0,274
INIA;INIA;2023;18;Tacuaremnó Glencore;UnidadFrio;365;0;0;1;0;0;365;0,0
INIA;INIA;2023;19;Treinta y Tres Paso de la Laguna;AmplitudTermica;365;0;0;0;0;0;365;0,0
INIA;INIA;2023;19;Treinta y Tres Paso de la Laguna;Anio;365;0;0;0;0;0;365;0,0
INIA;INIA;2023;19;Treinta y Tres Paso de la Laguna;Dia;365;0;0;0;0;0;365;0,0
INIA;INIA;2023;19;Treinta y Tres Paso de la Laguna;EstacionAgr;365;0;0;0;0;0;365;0,0
INIA;INIA;2023;19;Treinta y Tres Paso de la Laguna;EvapPiche;365;0;0;3;0;0;365;0,0
INIA;INIA;2023;19;Treinta y Tres Paso de la Laguna;EvapTanque;365;0;0;16;0;0;365;0,0
INIA;INIA;2023;19;Treinta y Tres Paso de la Laguna;EvapotranspPenman;365;0;0;0;0;0;365;0,0
INIA;INIA;2023;19;Treinta y Tres Paso de la Laguna;GradosMenos10;365;38;0;3;0;38;327;10,411
INIA;INIA;2023;19;Treinta y Tres Paso de la Laguna;GradosMenos10p5;365;43;0;2;0;43;322;11,7808
INIA;INIA;2023;19;Treinta y Tres Paso de la Laguna;GradosMenos12p8;365;86;0;3;0;86;279;23,5616
INIA;INIA;2023;19;Treinta y Tres Paso de la Laguna;GradosMenos4p5;365;2;0;0;0;2;363;0,5479
INIA;INIA;2023;19;Treinta y Tres Paso de la Laguna;GradosMenos6;365;7;0;0;0;7;358;1,9178
INIA;INIA;2023;19;Treinta y Tres Paso de la Laguna;GradosMenos7;365;16;0;0;0;16;349;4,3836
INIA;INIA;2023;19;Treinta y Tres Paso de la Laguna;GradosMenos8;365;20;0;0;0;20;345;5,4795
INIA;INIA;2023;19;Treinta y Tres Paso de la Laguna;GradosMenos9;365;27;0;0;0;27;338;7,3973
INIA;INIA;2023;19;Treinta y Tres Paso de la Laguna;HR100;365;0;0;185;0;0;365;0,0
INIA;INIA;2023;19;Treinta y Tres Paso de la Laguna;HR90y99;365;0;0;4;0;0;365;0,0
INIA;INIA;2023;19;Treinta y Tres Paso de la Laguna;HRMax;365;0;0;0;0;0;365;0,0
INIA;INIA;2023;19;Treinta y Tres Paso de la Laguna;HRMed;365;0;0;0;0;0;365;0,0
INIA;INIA;2023;19;Treinta y Tres Paso de la Laguna;HRMin;365;0;0;1;0;0;365;0,0
INIA;INIA;2023;19;Treinta y Tres Paso de la Laguna;HeladaAgromet;365;0;0;327;0;0;365;0,0
INIA;INIA;2023;19;Treinta y Tres Paso de la Laguna;HeladaMeteo;365;0;0;351;0;0;365;0,0
INIA;INIA;2023;19;Treinta y Tres Paso de la Laguna;Heliofania(hrs);365;0;0;45;0;0;365;0,0
INIA;INIA;2023;19;Treinta y Tres Paso de la Laguna;HeliofaniaRelativa;365;0;0;45;0;0;365;0,0
INIA;INIA;2023;19;Treinta y Tres Paso de la Laguna;Llovio;365;0;0;272;0;0;365;0,0
INIA;INIA;2023;19;Treinta y Tres Paso de la Laguna;Mes;365;0;0;0;0;0;365;0,0
INIA;INIA;2023;19;Treinta y Tres Paso de la Laguna;PrecipAcum;365;0;0;272;0;0;365;0,0
INIA;INIA;2023;19;Treinta y Tres Paso de la Laguna;PrecipEfectiva;365;0;0;272;0;0;365;0,0
INIA;INIA;2023;19;Treinta y Tres Paso de la Laguna;RadSolar;365;0;0;0;0;0;365;0,0
INIA;INIA;2023;19;Treinta y Tres Paso de la Laguna;RecorridoViento;365;0;0;0;0;0;365;0,0
INIA;INIA;2023;19;Treinta y Tres Paso de la Laguna;TMedia;365;0;0;0;0;0;365;0,0
INIA;INIA;2023;19;Treinta y Tres Paso de la Laguna;TMin15;365;0;0;114;0;0;365;0,0
INIA;INIA;2023;19;Treinta y Tres Paso de la Laguna;TMinSCesped;365;0;0;2;0;0;365;0,0
INIA;INIA;2023;19;Treinta y Tres Paso de la Laguna;TempAireMax;365;0;0;0;0;0;365;0,0
INIA;INIA;2023;19;Treinta y Tres Paso de la Laguna;TempAireMedia;365;0;0;0;0;0;365;0,0
INIA;INIA;2023;19;Treinta y Tres Paso de la Laguna;TempAireMin;365;0;0;1;0;0;365;0,0
INIA;INIA;2023;19;Treinta y Tres Paso de la Laguna;TempMin7p2;365;0;0;279;0;0;365;0,0
INIA;INIA;2023;19;Treinta y Tres Paso de la Laguna;TempSC05cm(max);365;2;0;0;0;2;363;0,5479
INIA;INIA;2023;19;Treinta y Tres Paso de la Laguna;TempSC05cm(med);365;3;0;0;0;3;362;0,8219
INIA;INIA;2023;19;Treinta y Tres Paso de la Laguna;TempSC05cm(min);365;2;0;0;0;2;363;0,5479
INIA;INIA;2023;19;Treinta y Tres Paso de la Laguna;TempSC10cm(max);365;2;0;0;0;2;363;0,5479
INIA;INIA;2023;19;Treinta y Tres Paso de la Laguna;TempSC10cm(med);365;3;0;0;0;3;362;0,8219
INIA;INIA;2023;19;Treinta y Tres Paso de la Laguna;TempSC10cm(min);365;2;0;0;0;2;363;0,5479
INIA;INIA;2023;19;Treinta y Tres Paso de la Laguna;TempSD05cm(max);365;2;0;0;0;2;363;0,5479
INIA;INIA;2023;19;Treinta y Tres Paso de la Laguna;TempSD05cm(med);365;3;0;0;0;3;362;0,8219
INIA;INIA;2023;19;Treinta y Tres Paso de la Laguna;TempSD05cm(min);365;2;0;0;0;2;363;0,5479
INIA;INIA;2023;19;Treinta y Tres Paso de la Laguna;TempSD10cm(max);365;2;0;0;0;2;363;0,5479
INIA;INIA;2023;19;Treinta y Tres Paso de la Laguna;TempSD10cm(med);365;3;0;0;0;3;362;0,8219
INIA;INIA;2023;19;Treinta y Tres Paso de la Laguna;TempSD10cm(min);365;2;0;0;0;2;363;0,5479
INIA;INIA;2023;19;Treinta y Tres Paso de la Laguna;UnTermicasArroz;365;0;0;35;0;0;365;0,0
INIA;INIA;2023;19;Treinta y Tres Paso de la Laguna;UnidadFrio;365;0;0;2;0;0;365;0,0
INIA;INIA;2023;2;Las Brujas;AmplitudTermica;365;0;0;0;0;0;365;0,0
INIA;INIA;2023;2;Las Brujas;Anio;365;0;0;0;0;0;365;0,0
INIA;INIA;2023;2;Las Brujas;Dia;365;0;0;0;0;0;365;0,0
INIA;INIA;2023;2;Las Brujas;EstacionAgr;365;0;0;0;0;0;365;0,0
INIA;INIA;2023;2;Las Brujas;EvapPiche;365;0;0;0;0;0;365;0,0
INIA;INIA;2023;2;Las Brujas;EvapTanque;365;0;0;0;0;0;365;0,0
INIA;INIA;2023;2;Las Brujas;EvapotranspPenman;365;0;0;0;0;0;365;0,0
INIA;INIA;2023;2;Las Brujas;GradosMenos10;365;44;0;3;0;44;321;12,0548
INIA;INIA;2023;2;Las Brujas;GradosMenos10p5;365;54;0;2;0;54;311;14,7945
INIA;INIA;2023;2;Las Brujas;GradosMenos12p8;365;102;0;0;0;102;263;27,9452
INIA;INIA;2023;2;Las Brujas;GradosMenos4p5;365;0;0;0;0;0;365;0,0
INIA;INIA;2023;2;Las Brujas;GradosMenos6;365;4;0;3;0;4;361;1,0959
INIA;INIA;2023;2;Las Brujas;GradosMenos7;365;11;0;0;0;11;354;3,0137
INIA;INIA;2023;2;Las Brujas;GradosMenos8;365;16;0;1;0;16;349;4,3836
INIA;INIA;2023;2;Las Brujas;GradosMenos9;365;31;0;3;0;31;334;8,4932
INIA;INIA;2023;2;Las Brujas;HR100;365;0;0;358;0;0;365;0,0
INIA;INIA;2023;2;Las Brujas;HR90y99;365;0;0;78;0;0;365;0,0
INIA;INIA;2023;2;Las Brujas;HRMax;365;0;0;0;0;0;365;0,0
INIA;INIA;2023;2;Las Brujas;HRMed;365;0;0;0;0;0;365;0,0
INIA;INIA;2023;2;Las Brujas;HRMin;365;0;0;0;0;0;365;0,0
INIA;INIA;2023;2;Las Brujas;HeladaAgromet;365;0;0;350;0;0;365;0,0
INIA;INIA;2023;2;Las Brujas;HeladaMeteo;365;0;0;358;0;0;365;0,0
INIA;INIA;2023;2;Las Brujas;Heliofania(hrs);365;0;0;17;0;0;365;0,0
INIA;INIA;2023;2;Las Brujas;HeliofaniaRelativa;365;0;0;17;0;0;365;0,0
INIA;INIA;2023;2;Las Brujas;Llovio;365;0;0;273;0;0;365;0,0
INIA;INIA;2023;2;Las Brujas;Mes;365;0;0;0;0;0;365;0,0
INIA;INIA;2023;2;Las Brujas;PrecipAcum;365;0;0;273;0;0;365;0,0
INIA;INIA;2023;2;Las Brujas;PrecipEfectiva;365;0;0;273;0;0;365;0,0
INIA;INIA;2023;2;Las Brujas;RadSolar;365;0;0;0;0;0;365;0,0
INIA;INIA;2023;2;Las Brujas;RecorridoViento;365;0;0;0;0;0;365;0,0
INIA;INIA;2023;2;Las Brujas;TMedia;365;0;0;0;0;0;365;0,0
INIA;INIA;2023;2;Las Brujas;TMin15;365;0;0;107;0;0;365;0,0
INIA;INIA;2023;2;Las Brujas;TMinSCesped;365;0;0;0;0;0;365;0,0
INIA;INIA;2023;2;Las Brujas;TempAireMax;365;0;0;0;0;0;365;0,0
INIA;INIA;2023;2;Las Brujas;TempAireMedia;365;0;0;0;0;0;365;0,0
INIA;INIA;2023;2;Las Brujas;TempAireMin;365;0;0;0;0;0;365;0,0
INIA;INIA;2023;2;Las Brujas;TempMin7p2;365;0;0;290;0;0;365;0,0
INIA;INIA;2023;2;Las Brujas;TempSC05cm(max);365;365;0;0;0;365;0;100,0
INIA;INIA;2023;2;Las Brujas;TempSC05cm(med);365;365;0;0;0;365;0;100,0
INIA;INIA;2023;2;Las Brujas;TempSC05cm(min);365;365;0;0;0;365;0;100,0
INIA;INIA;2023;2;Las Brujas;TempSC10cm(max);365;365;0;0;0;365;0;100,0
INIA;INIA;2023;2;Las Brujas;TempSC10cm(med);365;365;0;0;0;365;0;100,0
INIA;INIA;2023;2;Las Brujas;TempSC10cm(min);365;365;0;0;0;365;0;100,0
INIA;INIA;2023;2;Las Brujas;TempSD05cm(max);365;365;0;0;0;365;0;100,0
INIA;INIA;2023;2;Las Brujas;TempSD05cm(med);365;365;0;0;0;365;0;100,0
INIA;INIA;2023;2;Las Brujas;TempSD05cm(min);365;365;0;0;0;365;0;100,0
INIA;INIA;2023;2;Las Brujas;TempSD10cm(max);365;365;0;0;0;365;0;100,0
INIA;INIA;2023;2;Las Brujas;TempSD10cm(med);365;365;0;0;0;365;0;100,0
INIA;INIA;2023;2;Las Brujas;TempSD10cm(min);365;365;0;0;0;365;0;100,0
INIA;INIA;2023;2;Las Brujas;UnTermicasArroz;365;0;0;48;0;0;365;0,0
INIA;INIA;2023;2;Las Brujas;UnidadFrio;365;0;0;6;0;0;365;0,0
INIA;INIA;2023;4;La Estanzuela;AmplitudTermica;365;0;0;0;0;0;365;0,0
INIA;INIA;2023;4;La Estanzuela;Anio;365;0;0;0;0;0;365;0,0
INIA;INIA;2023;4;La Estanzuela;Dia;365;0;0;0;0;0;365;0,0
INIA;INIA;2023;4;La Estanzuela;EstacionAgr;365;0;0;0;0;0;365;0,0
INIA;INIA;2023;4;La Estanzuela;EvapPiche;365;3;0;0;0;3;362;0,8219
INIA;INIA;2023;4;La Estanzuela;EvapTanque;365;0;0;0;0;0;365;0,0
INIA;INIA;2023;4;La Estanzuela;EvapotranspPenman;365;0;0;0;0;0;365;0,0
INIA;INIA;2023;4;La Estanzuela;GradosMenos10;365;41;0;1;0;41;324;11,2329
INIA;INIA;2023;4;La Estanzuela;GradosMenos10p5;365;48;0;4;0;48;317;13,1507
INIA;INIA;2023;4;La Estanzuela;GradosMenos12p8;365;93;0;3;0;93;272;25,4795
INIA;INIA;2023;4;La Estanzuela;GradosMenos4p5;365;1;0;0;0;1;364;0,274
INIA;INIA;2023;4;La Estanzuela;GradosMenos6;365;6;0;0;0;6;359;1,6438
INIA;INIA;2023;4;La Estanzuela;GradosMenos7;365;13;0;0;0;13;352;3,5616
INIA;INIA;2023;4;La Estanzuela;GradosMenos8;365;16;0;2;0;16;349;4,3836
INIA;INIA;2023;4;La Estanzuela;GradosMenos9;365;28;0;0;0;28;337;7,6712
INIA;INIA;2023;4;La Estanzuela;HR100;365;0;0;362;0;0;365;0,0
INIA;INIA;2023;4;La Estanzuela;HR90y99;365;0;0;185;0;0;365;0,0
INIA;INIA;2023;4;La Estanzuela;HRMax;365;0;0;0;0;0;365;0,0
INIA;INIA;2023;4;La Estanzuela;HRMed;365;0;0;0;0;0;365;0,0
INIA;INIA;2023;4;La Estanzuela;HRMin;365;0;0;0;0;0;365;0,0
INIA;INIA;2023;4;La Estanzuela;HeladaAgromet;365;0;0;332;0;0;365;0,0
INIA;INIA;2023;4;La Estanzuela;HeladaMeteo;365;0;0;363;0;0;365;0,0
INIA;INIA;2023;4;La Estanzuela;Heliofania(hrs);365;0;0;15;0;0;365;0,0
INIA;INIA;2023;4;La Estanzuela;HeliofaniaRelativa;365;0;0;15;0;0;365;0,0
INIA;INIA;2023;4;La Estanzuela;Llovio;365;0;0;284;0;0;365;0,0
INIA;INIA;2023;4;La Estanzuela;Mes;365;0;0;0;0;0;365;0,0
INIA;INIA;2023;4;La Estanzuela;PrecipAcum;365;0;0;284;0;0;365;0,0
INIA;INIA;2023;4;La Estanzuela;PrecipEfectiva;365;0;0;284;0;0;365;0,0
INIA;INIA;2023;4;La Estanzuela;RadSolar;365;0;0;0;0;0;365;0,0
INIA;INIA;2023;4;La Estanzuela;RecorridoViento;365;0;0;0;0;0;365;0,0
INIA;INIA;2023;4;La Estanzuela;TMedia;365;0;0;0;0;0;365;0,0
INIA;INIA;2023;4;La Estanzuela;TMin15;365;0;0;126;0;0;365;0,0
INIA;INIA;2023;4;La Estanzuela;TMinSCesped;365;0;0;1;0;0;365;0,0
INIA;INIA;2023;4;La Estanzuela;TempAireMax;365;1;0;0;0;1;364;0,274
INIA;INIA;2023;4;La Estanzuela;TempAireMedia;365;0;0;0;0;0;365;0,0
INIA;INIA;2023;4;La Estanzuela;TempAireMin;365;1;0;0;0;1;364;0,274
INIA;INIA;2023;4;La Estanzuela;TempMin7p2;365;0;0;291;0;0;365;0,0
INIA;INIA;2023;4;La Estanzuela;TempSC05cm(max);365;1;0;0;0;1;364;0,274
INIA;INIA;2023;4;La Estanzuela;TempSC05cm(med);365;2;0;0;0;2;363;0,5479
INIA;INIA;2023;4;La Estanzuela;TempSC05cm(min);365;1;0;0;0;1;364;0,274
INIA;INIA;2023;4;La Estanzuela;TempSC10cm(max);365;1;0;0;0;1;364;0,274
INIA;INIA;2023;4;La Estanzuela;TempSC10cm(med);365;2;0;0;0;2;363;0,5479
INIA;INIA;2023;4;La Estanzuela;TempSC10cm(min);365;1;0;0;0;1;364;0,274
INIA;INIA;2023;4;La Estanzuela;TempSD05cm(max);365;0;0;0;0;0;365;0,0
INIA;INIA;2023;4;La Estanzuela;TempSD05cm(med);365;1;0;0;0;1;364;0,274
INIA;INIA;2023;4;La Estanzuela;TempSD05cm(min);365;1;0;0;0;1;364;0,274
INIA;INIA;2023;4;La Estanzuela;TempSD10cm(max);365;0;0;0;0;0;365;0,0
INIA;INIA;2023;4;La Estanzuela;TempSD10cm(med);365;1;0;0;0;1;364;0,274
INIA;INIA;2023;4;La Estanzuela;TempSD10cm(min);365;1;0;0;0;1;364;0,274
INIA;INIA;2023;4;La Estanzuela;UnTermicasArroz;365;1;0;33;0;1;364;0,274
INIA;INIA;2023;4;La Estanzuela;UnidadFrio;365;0;0;2;0;0;365;0,0
INIA;INIA;2024;15;Salto Grande;AmplitudTermica;366;0;0;0;0;0;366;0,0
INIA;INIA;2024;15;Salto Grande;Anio;366;0;0;0;0;0;366;0,0
INIA;INIA;2024;15;Salto Grande;Dia;366;0;0;0;0;0;366;0,0
INIA;INIA;2024;15;Salto Grande;EstacionAgr;366;0;0;0;0;0;366;0,0
INIA;INIA;2024;15;Salto Grande;EvapPiche;366;0;0;0;0;0;366;0,0
INIA;INIA;2024;15;Salto Grande;EvapTanque;366;0;0;0;0;0;366;0,0
INIA;INIA;2024;15;Salto Grande;EvapotranspPenman;366;0;0;0;0;0;366;0,0
INIA;INIA;2024;15;Salto Grande;GradosMenos10;366;32;0;2;0;32;334;8,7432
INIA;INIA;2024;15;Salto Grande;GradosMenos10p5;366;38;0;1;0;38;328;10,3825
INIA;INIA;2024;15;Salto Grande;GradosMenos12p8;366;59;0;0;0;59;307;16,1202
INIA;INIA;2024;15;Salto Grande;GradosMenos4p5;366;4;0;0;0;4;362;1,0929
INIA;INIA;2024;15;Salto Grande;GradosMenos6;366;6;0;0;0;6;360;1,6393
INIA;INIA;2024;15;Salto Grande;GradosMenos7;366;8;0;1;0;8;358;2,1858
INIA;INIA;2024;15;Salto Grande;GradosMenos8;366;13;0;0;0;13;353;3,5519
INIA;INIA;2024;15;Salto Grande;GradosMenos9;366;19;0;0;0;19;347;5,1913
INIA;INIA;2024;15;Salto Grande;HR100;366;0;0;276;0;0;366;0,0
INIA;INIA;2024;15;Salto Grande;HR90y99;366;0;0;34;0;0;366;0,0
INIA;INIA;2024;15;Salto Grande;HRMax;366;0;0;0;0;0;366;0,0
INIA;INIA;2024;15;Salto Grande;HRMed;366;0;0;0;0;0;366;0,0
INIA;INIA;2024;15;Salto Grande;HRMin;366;0;0;0;0;0;366;0,0
INIA;INIA;2024;15;Salto Grande;HeladaAgromet;366;0;0;334;0;0;366;0,0
INIA;INIA;2024;15;Salto Grande;HeladaMeteo;366;0;0;358;0;0;366;0,0
INIA;INIA;2024;15;Salto Grande;Heliofania(hrs);366;0;0;55;0;0;366;0,0
INIA;INIA;2024;15;Salto Grande;HeliofaniaRelativa;366;0;0;55;0;0;366;0,0
INIA;INIA;2024;15;Salto Grande;Llovio;366;0;0;269;0;0;366;0,0
INIA;INIA;2024;15;Salto Grande;Mes;366;0;0;0;0;0;366;0,0
INIA;INIA;2024;15;Salto Grande;PrecipAcum;366;0;0;269;0;0;366;0,0
INIA;INIA;2024;15;Salto Grande;PrecipEfectiva;366;0;0;269;0;0;366;0,0
INIA;INIA;2024;15;Salto Grande;RadSolar;366;0;0;0;0;0;366;0,0
INIA;INIA;2024;15;Salto Grande;RecorridoViento;366;0;0;0;0;0;366;0,0
INIA;INIA;2024;15;Salto Grande;TMedia;366;0;0;0;0;0;366;0,0
INIA;INIA;2024;15;Salto Grande;TMin15;366;0;0;181;0;0;366;0,0
INIA;INIA;2024;15;Salto Grande;TMinSCesped;366;0;0;0;0;0;366;0,0
INIA;INIA;2024;15;Salto Grande;TempAireMax;366;0;0;0;0;0;366;0,0
INIA;INIA;2024;15;Salto Grande;TempAireMedia;366;0;0;0;0;0;366;0,0
INIA;INIA;2024;15;Salto Grande;TempAireMin;366;0;0;0;0;0;366;0,0
INIA;INIA;2024;15;Salto Grande;TempMin7p2;366;0;0;312;0;0;366;0,0
INIA;INIA;2024;15;Salto Grande;TempSC05cm(max);366;0;0;0;0;0;366;0,0
INIA;INIA;2024;15;Salto Grande;TempSC05cm(med);366;0;0;0;0;0;366;0,0
INIA;INIA;2024;15;Salto Grande;TempSC05cm(min);366;0;0;0;0;0;366;0,0
INIA;INIA;2024;15;Salto Grande;TempSC10cm(max);366;0;0;0;0;0;366;0,0
INIA;INIA;2024;15;Salto Grande;TempSC10cm(med);366;0;0;0;0;0;366;0,0
INIA;INIA;2024;15;Salto Grande;TempSC10cm(min);366;0;0;0;0;0;366;0,0
INIA;INIA;2024;15;Salto Grande;TempSD05cm(max);366;0;0;0;0;0;366;0,0
INIA;INIA;2024;15;Salto Grande;TempSD05cm(med);366;0;0;0;0;0;366;0,0
INIA;INIA;2024;15;Salto Grande;TempSD05cm(min);366;0;0;0;0;0;366;0,0
INIA;INIA;2024;15;Salto Grande;TempSD10cm(max);366;0;0;0;0;0;366;0,0
INIA;INIA;2024;15;Salto Grande;TempSD10cm(med);366;0;0;0;0;0;366;0,0
INIA;INIA;2024;15;Salto Grande;TempSD10cm(min);366;0;0;0;0;0;366;0,0
INIA;INIA;2024;15;Salto Grande;UnTermicasArroz;366;0;0;28;0;0;366;0,0
INIA;INIA;2024;15;Salto Grande;UnidadFrio;366;0;0;2;0;0;366;0,0
INIA;INIA;2024;18;Tacuarembó La Magnolia;AmplitudTermica;366;0;0;0;0;0;366;0,0
INIA;INIA;2024;18;Tacuarembó La Magnolia;Anio;366;0;0;0;0;0;366;0,0
INIA;INIA;2024;18;Tacuarembó La Magnolia;Dia;366;0;0;0;0;0;366;0,0
INIA;INIA;2024;18;Tacuarembó La Magnolia;EstacionAgr;366;0;0;0;0;0;366;0,0
INIA;INIA;2024;18;Tacuarembó La Magnolia;EvapPiche;366;0;0;0;0;0;366;0,0
INIA;INIA;2024;18;Tacuarembó La Magnolia;EvapTanque;366;0;0;0;0;0;366;0,0
INIA;INIA;2024;18;Tacuarembó La Magnolia;EvapotranspPenman;366;0;0;0;0;0;366;0,0
INIA;INIA;2024;18;Tacuarembó La Magnolia;GradosMenos10;366;48;0;1;0;48;318;13,1148
INIA;INIA;2024;18;Tacuarembó La Magnolia;GradosMenos10p5;366;54;0;0;0;54;312;14,7541
INIA;INIA;2024;18;Tacuarembó La Magnolia;GradosMenos12p8;366;74;0;2;0;74;292;20,2186
INIA;INIA;2024;18;Tacuarembó La Magnolia;GradosMenos4p5;366;4;0;0;0;4;362;1,0929
INIA;INIA;2024;18;Tacuarembó La Magnolia;GradosMenos6;366;9;0;0;0;9;357;2,459
INIA;INIA;2024;18;Tacuarembó La Magnolia;GradosMenos7;366;14;0;0;0;14;352;3,8251
INIA;INIA;2024;18;Tacuarembó La Magnolia;GradosMenos8;366;21;0;1;0;21;345;5,7377
INIA;INIA;2024;18;Tacuarembó La Magnolia;GradosMenos9;366;32;0;4;0;32;334;8,7432
INIA;INIA;2024;18;Tacuarembó La Magnolia;HR100;366;0;0;366;0;0;366;0,0
INIA;INIA;2024;18;Tacuarembó La Magnolia;HR90y99;366;0;0;10;0;0;366;0,0
INIA;INIA;2024;18;Tacuarembó La Magnolia;HRMax;366;0;0;0;0;0;366;0,0
INIA;INIA;2024;18;Tacuarembó La Magnolia;HRMed;366;0;0;0;0;0;366;0,0
INIA;INIA;2024;18;Tacuarembó La Magnolia;HRMin;366;0;0;4;0;0;366;0,0
INIA;INIA;2024;18;Tacuarembó La Magnolia;HeladaAgromet;366;0;0;351;0;0;366;0,0
INIA;INIA;2024;18;Tacuarembó La Magnolia;HeladaMeteo;366;0;0;351;0;0;366;0,0
INIA;INIA;2024;18;Tacuarembó La Magnolia;Heliofania(hrs);366;0;0;49;0;0;366;0,0
INIA;INIA;2024;18;Tacuarembó La Magnolia;HeliofaniaRelativa;366;0;0;49;0;0;366;0,0
INIA;INIA;2024;18;Tacuarembó La Magnolia;Llovio;366;0;0;259;0;0;366;0,0
INIA;INIA;2024;18;Tacuarembó La Magnolia;Mes;366;0;0;0;0;0;366;0,0
INIA;INIA;2024;18;Tacuarembó La Magnolia;PrecipAcum;366;0;0;259;0;0;366;0,0
INIA;INIA;2024;18;Tacuarembó La Magnolia;PrecipEfectiva;366;0;0;259;0;0;366;0,0
INIA;INIA;2024;18;Tacuarembó La Magnolia;RadSolar;366;0;0;0;0;0;366;0,0
INIA;INIA;2024;18;Tacuarembó La Magnolia;RecorridoViento;366;0;0;0;0;0;366;0,0
INIA;INIA;2024;18;Tacuarembó La Magnolia;TMedia;366;0;0;0;0;0;366;0,0
INIA;INIA;2024;18;Tacuarembó La Magnolia;TMin15;366;0;0;143;0;0;366;0,0
INIA;INIA;2024;18;Tacuarembó La Magnolia;TMinSCesped;366;1;0;0;0;1;365;0,2732
INIA;INIA;2024;18;Tacuarembó La Magnolia;TempAireMax;366;0;0;0;0;0;366;0,0
INIA;INIA;2024;18;Tacuarembó La Magnolia;TempAireMedia;366;0;0;0;0;0;366;0,0
INIA;INIA;2024;18;Tacuarembó La Magnolia;TempAireMin;366;0;0;1;0;0;366;0,0
INIA;INIA;2024;18;Tacuarembó La Magnolia;TempMin7p2;366;0;0;289;0;0;366;0,0
INIA;INIA;2024;18;Tacuarembó La Magnolia;TempSC05cm(max);366;138;0;0;0;138;228;37,7049
INIA;INIA;2024;18;Tacuarembó La Magnolia;TempSC05cm(med);366;138;0;0;0;138;228;37,7049
INIA;INIA;2024;18;Tacuarembó La Magnolia;TempSC05cm(min);366;138;0;0;0;138;228;37,7049
INIA;INIA;2024;18;Tacuarembó La Magnolia;TempSC10cm(max);366;138;0;0;0;138;228;37,7049
INIA;INIA;2024;18;Tacuarembó La Magnolia;TempSC10cm(med);366;138;0;0;0;138;228;37,7049
INIA;INIA;2024;18;Tacuarembó La Magnolia;TempSC10cm(min);366;138;0;0;0;138;228;37,7049
INIA;INIA;2024;18;Tacuarembó La Magnolia;TempSD05cm(max);366;138;0;0;0;138;228;37,7049
INIA;INIA;2024;18;Tacuarembó La Magnolia;TempSD05cm(med);366;138;0;0;0;138;228;37,7049
INIA;INIA;2024;18;Tacuarembó La Magnolia;TempSD05cm(min);366;138;0;0;0;138;228;37,7049
INIA;INIA;2024;18;Tacuarembó La Magnolia;TempSD10cm(max);366;138;0;0;0;138;228;37,7049
INIA;INIA;2024;18;Tacuarembó La Magnolia;TempSD10cm(med);366;138;0;0;0;138;228;37,7049
INIA;INIA;2024;18;Tacuarembó La Magnolia;TempSD10cm(min);366;138;0;0;0;138;228;37,7049
INIA;INIA;2024;18;Tacuarembó La Magnolia;UnTermicasArroz;366;0;0;42;0;0;366;0,0
INIA;INIA;2024;18;Tacuarembó La Magnolia;UnidadFrio;366;0;0;6;0;0;366;0,0
INIA;INIA;2024;18;Tacuaremnó Glencore;AmplitudTermica;366;0;0;0;0;0;366;0,0
INIA;INIA;2024;18;Tacuaremnó Glencore;Anio;366;0;0;0;0;0;366;0,0
INIA;INIA;2024;18;Tacuaremnó Glencore;Dia;366;0;0;0;0;0;366;0,0
INIA;INIA;2024;18;Tacuaremnó Glencore;EstacionAgr;366;0;0;0;0;0;366;0,0
INIA;INIA;2024;18;Tacuaremnó Glencore;EvapPiche;366;360;0;0;0;360;6;98,3607
INIA;INIA;2024;18;Tacuaremnó Glencore;EvapTanque;366;23;0;0;0;23;343;6,2842
INIA;INIA;2024;18;Tacuaremnó Glencore;EvapotranspPenman;366;0;0;0;0;0;366;0,0
INIA;INIA;2024;18;Tacuaremnó Glencore;GradosMenos10;366;43;0;1;0;43;323;11,7486
INIA;INIA;2024;18;Tacuaremnó Glencore;GradosMenos10p5;366;47;0;1;0;47;319;12,8415
INIA;INIA;2024;18;Tacuaremnó Glencore;GradosMenos12p8;366;73;0;2;0;73;293;19,9454
INIA;INIA;2024;18;Tacuaremnó Glencore;GradosMenos4p5;366;3;0;1;0;3;363;0,8197
INIA;INIA;2024;18;Tacuaremnó Glencore;GradosMenos6;366;9;0;0;0;9;357;2,459
INIA;INIA;2024;18;Tacuaremnó Glencore;GradosMenos7;366;15;0;0;0;15;351;4,0984
INIA;INIA;2024;18;Tacuaremnó Glencore;GradosMenos8;366;24;0;2;0;24;342;6,5574
INIA;INIA;2024;18;Tacuaremnó Glencore;GradosMenos9;366;35;0;0;0;35;331;9,5628
INIA;INIA;2024;18;Tacuaremnó Glencore;HR100;366;0;0;218;0;0;366;0,0
INIA;INIA;2024;18;Tacuaremnó Glencore;HR90y99;366;0;0;34;0;0;366;0,0
INIA;INIA;2024;18;Tacuaremnó Glencore;HRMax;366;0;0;0;0;0;366;0,0
INIA;INIA;2024;18;Tacuaremnó Glencore;HRMed;366;0;0;0;0;0;366;0,0
INIA;INIA;2024;18;Tacuaremnó Glencore;HRMin;366;0;0;0;0;0;366;0,0
INIA;INIA;2024;18;Tacuaremnó Glencore;HeladaAgromet;366;0;0;330;0;0;366;0,0
INIA;INIA;2024;18;Tacuaremnó Glencore;HeladaMeteo;366;0;0;356;0;0;366;0,0
INIA;INIA;2024;18;Tacuaremnó Glencore;Heliofania(hrs);366;1;0;67;0;1;365;0,2732
INIA;INIA;2024;18;Tacuaremnó Glencore;HeliofaniaRelativa;366;1;0;67;0;1;365;0,2732
INIA;INIA;2024;18;Tacuaremnó Glencore;Llovio;366;0;0;291;0;0;366;0,0
INIA;INIA;2024;18;Tacuaremnó Glencore;Mes;366;0;0;0;0;0;366;0,0
INIA;INIA;2024;18;Tacuaremnó Glencore;PrecipAcum;366;0;0;291;0;0;366;0,0
INIA;INIA;2024;18;Tacuaremnó Glencore;PrecipEfectiva;366;0;0;291;0;0;366;0,0
INIA;INIA;2024;18;Tacuaremnó Glencore;RadSolar;366;1;0;0;0;1;365;0,2732
INIA;INIA;2024;18;Tacuaremnó Glencore;RecorridoViento;366;47;0;0;0;47;319;12,8415
INIA;INIA;2024;18;Tacuaremnó Glencore;TMedia;366;0;0;0;0;0;366;0,0
INIA;INIA;2024;18;Tacuaremnó Glencore;TMin15;366;0;0;142;0;0;366;0,0
INIA;INIA;2024;18;Tacuaremnó Glencore;TMinSCesped;366;3;0;1;0;3;363;0,8197
INIA;INIA;2024;18;Tacuaremnó Glencore;TempAireMax;366;0;0;0;0;0;366;0,0
INIA;INIA;2024;18;Tacuaremnó Glencore;TempAireMedia;366;0;0;0;0;0;366;0,0
INIA;INIA;2024;18;Tacuaremnó Glencore;TempAireMin;366;1;0;0;0;1;365;0,2732
INIA;INIA;2024;18;Tacuaremnó Glencore;TempMin7p2;366;0;0;289;0;0;366;0,0
INIA;INIA;2024;18;Tacuaremnó Glencore;TempSC05cm(max);366;358;0;0;0;358;8;97,8142
INIA;INIA;2024;18;Tacuaremnó Glencore;TempSC05cm(med);366;358;0;0;0;358;8;97,8142
INIA;INIA;2024;18;Tacuaremnó Glencore;TempSC05cm(min);366;358;0;0;0;358;8;97,8142
INIA;INIA;2024;18;Tacuaremnó Glencore;TempSC10cm(max);366;358;0;0;0;358;8;97,8142
INIA;INIA;2024;18;Tacuaremnó Glencore;TempSC10cm(med);366;358;0;0;0;358;8;97,8142
INIA;INIA;2024;18;Tacuaremnó Glencore;TempSC10cm(min);366;358;0;0;0;358;8;97,8142
INIA;INIA;2024;18;Tacuaremnó Glencore;TempSD05cm(max);366;362;0;0;0;362;4;98,9071
INIA;INIA;2024;18;Tacuaremnó Glencore;TempSD05cm(med);366;362;0;0;0;362;4;98,9071
INIA;INIA;2024;18;Tacuaremnó Glencore;TempSD05cm(min);366;362;0;0;0;362;4;98,9071
INIA;INIA;2024;18;Tacuaremnó Glencore;TempSD10cm(max);366;362;0;0;0;362;4;98,9071
INIA;INIA;2024;18;Tacuaremnó Glencore;TempSD10cm(med);366;362;0;0;0;362;4;98,9071
INIA;INIA;2024;18;Tacuaremnó Glencore;TempSD10cm(min);366;362;0;0;0;362;4;98,9071
INIA;INIA;2024;18;Tacuaremnó Glencore;UnTermicasArroz;366;1;0;38;0;1;365;0,2732
INIA;INIA;2024;18;Tacuaremnó Glencore;UnidadFrio;366;0;0;2;0;0;366;0,0
INIA;INIA;2024;19;Treinta y Tres Paso de la Laguna;AmplitudTermica;366;0;0;0;0;0;366;0,0
INIA;INIA;2024;19;Treinta y Tres Paso de la Laguna;Anio;366;0;0;0;0;0;366;0,0
INIA;INIA;2024;19;Treinta y Tres Paso de la Laguna;Dia;366;0;0;0;0;0;366;0,0
INIA;INIA;2024;19;Treinta y Tres Paso de la Laguna;EstacionAgr;366;0;0;0;0;0;366;0,0
INIA;INIA;2024;19;Treinta y Tres Paso de la Laguna;EvapPiche;366;0;0;1;0;0;366;0,0
INIA;INIA;2024;19;Treinta y Tres Paso de la Laguna;EvapTanque;366;0;0;16;0;0;366;0,0
INIA;INIA;2024;19;Treinta y Tres Paso de la Laguna;EvapotranspPenman;366;0;0;0;0;0;366;0,0
INIA;INIA;2024;19;Treinta y Tres Paso de la Laguna;GradosMenos10;366;42;0;2;0;42;324;11,4754
INIA;INIA;2024;19;Treinta y Tres Paso de la Laguna;GradosMenos10p5;366;49;0;4;0;49;317;13,388
INIA;INIA;2024;19;Treinta y Tres Paso de la Laguna;GradosMenos12p8;366;80;0;1;0;80;286;21,8579
INIA;INIA;2024;19;Treinta y Tres Paso de la Laguna;GradosMenos4p5;366;5;0;0;0;5;361;1,3661
INIA;INIA;2024;19;Treinta y Tres Paso de la Laguna;GradosMenos6;366;11;0;0;0;11;355;3,0055
INIA;INIA;2024;19;Treinta y Tres Paso de la Laguna;GradosMenos7;366;15;0;1;0;15;351;4,0984
INIA;INIA;2024;19;Treinta y Tres Paso de la Laguna;GradosMenos8;366;20;0;2;0;20;346;5,4645
INIA;INIA;2024;19;Treinta y Tres Paso de la Laguna;GradosMenos9;366;31;0;1;0;31;335;8,4699
INIA;INIA;2024;19;Treinta y Tres Paso de la Laguna;HR100;366;0;0;226;0;0;366;0,0
INIA;INIA;2024;19;Treinta y Tres Paso de la Laguna;HR90y99;366;0;0;2;0;0;366;0,0
INIA;INIA;2024;19;Treinta y Tres Paso de la Laguna;HRMax;366;0;0;0;0;0;366;0,0
INIA;INIA;2024;19;Treinta y Tres Paso de la Laguna;HRMed;366;0;0;0;0;0;366;0,0
INIA;INIA;2024;19;Treinta y Tres Paso de la Laguna;HRMin;366;0;0;0;0;0;366;0,0
INIA;INIA;2024;19;Treinta y Tres Paso de la Laguna;HeladaAgromet;366;0;0;337;0;0;366;0,0
INIA;INIA;2024;19;Treinta y Tres Paso de la Laguna;HeladaMeteo;366;0;0;353;0;0;366;0,0
INIA;INIA;2024;19;Treinta y Tres Paso de la Laguna;Heliofania(hrs);366;0;0;57;0;0;366;0,0
INIA;INIA;2024;19;Treinta y Tres Paso de la Laguna;HeliofaniaRelativa;366;0;0;57;0;0;366;0,0
INIA;INIA;2024;19;Treinta y Tres Paso de la Laguna;Llovio;366;0;0;259;0;0;366;0,0
INIA;INIA;2024;19;Treinta y Tres Paso de la Laguna;Mes;366;0;0;0;0;0;366;0,0
INIA;INIA;2024;19;Treinta y Tres Paso de la Laguna;PrecipAcum;366;0;0;259;0;0;366;0,0
INIA;INIA;2024;19;Treinta y Tres Paso de la Laguna;PrecipEfectiva;366;0;0;259;0;0;366;0,0
INIA;INIA;2024;19;Treinta y Tres Paso de la Laguna;RadSolar;366;0;0;0;0;0;366;0,0
INIA;INIA;2024;19;Treinta y Tres Paso de la Laguna;RecorridoViento;366;0;0;0;0;0;366;0,0
INIA;INIA;2024;19;Treinta y Tres Paso de la Laguna;TMedia;366;0;0;0;0;0;366;0,0
INIA;INIA;2024;19;Treinta y Tres Paso de la Laguna;TMin15;366;0;0;120;0;0;366;0,0
INIA;INIA;2024;19;Treinta y Tres Paso de la Laguna;TMinSCesped;366;0;0;3;0;0;366;0,0
INIA;INIA;2024;19;Treinta y Tres Paso de la Laguna;TempAireMax;366;0;0;0;0;0;366;0,0
INIA;INIA;2024;19;Treinta y Tres Paso de la Laguna;TempAireMedia;366;0;0;0;0;0;366;0,0
INIA;INIA;2024;19;Treinta y Tres Paso de la Laguna;TempAireMin;366;0;0;0;0;0;366;0,0
INIA;INIA;2024;19;Treinta y Tres Paso de la Laguna;TempMin7p2;366;0;0;286;0;0;366;0,0
INIA;INIA;2024;19;Treinta y Tres Paso de la Laguna;TempSC05cm(max);366;2;0;0;0;2;364;0,5464
INIA;INIA;2024;19;Treinta y Tres Paso de la Laguna;TempSC05cm(med);366;4;0;0;0;4;362;1,0929
INIA;INIA;2024;19;Treinta y Tres Paso de la Laguna;TempSC05cm(min);366;2;0;0;0;2;364;0,5464
INIA;INIA;2024;19;Treinta y Tres Paso de la Laguna;TempSC10cm(max);366;2;0;0;0;2;364;0,5464
INIA;INIA;2024;19;Treinta y Tres Paso de la Laguna;TempSC10cm(med);366;4;0;0;0;4;362;1,0929
INIA;INIA;2024;19;Treinta y Tres Paso de la Laguna;TempSC10cm(min);366;2;0;0;0;2;364;0,5464
INIA;INIA;2024;19;Treinta y Tres Paso de la Laguna;TempSD05cm(max);366;2;0;0;0;2;364;0,5464
INIA;INIA;2024;19;Treinta y Tres Paso de la Laguna;TempSD05cm(med);366;4;0;0;0;4;362;1,0929
INIA;INIA;2024;19;Treinta y Tres Paso de la Laguna;TempSD05cm(min);366;2;0;0;0;2;364;0,5464
INIA;INIA;2024;19;Treinta y Tres Paso de la Laguna;TempSD10cm(max);366;2;0;0;0;2;364;0,5464
INIA;INIA;2024;19;Treinta y Tres Paso de la Laguna;TempSD10cm(med);366;4;0;0;0;4;362;1,0929
INIA;INIA;2024;19;Treinta y Tres Paso de la Laguna;TempSD10cm(min);366;2;0;0;0;2;364;0,5464
INIA;INIA;2024;19;Treinta y Tres Paso de la Laguna;UnTermicasArroz;366;0;0;40;0;0;366;0,0
INIA;INIA;2024;19;Treinta y Tres Paso de la Laguna;UnidadFrio;366;0;0;2;0;0;366;0,0
INIA;INIA;2024;2;Las Brujas;AmplitudTermica;366;0;0;0;0;0;366;0,0
INIA;INIA;2024;2;Las Brujas;Anio;366;0;0;0;0;0;366;0,0
INIA;INIA;2024;2;Las Brujas;Dia;366;0;0;0;0;0;366;0,0
INIA;INIA;2024;2;Las Brujas;EstacionAgr;366;0;0;0;0;0;366;0,0
INIA;INIA;2024;2;Las Brujas;EvapPiche;366;0;0;2;0;0;366;0,0
INIA;INIA;2024;2;Las Brujas;EvapTanque;366;0;0;3;0;0;366;0,0
INIA;INIA;2024;2;Las Brujas;EvapotranspPenman;366;0;0;2;0;0;366;0,0
INIA;INIA;2024;2;Las Brujas;GradosMenos10;366;59;0;0;0;59;307;16,1202
INIA;INIA;2024;2;Las Brujas;GradosMenos10p5;366;69;0;2;0;69;297;18,8525
INIA;INIA;2024;2;Las Brujas;GradosMenos12p8;366;114;0;2;0;114;252;31,1475
INIA;INIA;2024;2;Las Brujas;GradosMenos4p5;366;6;0;0;0;6;360;1,6393
INIA;INIA;2024;2;Las Brujas;GradosMenos6;366;12;0;1;0;12;354;3,2787
INIA;INIA;2024;2;Las Brujas;GradosMenos7;366;22;0;2;0;22;344;6,0109
INIA;INIA;2024;2;Las Brujas;GradosMenos8;366;33;0;0;0;33;333;9,0164
INIA;INIA;2024;2;Las Brujas;GradosMenos9;366;44;0;2;0;44;322;12,0219
INIA;INIA;2024;2;Las Brujas;HR100;366;0;0;256;0;0;366;0,0
INIA;INIA;2024;2;Las Brujas;HR90y99;366;0;0;43;0;0;366;0,0
INIA;INIA;2024;2;Las Brujas;HRMax;366;0;0;0;0;0;366;0,0
INIA;INIA;2024;2;Las Brujas;HRMed;366;0;0;0;0;0;366;0,0
INIA;INIA;2024;2;Las Brujas;HRMin;366;0;0;92;0;0;366;0,0
INIA;INIA;2024;2;Las Brujas;HeladaAgromet;366;0;0;344;0;0;366;0,0
INIA;INIA;2024;2;Las Brujas;HeladaMeteo;366;0;0;354;0;0;366;0,0
INIA;INIA;2024;2;Las Brujas;Heliofania(hrs);366;0;0;24;0;0;366;0,0
INIA;INIA;2024;2;Las Brujas;HeliofaniaRelativa;366;0;0;24;0;0;366;0,0
INIA;INIA;2024;2;Las Brujas;Llovio;366;0;0;250;0;0;366;0,0
INIA;INIA;2024;2;Las Brujas;Mes;366;0;0;0;0;0;366;0,0
INIA;INIA;2024;2;Las Brujas;PrecipAcum;366;0;0;250;0;0;366;0,0
INIA;INIA;2024;2;Las Brujas;PrecipEfectiva;366;0;0;250;0;0;366;0,0
INIA;INIA;2024;2;Las Brujas;RadSolar;366;0;0;0;0;0;366;0,0
INIA;INIA;2024;2;Las Brujas;RecorridoViento;366;0;0;0;0;0;366;0,0
INIA;INIA;2024;2;Las Brujas;TMedia;366;0;0;0;0;0;366;0,0
INIA;INIA;2024;2;Las Brujas;TMin15;366;0;0;101;0;0;366;0,0
INIA;INIA;2024;2;Las Brujas;TMinSCesped;366;0;0;0;0;0;366;0,0
INIA;INIA;2024;2;Las Brujas;TempAireMax;366;0;0;0;0;0;366;0,0
INIA;INIA;2024;2;Las Brujas;TempAireMedia;366;0;0;0;0;0;366;0,0
INIA;INIA;2024;2;Las Brujas;TempAireMin;366;0;0;0;0;0;366;0,0
INIA;INIA;2024;2;Las Brujas;TempMin7p2;366;0;0;276;0;0;366;0,0
INIA;INIA;2024;2;Las Brujas;TempSC05cm(max);366;366;0;0;0;366;0;100,0
INIA;INIA;2024;2;Las Brujas;TempSC05cm(med);366;366;0;0;0;366;0;100,0
INIA;INIA;2024;2;Las Brujas;TempSC05cm(min);366;366;0;0;0;366;0;100,0
INIA;INIA;2024;2;Las Brujas;TempSC10cm(max);366;366;0;0;0;366;0;100,0
INIA;INIA;2024;2;Las Brujas;TempSC10cm(med);366;366;0;0;0;366;0;100,0
INIA;INIA;2024;2;Las Brujas;TempSC10cm(min);366;366;0;0;0;366;0;100,0
INIA;INIA;2024;2;Las Brujas;TempSD05cm(max);366;366;0;0;0;366;0;100,0
INIA;INIA;2024;2;Las Brujas;TempSD05cm(med);366;366;0;0;0;366;0;100,0
INIA;INIA;2024;2;Las Brujas;TempSD05cm(min);366;366;0;0;0;366;0;100,0
INIA;INIA;2024;2;Las Brujas;TempSD10cm(max);366;366;0;0;0;366;0;100,0
INIA;INIA;2024;2;Las Brujas;TempSD10cm(med);366;366;0;0;0;366;0;100,0
INIA;INIA;2024;2;Las Brujas;TempSD10cm(min);366;366;0;0;0;366;0;100,0
INIA;INIA;2024;2;Las Brujas;UnTermicasArroz;366;0;0;59;0;0;366;0,0
INIA;INIA;2024;2;Las Brujas;UnidadFrio;366;0;0;3;0;0;366;0,0
INIA;INIA;2024;4;La Estanzuela;AmplitudTermica;366;0;0;0;0;0;366;0,0
INIA;INIA;2024;4;La Estanzuela;Anio;366;0;0;0;0;0;366;0,0
INIA;INIA;2024;4;La Estanzuela;Dia;366;0;0;0;0;0;366;0,0
INIA;INIA;2024;4;La Estanzuela;EstacionAgr;366;0;0;0;0;0;366;0,0
INIA;INIA;2024;4;La Estanzuela;EvapPiche;366;6;0;1;0;6;360;1,6393
INIA;INIA;2024;4;La Estanzuela;EvapTanque;366;0;0;3;0;0;366;0,0
INIA;INIA;2024;4;La Estanzuela;EvapotranspPenman;366;0;0;0;0;0;366;0,0
INIA;INIA;2024;4;La Estanzuela;GradosMenos10;366;49;0;1;0;49;317;13,388
INIA;INIA;2024;4;La Estanzuela;GradosMenos10p5;366;53;0;1;0;53;313;14,4809
INIA;INIA;2024;4;La Estanzuela;GradosMenos12p8;366;101;0;1;0;101;265;27,5956
INIA;INIA;2024;4;La Estanzuela;GradosMenos4p5;366;5;0;0;0;5;361;1,3661
INIA;INIA;2024;4;La Estanzuela;GradosMenos6;366;13;0;1;0;13;353;3,5519
INIA;INIA;2024;4;La Estanzuela;GradosMenos7;366;18;0;0;0;18;348;4,918
INIA;INIA;2024;4;La Estanzuela;GradosMenos8;366;30;0;2;0;30;336;8,1967
INIA;INIA;2024;4;La Estanzuela;GradosMenos9;366;39;0;0;0;39;327;10,6557
INIA;INIA;2024;4;La Estanzuela;HR100;366;0;0;365;0;0;366;0,0
INIA;INIA;2024;4;La Estanzuela;HR90y99;366;0;0;140;0;0;366;0,0
INIA;INIA;2024;4;La Estanzuela;HRMax;366;0;0;0;0;0;366;0,0
INIA;INIA;2024;4;La Estanzuela;HRMed;366;0;0;0;0;0;366;0,0
INIA;INIA;2024;4;La Estanzuela;HRMin;366;0;0;4;0;0;366;0,0
INIA;INIA;2024;4;La Estanzuela;HeladaAgromet;366;0;0;326;0;0;366;0,0
INIA;INIA;2024;4;La Estanzuela;HeladaMeteo;366;0;0;356;0;0;366;0,0
INIA;INIA;2024;4;La Estanzuela;Heliofania(hrs);366;0;0;34;0;0;366;0,0
INIA;INIA;2024;4;La Estanzuela;HeliofaniaRelativa;366;0;0;34;0;0;366;0,0
INIA;INIA;2024;4;La Estanzuela;Llovio;366;0;0;266;0;0;366;0,0
INIA;INIA;2024;4;La Estanzuela;Mes;366;0;0;0;0;0;366;0,0
INIA;INIA;2024;4;La Estanzuela;PrecipAcum;366;0;0;266;0;0;366;0,0
INIA;INIA;2024;4;La Estanzuela;PrecipEfectiva;366;0;0;266;0;0;366;0,0
INIA;INIA;2024;4;La Estanzuela;RadSolar;366;0;0;0;0;0;366;0,0
INIA;INIA;2024;4;La Estanzuela;RecorridoViento;366;1;0;0;0;1;365;0,2732
INIA;INIA;2024;4;La Estanzuela;TMedia;366;0;0;0;0;0;366;0,0
INIA;INIA;2024;4;La Estanzuela;TMin15;366;0;0;134;0;0;366;0,0
INIA;INIA;2024;4;La Estanzuela;TMinSCesped;366;1;0;0;0;1;365;0,2732
INIA;INIA;2024;4;La Estanzuela;TempAireMax;366;0;0;0;0;0;366;0,0
INIA;INIA;2024;4;La Estanzuela;TempAireMedia;366;0;0;0;0;0;366;0,0
INIA;INIA;2024;4;La Estanzuela;TempAireMin;366;0;0;1;0;0;366;0,0
INIA;INIA;2024;4;La Estanzuela;TempMin7p2;366;0;0;290;0;0;366;0,0
INIA;INIA;2024;4;La Estanzuela;TempSC05cm(max);366;1;0;0;0;1;365;0,2732
INIA;INIA;2024;4;La Estanzuela;TempSC05cm(med);366;3;0;0;0;3;363;0,8197
INIA;INIA;2024;4;La Estanzuela;TempSC05cm(min);366;2;0;0;0;2;364;0,5464
INIA;INIA;2024;4;La Estanzuela;TempSC10cm(max);366;1;0;0;0;1;365;0,2732
INIA;INIA;2024;4;La Estanzuela;TempSC10cm(med);366;3;0;0;0;3;363;0,8197
INIA;INIA;2024;4;La Estanzuela;TempSC10cm(min);366;2;0;0;0;2;364;0,5464
INIA;INIA;2024;4;La Estanzuela;TempSD05cm(max);366;2;0;0;0;2;364;0,5464
INIA;INIA;2024;4;La Estanzuela;TempSD05cm(med);366;3;0;0;0;3;363;0,8197
INIA;INIA;2024;4;La Estanzuela;TempSD05cm(min);366;1;0;0;0;1;365;0,2732
INIA;INIA;2024;4;La Estanzuela;TempSD10cm(max);366;3;0;0;0;3;363;0,8197
INIA;INIA;2024;4;La Estanzuela;TempSD10cm(med);366;4;0;0;0;4;362;1,0929
INIA;INIA;2024;4;La Estanzuela;TempSD10cm(min);366;2;0;0;0;2;364;0,5464
INIA;INIA;2024;4;La Estanzuela;UnTermicasArroz;366;0;0;42;0;0;366;0,0
INIA;INIA;2024;4;La Estanzuela;UnidadFrio;366;0;0;1;0;0;366;0,0
INIA;INIA;2025;15;Salto Grande;AmplitudTermica;365;0;0;0;0;0;365;0,0
INIA;INIA;2025;15;Salto Grande;Anio;365;0;0;0;0;0;365;0,0
INIA;INIA;2025;15;Salto Grande;Dia;365;0;0;0;0;0;365;0,0
INIA;INIA;2025;15;Salto Grande;EstacionAgr;365;0;0;0;0;0;365;0,0
INIA;INIA;2025;15;Salto Grande;EvapPiche;365;0;0;0;0;0;365;0,0
INIA;INIA;2025;15;Salto Grande;EvapTanque;365;0;0;0;0;0;365;0,0
INIA;INIA;2025;15;Salto Grande;EvapotranspPenman;365;0;0;0;0;0;365;0,0
INIA;INIA;2025;15;Salto Grande;GradosMenos10;365;32;0;0;0;32;333;8,7671
INIA;INIA;2025;15;Salto Grande;GradosMenos10p5;365;35;0;2;0;35;330;9,589
INIA;INIA;2025;15;Salto Grande;GradosMenos12p8;365;70;0;1;0;70;295;19,1781
INIA;INIA;2025;15;Salto Grande;GradosMenos4p5;365;3;0;0;0;3;362;0,8219
INIA;INIA;2025;15;Salto Grande;GradosMenos6;365;3;0;0;0;3;362;0,8219
INIA;INIA;2025;15;Salto Grande;GradosMenos7;365;6;0;0;0;6;359;1,6438
INIA;INIA;2025;15;Salto Grande;GradosMenos8;365;11;0;1;0;11;354;3,0137
INIA;INIA;2025;15;Salto Grande;GradosMenos9;365;22;0;1;0;22;343;6,0274
INIA;INIA;2025;15;Salto Grande;HR100;365;0;0;297;0;0;365;0,0
INIA;INIA;2025;15;Salto Grande;HR90y99;365;0;0;56;0;0;365;0,0
INIA;INIA;2025;15;Salto Grande;HRMax;365;0;0;0;0;0;365;0,0
INIA;INIA;2025;15;Salto Grande;HRMed;365;0;0;0;0;0;365;0,0
INIA;INIA;2025;15;Salto Grande;HRMin;365;0;0;1;0;0;365;0,0
INIA;INIA;2025;15;Salto Grande;HeladaAgromet;365;0;0;319;0;0;365;0,0
INIA;INIA;2025;15;Salto Grande;HeladaMeteo;365;0;0;360;0;0;365;0,0
INIA;INIA;2025;15;Salto Grande;Heliofania(hrs);365;0;0;38;0;0;365;0,0
INIA;INIA;2025;15;Salto Grande;HeliofaniaRelativa;365;0;0;38;0;0;365;0,0
INIA;INIA;2025;15;Salto Grande;Llovio;365;0;0;273;0;0;365;0,0
INIA;INIA;2025;15;Salto Grande;Mes;365;0;0;0;0;0;365;0,0
INIA;INIA;2025;15;Salto Grande;PrecipAcum;365;0;0;273;0;0;365;0,0
INIA;INIA;2025;15;Salto Grande;PrecipEfectiva;365;0;0;273;0;0;365;0,0
INIA;INIA;2025;15;Salto Grande;RadSolar;365;0;0;0;0;0;365;0,0
INIA;INIA;2025;15;Salto Grande;RecorridoViento;365;0;0;0;0;0;365;0,0
INIA;INIA;2025;15;Salto Grande;TMedia;365;0;0;0;0;0;365;0,0
INIA;INIA;2025;15;Salto Grande;TMin15;365;0;0;157;0;0;365;0,0
INIA;INIA;2025;15;Salto Grande;TMinSCesped;365;0;0;3;0;0;365;0,0
INIA;INIA;2025;15;Salto Grande;TempAireMax;365;0;0;0;0;0;365;0,0
INIA;INIA;2025;15;Salto Grande;TempAireMedia;365;0;0;0;0;0;365;0,0
INIA;INIA;2025;15;Salto Grande;TempAireMin;365;0;0;1;0;0;365;0,0
INIA;INIA;2025;15;Salto Grande;TempMin7p2;365;0;0;302;0;0;365;0,0
INIA;INIA;2025;15;Salto Grande;TempSC05cm(max);365;0;0;0;0;0;365;0,0
INIA;INIA;2025;15;Salto Grande;TempSC05cm(med);365;0;0;0;0;0;365;0,0
INIA;INIA;2025;15;Salto Grande;TempSC05cm(min);365;0;0;0;0;0;365;0,0
INIA;INIA;2025;15;Salto Grande;TempSC10cm(max);365;0;0;0;0;0;365;0,0
INIA;INIA;2025;15;Salto Grande;TempSC10cm(med);365;0;0;0;0;0;365;0,0
INIA;INIA;2025;15;Salto Grande;TempSC10cm(min);365;0;0;0;0;0;365;0,0
INIA;INIA;2025;15;Salto Grande;TempSD05cm(max);365;0;0;0;0;0;365;0,0
INIA;INIA;2025;15;Salto Grande;TempSD05cm(med);365;0;0;0;0;0;365;0,0
INIA;INIA;2025;15;Salto Grande;TempSD05cm(min);365;0;0;0;0;0;365;0,0
INIA;INIA;2025;15;Salto Grande;TempSD10cm(max);365;0;0;0;0;0;365;0,0
INIA;INIA;2025;15;Salto Grande;TempSD10cm(med);365;0;0;0;0;0;365;0,0
INIA;INIA;2025;15;Salto Grande;TempSD10cm(min);365;0;0;0;0;0;365;0,0
INIA;INIA;2025;15;Salto Grande;UnTermicasArroz;365;0;0;38;0;0;365;0,0
INIA;INIA;2025;15;Salto Grande;UnidadFrio;365;0;0;3;0;0;365;0,0
INIA;INIA;2025;18;Tacuarembó La Magnolia;AmplitudTermica;365;0;0;0;0;0;365;0,0
INIA;INIA;2025;18;Tacuarembó La Magnolia;Anio;365;0;0;0;0;0;365;0,0
INIA;INIA;2025;18;Tacuarembó La Magnolia;Dia;365;0;0;0;0;0;365;0,0
INIA;INIA;2025;18;Tacuarembó La Magnolia;EstacionAgr;365;0;0;0;0;0;365;0,0
INIA;INIA;2025;18;Tacuarembó La Magnolia;EvapPiche;365;0;0;0;0;0;365;0,0
INIA;INIA;2025;18;Tacuarembó La Magnolia;EvapTanque;365;0;0;0;0;0;365;0,0
INIA;INIA;2025;18;Tacuarembó La Magnolia;EvapotranspPenman;365;0;0;0;0;0;365;0,0
INIA;INIA;2025;18;Tacuarembó La Magnolia;GradosMenos10;365;48;0;1;0;48;317;13,1507
INIA;INIA;2025;18;Tacuarembó La Magnolia;GradosMenos10p5;365;57;0;2;0;57;308;15,6164
INIA;INIA;2025;18;Tacuarembó La Magnolia;GradosMenos12p8;365;89;0;1;0;89;276;24,3836
INIA;INIA;2025;18;Tacuarembó La Magnolia;GradosMenos4p5;365;3;0;0;0;3;362;0,8219
INIA;INIA;2025;18;Tacuarembó La Magnolia;GradosMenos6;365;8;0;0;0;8;357;2,1918
INIA;INIA;2025;18;Tacuarembó La Magnolia;GradosMenos7;365;11;0;1;0;11;354;3,0137
INIA;INIA;2025;18;Tacuarembó La Magnolia;GradosMenos8;365;25;0;1;0;25;340;6,8493
INIA;INIA;2025;18;Tacuarembó La Magnolia;GradosMenos9;365;42;0;0;0;42;323;11,5068
INIA;INIA;2025;18;Tacuarembó La Magnolia;HR100;365;0;0;348;0;0;365;0,0
INIA;INIA;2025;18;Tacuarembó La Magnolia;HR90y99;365;0;0;15;0;0;365;0,0
INIA;INIA;2025;18;Tacuarembó La Magnolia;HRMax;365;0;0;0;0;0;365;0,0
INIA;INIA;2025;18;Tacuarembó La Magnolia;HRMed;365;0;0;0;0;0;365;0,0
INIA;INIA;2025;18;Tacuarembó La Magnolia;HRMin;365;0;0;1;0;0;365;0,0
INIA;INIA;2025;18;Tacuarembó La Magnolia;HeladaAgromet;365;0;0;324;0;0;365;0,0
INIA;INIA;2025;18;Tacuarembó La Magnolia;HeladaMeteo;365;0;0;349;0;0;365;0,0
INIA;INIA;2025;18;Tacuarembó La Magnolia;Heliofania(hrs);365;0;0;33;0;0;365;0,0
INIA;INIA;2025;18;Tacuarembó La Magnolia;HeliofaniaRelativa;365;0;0;33;0;0;365;0,0
INIA;INIA;2025;18;Tacuarembó La Magnolia;Llovio;365;0;0;273;0;0;365;0,0
INIA;INIA;2025;18;Tacuarembó La Magnolia;Mes;365;0;0;0;0;0;365;0,0
INIA;INIA;2025;18;Tacuarembó La Magnolia;PrecipAcum;365;0;0;273;0;0;365;0,0
INIA;INIA;2025;18;Tacuarembó La Magnolia;PrecipEfectiva;365;0;0;273;0;0;365;0,0
INIA;INIA;2025;18;Tacuarembó La Magnolia;RadSolar;365;0;0;0;0;0;365;0,0
INIA;INIA;2025;18;Tacuarembó La Magnolia;RecorridoViento;365;0;0;0;0;0;365;0,0
INIA;INIA;2025;18;Tacuarembó La Magnolia;TMedia;365;0;0;0;0;0;365;0,0
INIA;INIA;2025;18;Tacuarembó La Magnolia;TMin15;365;0;0;102;0;0;365;0,0
INIA;INIA;2025;18;Tacuarembó La Magnolia;TMinSCesped;365;2;0;2;0;2;363;0,5479
INIA;INIA;2025;18;Tacuarembó La Magnolia;TempAireMax;365;0;0;0;0;0;365;0,0
INIA;INIA;2025;18;Tacuarembó La Magnolia;TempAireMedia;365;0;0;0;0;0;365;0,0
INIA;INIA;2025;18;Tacuarembó La Magnolia;TempAireMin;365;0;0;1;0;0;365;0,0
INIA;INIA;2025;18;Tacuarembó La Magnolia;TempMin7p2;365;0;0;260;0;0;365;0,0
INIA;INIA;2025;18;Tacuarembó La Magnolia;TempSC05cm(max);365;165;0;0;0;165;200;45,2055
INIA;INIA;2025;18;Tacuarembó La Magnolia;TempSC05cm(med);365;165;0;0;0;165;200;45,2055
INIA;INIA;2025;18;Tacuarembó La Magnolia;TempSC05cm(min);365;165;0;0;0;165;200;45,2055
INIA;INIA;2025;18;Tacuarembó La Magnolia;TempSC10cm(max);365;165;0;0;0;165;200;45,2055
INIA;INIA;2025;18;Tacuarembó La Magnolia;TempSC10cm(med);365;165;0;0;0;165;200;45,2055
INIA;INIA;2025;18;Tacuarembó La Magnolia;TempSC10cm(min);365;165;0;0;0;165;200;45,2055
INIA;INIA;2025;18;Tacuarembó La Magnolia;TempSD05cm(max);365;165;0;0;0;165;200;45,2055
INIA;INIA;2025;18;Tacuarembó La Magnolia;TempSD05cm(med);365;165;0;0;0;165;200;45,2055
INIA;INIA;2025;18;Tacuarembó La Magnolia;TempSD05cm(min);365;165;0;0;0;165;200;45,2055
INIA;INIA;2025;18;Tacuarembó La Magnolia;TempSD10cm(max);365;165;0;0;0;165;200;45,2055
INIA;INIA;2025;18;Tacuarembó La Magnolia;TempSD10cm(med);365;165;0;0;0;165;200;45,2055
INIA;INIA;2025;18;Tacuarembó La Magnolia;TempSD10cm(min);365;165;0;0;0;165;200;45,2055
INIA;INIA;2025;18;Tacuarembó La Magnolia;UnTermicasArroz;365;0;0;52;0;0;365;0,0
INIA;INIA;2025;18;Tacuarembó La Magnolia;UnidadFrio;365;0;0;3;0;0;365;0,0
INIA;INIA;2025;18;Tacuaremnó Glencore;AmplitudTermica;365;0;0;0;0;0;365;0,0
INIA;INIA;2025;18;Tacuaremnó Glencore;Anio;365;0;0;0;0;0;365;0,0
INIA;INIA;2025;18;Tacuaremnó Glencore;Dia;365;0;0;0;0;0;365;0,0
INIA;INIA;2025;18;Tacuaremnó Glencore;EstacionAgr;365;0;0;0;0;0;365;0,0
INIA;INIA;2025;18;Tacuaremnó Glencore;EvapPiche;365;360;0;0;0;360;5;98,6301
INIA;INIA;2025;18;Tacuaremnó Glencore;EvapTanque;365;270;0;0;0;270;95;73,9726
INIA;INIA;2025;18;Tacuaremnó Glencore;EvapotranspPenman;365;0;0;0;0;0;365;0,0
INIA;INIA;2025;18;Tacuaremnó Glencore;GradosMenos10;365;40;0;0;0;40;325;10,9589
INIA;INIA;2025;18;Tacuaremnó Glencore;GradosMenos10p5;365;49;0;0;0;49;316;13,4247
INIA;INIA;2025;18;Tacuaremnó Glencore;GradosMenos12p8;365;83;0;1;0;83;282;22,7397
INIA;INIA;2025;18;Tacuaremnó Glencore;GradosMenos4p5;365;3;0;0;0;3;362;0,8219
INIA;INIA;2025;18;Tacuaremnó Glencore;GradosMenos6;365;6;0;0;0;6;359;1,6438
INIA;INIA;2025;18;Tacuaremnó Glencore;GradosMenos7;365;10;0;0;0;10;355;2,7397
INIA;INIA;2025;18;Tacuaremnó Glencore;GradosMenos8;365;19;0;1;0;19;346;5,2055
INIA;INIA;2025;18;Tacuaremnó Glencore;GradosMenos9;365;29;0;2;0;29;336;7,9452
INIA;INIA;2025;18;Tacuaremnó Glencore;HR100;365;0;0;155;0;0;365;0,0
INIA;INIA;2025;18;Tacuaremnó Glencore;HR90y99;365;0;0;43;0;0;365;0,0
INIA;INIA;2025;18;Tacuaremnó Glencore;HRMax;365;0;0;0;0;0;365;0,0
INIA;INIA;2025;18;Tacuaremnó Glencore;HRMed;365;0;0;0;0;0;365;0,0
INIA;INIA;2025;18;Tacuaremnó Glencore;HRMin;365;0;0;5;0;0;365;0,0
INIA;INIA;2025;18;Tacuaremnó Glencore;HeladaAgromet;365;0;0;340;0;0;365;0,0
INIA;INIA;2025;18;Tacuaremnó Glencore;HeladaMeteo;365;0;0;350;0;0;365;0,0
INIA;INIA;2025;18;Tacuaremnó Glencore;Heliofania(hrs);365;3;0;47;0;3;362;0,8219
INIA;INIA;2025;18;Tacuaremnó Glencore;HeliofaniaRelativa;365;1;0;49;0;1;364;0,274
INIA;INIA;2025;18;Tacuaremnó Glencore;Llovio;365;0;0;300;0;0;365;0,0
INIA;INIA;2025;18;Tacuaremnó Glencore;Mes;365;0;0;0;0;0;365;0,0
INIA;INIA;2025;18;Tacuaremnó Glencore;PrecipAcum;365;0;0;300;0;0;365;0,0
INIA;INIA;2025;18;Tacuaremnó Glencore;PrecipEfectiva;365;0;0;300;0;0;365;0,0
INIA;INIA;2025;18;Tacuaremnó Glencore;RadSolar;365;1;0;0;0;1;364;0,274
INIA;INIA;2025;18;Tacuaremnó Glencore;RecorridoViento;365;277;0;0;0;277;88;75,8904
INIA;INIA;2025;18;Tacuaremnó Glencore;TMedia;365;0;0;0;0;0;365;0,0
INIA;INIA;2025;18;Tacuaremnó Glencore;TMin15;365;0;0;124;0;0;365;0,0
INIA;INIA;2025;18;Tacuaremnó Glencore;TMinSCesped;365;1;0;0;0;1;364;0,274
INIA;INIA;2025;18;Tacuaremnó Glencore;TempAireMax;365;1;0;0;0;1;364;0,274
INIA;INIA;2025;18;Tacuaremnó Glencore;TempAireMedia;365;0;0;0;0;0;365;0,0
INIA;INIA;2025;18;Tacuaremnó Glencore;TempAireMin;365;1;0;2;0;1;364;0,274
INIA;INIA;2025;18;Tacuaremnó Glencore;TempMin7p2;365;0;0;272;0;0;365;0,0
INIA;INIA;2025;18;Tacuaremnó Glencore;TempSC05cm(max);365;365;0;0;0;365;0;100,0
INIA;INIA;2025;18;Tacuaremnó Glencore;TempSC05cm(med);365;365;0;0;0;365;0;100,0
INIA;INIA;2025;18;Tacuaremnó Glencore;TempSC05cm(min);365;365;0;0;0;365;0;100,0
INIA;INIA;2025;18;Tacuaremnó Glencore;TempSC10cm(max);365;365;0;0;0;365;0;100,0
INIA;INIA;2025;18;Tacuaremnó Glencore;TempSC10cm(med);365;365;0;0;0;365;0;100,0
INIA;INIA;2025;18;Tacuaremnó Glencore;TempSC10cm(min);365;365;0;0;0;365;0;100,0
INIA;INIA;2025;18;Tacuaremnó Glencore;TempSD05cm(max);365;365;0;0;0;365;0;100,0
INIA;INIA;2025;18;Tacuaremnó Glencore;TempSD05cm(med);365;365;0;0;0;365;0;100,0
INIA;INIA;2025;18;Tacuaremnó Glencore;TempSD05cm(min);365;365;0;0;0;365;0;100,0
INIA;INIA;2025;18;Tacuaremnó Glencore;TempSD10cm(max);365;365;0;0;0;365;0;100,0
INIA;INIA;2025;18;Tacuaremnó Glencore;TempSD10cm(med);365;365;0;0;0;365;0;100,0
INIA;INIA;2025;18;Tacuaremnó Glencore;TempSD10cm(min);365;365;0;0;0;365;0;100,0
INIA;INIA;2025;18;Tacuaremnó Glencore;UnTermicasArroz;365;1;0;36;0;1;364;0,274
INIA;INIA;2025;18;Tacuaremnó Glencore;UnidadFrio;365;0;0;4;0;0;365;0,0
INIA;INIA;2025;19;Treinta y Tres Paso de la Laguna;AmplitudTermica;365;0;0;0;0;0;365;0,0
INIA;INIA;2025;19;Treinta y Tres Paso de la Laguna;Anio;365;0;0;0;0;0;365;0,0
INIA;INIA;2025;19;Treinta y Tres Paso de la Laguna;Dia;365;0;0;0;0;0;365;0,0
INIA;INIA;2025;19;Treinta y Tres Paso de la Laguna;EstacionAgr;365;0;0;0;0;0;365;0,0
INIA;INIA;2025;19;Treinta y Tres Paso de la Laguna;EvapPiche;365;0;0;0;0;0;365;0,0
INIA;INIA;2025;19;Treinta y Tres Paso de la Laguna;EvapTanque;365;0;0;12;0;0;365;0,0
INIA;INIA;2025;19;Treinta y Tres Paso de la Laguna;EvapotranspPenman;365;0;0;2;0;0;365;0,0
INIA;INIA;2025;19;Treinta y Tres Paso de la Laguna;GradosMenos10;365;61;0;1;0;61;304;16,7123
INIA;INIA;2025;19;Treinta y Tres Paso de la Laguna;GradosMenos10p5;365;70;0;1;0;70;295;19,1781
INIA;INIA;2025;19;Treinta y Tres Paso de la Laguna;GradosMenos12p8;365;97;0;3;0;97;268;26,5753
INIA;INIA;2025;19;Treinta y Tres Paso de la Laguna;GradosMenos4p5;365;4;0;1;0;4;361;1,0959
INIA;INIA;2025;19;Treinta y Tres Paso de la Laguna;GradosMenos6;365;9;0;0;0;9;356;2,4658
INIA;INIA;2025;19;Treinta y Tres Paso de la Laguna;GradosMenos7;365;14;0;1;0;14;351;3,8356
INIA;INIA;2025;19;Treinta y Tres Paso de la Laguna;GradosMenos8;365;32;0;1;0;32;333;8,7671
INIA;INIA;2025;19;Treinta y Tres Paso de la Laguna;GradosMenos9;365;47;0;0;0;47;318;12,8767
INIA;INIA;2025;19;Treinta y Tres Paso de la Laguna;HR100;365;0;0;207;0;0;365;0,0
INIA;INIA;2025;19;Treinta y Tres Paso de la Laguna;HR90y99;365;0;0;19;0;0;365;0,0
INIA;INIA;2025;19;Treinta y Tres Paso de la Laguna;HRMax;365;0;0;0;0;0;365;0,0
INIA;INIA;2025;19;Treinta y Tres Paso de la Laguna;HRMed;365;0;0;0;0;0;365;0,0
INIA;INIA;2025;19;Treinta y Tres Paso de la Laguna;HRMin;365;0;0;2;0;0;365;0,0
INIA;INIA;2025;19;Treinta y Tres Paso de la Laguna;HeladaAgromet;365;0;0;315;0;0;365;0,0
INIA;INIA;2025;19;Treinta y Tres Paso de la Laguna;HeladaMeteo;365;0;0;341;0;0;365;0,0
INIA;INIA;2025;19;Treinta y Tres Paso de la Laguna;Heliofania(hrs);365;0;0;30;0;0;365;0,0
INIA;INIA;2025;19;Treinta y Tres Paso de la Laguna;HeliofaniaRelativa;365;0;0;30;0;0;365;0,0
INIA;INIA;2025;19;Treinta y Tres Paso de la Laguna;Llovio;365;0;0;292;0;0;365;0,0
INIA;INIA;2025;19;Treinta y Tres Paso de la Laguna;Mes;365;0;0;0;0;0;365;0,0
INIA;INIA;2025;19;Treinta y Tres Paso de la Laguna;PrecipAcum;365;0;0;292;0;0;365;0,0
INIA;INIA;2025;19;Treinta y Tres Paso de la Laguna;PrecipEfectiva;365;0;0;292;0;0;365;0,0
INIA;INIA;2025;19;Treinta y Tres Paso de la Laguna;RadSolar;365;0;0;0;0;0;365;0,0
INIA;INIA;2025;19;Treinta y Tres Paso de la Laguna;RecorridoViento;365;6;0;0;0;6;359;1,6438
INIA;INIA;2025;19;Treinta y Tres Paso de la Laguna;TMedia;365;0;0;0;0;0;365;0,0
INIA;INIA;2025;19;Treinta y Tres Paso de la Laguna;TMin15;365;0;0;97;0;0;365;0,0
INIA;INIA;2025;19;Treinta y Tres Paso de la Laguna;TMinSCesped;365;0;0;2;0;0;365;0,0
INIA;INIA;2025;19;Treinta y Tres Paso de la Laguna;TempAireMax;365;1;0;0;0;1;364;0,274
INIA;INIA;2025;19;Treinta y Tres Paso de la Laguna;TempAireMedia;365;0;0;0;0;0;365;0,0
INIA;INIA;2025;19;Treinta y Tres Paso de la Laguna;TempAireMin;365;0;0;2;0;0;365;0,0
INIA;INIA;2025;19;Treinta y Tres Paso de la Laguna;TempMin7p2;365;0;0;220;0;0;365;0,0
INIA;INIA;2025;19;Treinta y Tres Paso de la Laguna;TempSC05cm(max);365;17;0;0;0;17;348;4,6575
INIA;INIA;2025;19;Treinta y Tres Paso de la Laguna;TempSC05cm(med);365;21;0;0;0;21;344;5,7534
INIA;INIA;2025;19;Treinta y Tres Paso de la Laguna;TempSC05cm(min);365;20;0;0;0;20;345;5,4795
INIA;INIA;2025;19;Treinta y Tres Paso de la Laguna;TempSC10cm(max);365;17;0;0;0;17;348;4,6575
INIA;INIA;2025;19;Treinta y Tres Paso de la Laguna;TempSC10cm(med);365;21;0;0;0;21;344;5,7534
INIA;INIA;2025;19;Treinta y Tres Paso de la Laguna;TempSC10cm(min);365;20;0;0;0;20;345;5,4795
INIA;INIA;2025;19;Treinta y Tres Paso de la Laguna;TempSD05cm(max);365;17;0;0;0;17;348;4,6575
INIA;INIA;2025;19;Treinta y Tres Paso de la Laguna;TempSD05cm(med);365;21;0;0;0;21;344;5,7534
INIA;INIA;2025;19;Treinta y Tres Paso de la Laguna;TempSD05cm(min);365;20;0;0;0;20;345;5,4795
INIA;INIA;2025;19;Treinta y Tres Paso de la Laguna;TempSD10cm(max);365;17;0;0;0;17;348;4,6575
INIA;INIA;2025;19;Treinta y Tres Paso de la Laguna;TempSD10cm(med);365;21;0;0;0;21;344;5,7534
INIA;INIA;2025;19;Treinta y Tres Paso de la Laguna;TempSD10cm(min);365;20;0;0;0;20;345;5,4795
INIA;INIA;2025;19;Treinta y Tres Paso de la Laguna;UnTermicasArroz;365;1;0;48;0;1;364;0,274
INIA;INIA;2025;19;Treinta y Tres Paso de la Laguna;UnidadFrio;365;0;0;3;0;0;365;0,0
INIA;INIA;2025;2;Las Brujas;AmplitudTermica;365;0;0;0;0;0;365;0,0
INIA;INIA;2025;2;Las Brujas;Anio;365;0;0;0;0;0;365;0,0
INIA;INIA;2025;2;Las Brujas;Dia;365;0;0;0;0;0;365;0,0
INIA;INIA;2025;2;Las Brujas;EstacionAgr;365;0;0;0;0;0;365;0,0
INIA;INIA;2025;2;Las Brujas;EvapPiche;365;13;0;0;0;13;352;3,5616
INIA;INIA;2025;2;Las Brujas;EvapTanque;365;0;0;0;0;0;365;0,0
INIA;INIA;2025;2;Las Brujas;EvapotranspPenman;365;0;0;0;0;0;365;0,0
INIA;INIA;2025;2;Las Brujas;GradosMenos10;365;55;0;2;0;55;310;15,0685
INIA;INIA;2025;2;Las Brujas;GradosMenos10p5;365;68;0;2;0;68;297;18,6301
INIA;INIA;2025;2;Las Brujas;GradosMenos12p8;365;100;0;2;0;100;265;27,3973
INIA;INIA;2025;2;Las Brujas;GradosMenos4p5;365;2;0;0;0;2;363;0,5479
INIA;INIA;2025;2;Las Brujas;GradosMenos6;365;5;0;0;0;5;360;1,3699
INIA;INIA;2025;2;Las Brujas;GradosMenos7;365;10;0;1;0;10;355;2,7397
INIA;INIA;2025;2;Las Brujas;GradosMenos8;365;23;0;2;0;23;342;6,3014
INIA;INIA;2025;2;Las Brujas;GradosMenos9;365;37;0;1;0;37;328;10,137
INIA;INIA;2025;2;Las Brujas;HR100;365;0;0;312;0;0;365;0,0
INIA;INIA;2025;2;Las Brujas;HR90y99;365;0;0;105;0;0;365;0,0
INIA;INIA;2025;2;Las Brujas;HRMax;365;0;0;0;0;0;365;0,0
INIA;INIA;2025;2;Las Brujas;HRMed;365;0;0;0;0;0;365;0,0
INIA;INIA;2025;2;Las Brujas;HRMin;365;0;0;11;0;0;365;0,0
INIA;INIA;2025;2;Las Brujas;HeladaAgromet;365;0;0;334;0;0;365;0,0
INIA;INIA;2025;2;Las Brujas;HeladaMeteo;365;0;0;361;0;0;365;0,0
INIA;INIA;2025;2;Las Brujas;Heliofania(hrs);365;0;0;19;0;0;365;0,0
INIA;INIA;2025;2;Las Brujas;HeliofaniaRelativa;365;0;0;19;0;0;365;0,0
INIA;INIA;2025;2;Las Brujas;Llovio;365;0;0;259;0;0;365;0,0
INIA;INIA;2025;2;Las Brujas;Mes;365;0;0;0;0;0;365;0,0
INIA;INIA;2025;2;Las Brujas;PrecipAcum;365;0;0;259;0;0;365;0,0
INIA;INIA;2025;2;Las Brujas;PrecipEfectiva;365;0;0;259;0;0;365;0,0
INIA;INIA;2025;2;Las Brujas;RadSolar;365;0;0;0;0;0;365;0,0
INIA;INIA;2025;2;Las Brujas;RecorridoViento;365;0;0;0;0;0;365;0,0
INIA;INIA;2025;2;Las Brujas;TMedia;365;0;0;0;0;0;365;0,0
INIA;INIA;2025;2;Las Brujas;TMin15;365;0;0;96;0;0;365;0,0
INIA;INIA;2025;2;Las Brujas;TMinSCesped;365;0;0;0;0;0;365;0,0
INIA;INIA;2025;2;Las Brujas;TempAireMax;365;0;0;0;0;0;365;0,0
INIA;INIA;2025;2;Las Brujas;TempAireMedia;365;0;0;0;0;0;365;0,0
INIA;INIA;2025;2;Las Brujas;TempAireMin;365;0;0;0;0;0;365;0,0
INIA;INIA;2025;2;Las Brujas;TempMin7p2;365;0;0;268;0;0;365;0,0
INIA;INIA;2025;2;Las Brujas;TempSC05cm(max);365;365;0;0;0;365;0;100,0
INIA;INIA;2025;2;Las Brujas;TempSC05cm(med);365;365;0;0;0;365;0;100,0
INIA;INIA;2025;2;Las Brujas;TempSC05cm(min);365;365;0;0;0;365;0;100,0
INIA;INIA;2025;2;Las Brujas;TempSC10cm(max);365;365;0;0;0;365;0;100,0
INIA;INIA;2025;2;Las Brujas;TempSC10cm(med);365;365;0;0;0;365;0;100,0
INIA;INIA;2025;2;Las Brujas;TempSC10cm(min);365;365;0;0;0;365;0;100,0
INIA;INIA;2025;2;Las Brujas;TempSD05cm(max);365;365;0;0;0;365;0;100,0
INIA;INIA;2025;2;Las Brujas;TempSD05cm(med);365;365;0;0;0;365;0;100,0
INIA;INIA;2025;2;Las Brujas;TempSD05cm(min);365;365;0;0;0;365;0;100,0
INIA;INIA;2025;2;Las Brujas;TempSD10cm(max);365;365;0;0;0;365;0;100,0
INIA;INIA;2025;2;Las Brujas;TempSD10cm(med);365;365;0;0;0;365;0;100,0
INIA;INIA;2025;2;Las Brujas;TempSD10cm(min);365;365;0;0;0;365;0;100,0
INIA;INIA;2025;2;Las Brujas;UnTermicasArroz;365;0;0;51;0;0;365;0,0
INIA;INIA;2025;2;Las Brujas;UnidadFrio;365;0;0;4;0;0;365;0,0
INIA;INIA;2025;4;La Estanzuela;AmplitudTermica;365;0;0;0;0;0;365;0,0
INIA;INIA;2025;4;La Estanzuela;Anio;365;0;0;0;0;0;365;0,0
INIA;INIA;2025;4;La Estanzuela;Dia;365;0;0;0;0;0;365;0,0
INIA;INIA;2025;4;La Estanzuela;EstacionAgr;365;0;0;0;0;0;365;0,0
INIA;INIA;2025;4;La Estanzuela;EvapPiche;365;1;0;0;0;1;364;0,274
INIA;INIA;2025;4;La Estanzuela;EvapTanque;365;0;0;2;0;0;365;0,0
INIA;INIA;2025;4;La Estanzuela;EvapotranspPenman;365;0;0;0;0;0;365;0,0
INIA;INIA;2025;4;La Estanzuela;GradosMenos10;365;49;0;2;0;49;316;13,4247
INIA;INIA;2025;4;La Estanzuela;GradosMenos10p5;365;60;0;0;0;60;305;16,4384
INIA;INIA;2025;4;La Estanzuela;GradosMenos12p8;365;95;0;1;0;95;270;26,0274
INIA;INIA;2025;4;La Estanzuela;GradosMenos4p5;365;3;0;0;0;3;362;0,8219
INIA;INIA;2025;4;La Estanzuela;GradosMenos6;365;5;0;0;0;5;360;1,3699
INIA;INIA;2025;4;La Estanzuela;GradosMenos7;365;8;0;1;0;8;357;2,1918
INIA;INIA;2025;4;La Estanzuela;GradosMenos8;365;16;0;2;0;16;349;4,3836
INIA;INIA;2025;4;La Estanzuela;GradosMenos9;365;31;0;3;0;31;334;8,4932
INIA;INIA;2025;4;La Estanzuela;HR100;365;0;0;365;0;0;365;0,0
INIA;INIA;2025;4;La Estanzuela;HR90y99;365;0;0;164;0;0;365;0,0
INIA;INIA;2025;4;La Estanzuela;HRMax;365;0;0;0;0;0;365;0,0
INIA;INIA;2025;4;La Estanzuela;HRMed;365;0;0;0;0;0;365;0,0
INIA;INIA;2025;4;La Estanzuela;HRMin;365;0;0;7;0;0;365;0,0
INIA;INIA;2025;4;La Estanzuela;HeladaAgromet;365;0;0;342;0;0;365;0,0
INIA;INIA;2025;4;La Estanzuela;HeladaMeteo;365;0;0;360;0;0;365;0,0
INIA;INIA;2025;4;La Estanzuela;Heliofania(hrs);365;0;0;27;0;0;365;0,0
INIA;INIA;2025;4;La Estanzuela;HeliofaniaRelativa;365;0;0;27;0;0;365;0,0
INIA;INIA;2025;4;La Estanzuela;Llovio;365;0;0;265;0;0;365;0,0
INIA;INIA;2025;4;La Estanzuela;Mes;365;0;0;0;0;0;365;0,0
INIA;INIA;2025;4;La Estanzuela;PrecipAcum;365;0;0;265;0;0;365;0,0
INIA;INIA;2025;4;La Estanzuela;PrecipEfectiva;365;0;0;265;0;0;365;0,0
INIA;INIA;2025;4;La Estanzuela;RadSolar;365;0;0;0;0;0;365;0,0
INIA;INIA;2025;4;La Estanzuela;RecorridoViento;365;0;0;0;0;0;365;0,0
INIA;INIA;2025;4;La Estanzuela;TMedia;365;0;0;0;0;0;365;0,0
INIA;INIA;2025;4;La Estanzuela;TMin15;365;0;0;129;0;0;365;0,0
INIA;INIA;2025;4;La Estanzuela;TMinSCesped;365;4;0;0;0;4;361;1,0959
INIA;INIA;2025;4;La Estanzuela;TempAireMax;365;0;0;0;0;0;365;0,0
INIA;INIA;2025;4;La Estanzuela;TempAireMedia;365;0;0;0;0;0;365;0,0
INIA;INIA;2025;4;La Estanzuela;TempAireMin;365;0;0;0;0;0;365;0,0
INIA;INIA;2025;4;La Estanzuela;TempMin7p2;365;0;0;281;0;0;365;0,0
INIA;INIA;2025;4;La Estanzuela;TempSC05cm(max);365;29;0;0;0;29;336;7,9452
INIA;INIA;2025;4;La Estanzuela;TempSC05cm(med);365;35;0;0;0;35;330;9,589
INIA;INIA;2025;4;La Estanzuela;TempSC05cm(min);365;32;0;0;0;32;333;8,7671
INIA;INIA;2025;4;La Estanzuela;TempSC10cm(max);365;29;0;0;0;29;336;7,9452
INIA;INIA;2025;4;La Estanzuela;TempSC10cm(med);365;35;0;0;0;35;330;9,589
INIA;INIA;2025;4;La Estanzuela;TempSC10cm(min);365;32;0;0;0;32;333;8,7671
INIA;INIA;2025;4;La Estanzuela;TempSD05cm(max);365;29;0;0;0;29;336;7,9452
INIA;INIA;2025;4;La Estanzuela;TempSD05cm(med);365;35;0;0;0;35;330;9,589
INIA;INIA;2025;4;La Estanzuela;TempSD05cm(min);365;32;0;1;0;32;333;8,7671
INIA;INIA;2025;4;La Estanzuela;TempSD10cm(max);365;29;0;0;0;29;336;7,9452
INIA;INIA;2025;4;La Estanzuela;TempSD10cm(med);365;35;0;0;0;35;330;9,589
INIA;INIA;2025;4;La Estanzuela;TempSD10cm(min);365;32;0;0;0;32;333;8,7671
INIA;INIA;2025;4;La Estanzuela;UnTermicasArroz;365;0;0;33;0;0;365;0,0
INIA;INIA;2025;4;La Estanzuela;UnidadFrio;365;0;0;2;0;0;365;0,0
INIA;INIA;2026;15;Salto Grande;AmplitudTermica;76;0;0;0;0;0;76;0,0
INIA;INIA;2026;15;Salto Grande;Anio;76;0;0;0;0;0;76;0,0
INIA;INIA;2026;15;Salto Grande;Dia;76;0;0;0;0;0;76;0,0
INIA;INIA;2026;15;Salto Grande;EstacionAgr;76;0;0;0;0;0;76;0,0
INIA;INIA;2026;15;Salto Grande;EvapPiche;76;1;0;0;0;1;75;1,3158
INIA;INIA;2026;15;Salto Grande;EvapTanque;76;1;0;0;0;1;75;1,3158
INIA;INIA;2026;15;Salto Grande;EvapotranspPenman;76;0;0;0;0;0;76;0,0
INIA;INIA;2026;15;Salto Grande;GradosMenos10;76;0;0;0;0;0;76;0,0
INIA;INIA;2026;15;Salto Grande;GradosMenos10p5;76;0;0;0;0;0;76;0,0
INIA;INIA;2026;15;Salto Grande;GradosMenos12p8;76;0;0;0;0;0;76;0,0
INIA;INIA;2026;15;Salto Grande;GradosMenos4p5;76;0;0;0;0;0;76;0,0
INIA;INIA;2026;15;Salto Grande;GradosMenos6;76;0;0;0;0;0;76;0,0
INIA;INIA;2026;15;Salto Grande;GradosMenos7;76;0;0;0;0;0;76;0,0
INIA;INIA;2026;15;Salto Grande;GradosMenos8;76;0;0;0;0;0;76;0,0
INIA;INIA;2026;15;Salto Grande;GradosMenos9;76;0;0;0;0;0;76;0,0
INIA;INIA;2026;15;Salto Grande;HR100;76;0;0;70;0;0;76;0,0
INIA;INIA;2026;15;Salto Grande;HR90y99;76;0;0;24;0;0;76;0,0
INIA;INIA;2026;15;Salto Grande;HRMax;76;0;0;0;0;0;76;0,0
INIA;INIA;2026;15;Salto Grande;HRMed;76;0;0;0;0;0;76;0,0
INIA;INIA;2026;15;Salto Grande;HRMin;76;0;0;1;0;0;76;0,0
INIA;INIA;2026;15;Salto Grande;HeladaAgromet;76;0;0;76;0;0;76;0,0
INIA;INIA;2026;15;Salto Grande;HeladaMeteo;76;0;0;76;0;0;76;0,0
INIA;INIA;2026;15;Salto Grande;Heliofania(hrs);76;0;0;4;0;0;76;0,0
INIA;INIA;2026;15;Salto Grande;HeliofaniaRelativa;76;0;0;4;0;0;76;0,0
INIA;INIA;2026;15;Salto Grande;Llovio;76;0;0;59;0;0;76;0,0
INIA;INIA;2026;15;Salto Grande;Mes;76;0;0;0;0;0;76;0,0
INIA;INIA;2026;15;Salto Grande;PrecipAcum;76;0;0;59;0;0;76;0,0
INIA;INIA;2026;15;Salto Grande;PrecipEfectiva;76;0;0;59;0;0;76;0,0
INIA;INIA;2026;15;Salto Grande;RadSolar;76;0;0;0;0;0;76;0,0
INIA;INIA;2026;15;Salto Grande;RecorridoViento;76;1;0;0;0;1;75;1,3158
INIA;INIA;2026;15;Salto Grande;TMedia;76;0;0;0;0;0;76;0,0
INIA;INIA;2026;15;Salto Grande;TMin15;76;0;0;70;0;0;76;0,0
INIA;INIA;2026;15;Salto Grande;TMinSCesped;76;0;0;0;0;0;76;0,0
INIA;INIA;2026;15;Salto Grande;TempAireMax;76;1;0;0;0;1;75;1,3158
INIA;INIA;2026;15;Salto Grande;TempAireMedia;76;0;0;0;0;0;76;0,0
INIA;INIA;2026;15;Salto Grande;TempAireMin;76;0;0;0;0;0;76;0,0
INIA;INIA;2026;15;Salto Grande;TempMin7p2;76;0;0;76;0;0;76;0,0
INIA;INIA;2026;15;Salto Grande;TempSC05cm(max);76;0;0;0;0;0;76;0,0
INIA;INIA;2026;15;Salto Grande;TempSC05cm(med);76;0;0;0;0;0;76;0,0
INIA;INIA;2026;15;Salto Grande;TempSC05cm(min);76;0;0;0;0;0;76;0,0
INIA;INIA;2026;15;Salto Grande;TempSC10cm(max);76;0;0;0;0;0;76;0,0
INIA;INIA;2026;15;Salto Grande;TempSC10cm(med);76;0;0;0;0;0;76;0,0
INIA;INIA;2026;15;Salto Grande;TempSC10cm(min);76;0;0;0;0;0;76;0,0
INIA;INIA;2026;15;Salto Grande;TempSD05cm(max);76;0;0;0;0;0;76;0,0
INIA;INIA;2026;15;Salto Grande;TempSD05cm(med);76;0;0;0;0;0;76;0,0
INIA;INIA;2026;15;Salto Grande;TempSD05cm(min);76;0;0;0;0;0;76;0,0
INIA;INIA;2026;15;Salto Grande;TempSD10cm(max);76;0;0;0;0;0;76;0,0
INIA;INIA;2026;15;Salto Grande;TempSD10cm(med);76;0;0;0;0;0;76;0,0
INIA;INIA;2026;15;Salto Grande;TempSD10cm(min);76;0;0;0;0;0;76;0,0
INIA;INIA;2026;15;Salto Grande;UnTermicasArroz;76;1;0;0;0;1;75;1,3158
INIA;INIA;2026;15;Salto Grande;UnidadFrio;76;0;0;0;0;0;76;0,0
INIA;INIA;2026;18;Tacuarembó La Magnolia;AmplitudTermica;76;0;0;0;0;0;76;0,0
INIA;INIA;2026;18;Tacuarembó La Magnolia;Anio;76;0;0;0;0;0;76;0,0
INIA;INIA;2026;18;Tacuarembó La Magnolia;Dia;76;0;0;0;0;0;76;0,0
INIA;INIA;2026;18;Tacuarembó La Magnolia;EstacionAgr;76;0;0;0;0;0;76;0,0
INIA;INIA;2026;18;Tacuarembó La Magnolia;EvapPiche;76;1;0;0;0;1;75;1,3158
INIA;INIA;2026;18;Tacuarembó La Magnolia;EvapTanque;76;1;0;0;0;1;75;1,3158
INIA;INIA;2026;18;Tacuarembó La Magnolia;EvapotranspPenman;76;0;0;0;0;0;76;0,0
INIA;INIA;2026;18;Tacuarembó La Magnolia;GradosMenos10;76;0;0;0;0;0;76;0,0
INIA;INIA;2026;18;Tacuarembó La Magnolia;GradosMenos10p5;76;0;0;0;0;0;76;0,0
INIA;INIA;2026;18;Tacuarembó La Magnolia;GradosMenos12p8;76;0;0;0;0;0;76;0,0
INIA;INIA;2026;18;Tacuarembó La Magnolia;GradosMenos4p5;76;0;0;0;0;0;76;0,0
INIA;INIA;2026;18;Tacuarembó La Magnolia;GradosMenos6;76;0;0;0;0;0;76;0,0
INIA;INIA;2026;18;Tacuarembó La Magnolia;GradosMenos7;76;0;0;0;0;0;76;0,0
INIA;INIA;2026;18;Tacuarembó La Magnolia;GradosMenos8;76;0;0;0;0;0;76;0,0
INIA;INIA;2026;18;Tacuarembó La Magnolia;GradosMenos9;76;0;0;0;0;0;76;0,0
INIA;INIA;2026;18;Tacuarembó La Magnolia;HR100;76;0;0;76;0;0;76;0,0
INIA;INIA;2026;18;Tacuarembó La Magnolia;HR90y99;76;0;0;4;0;0;76;0,0
INIA;INIA;2026;18;Tacuarembó La Magnolia;HRMax;76;0;0;0;0;0;76;0,0
INIA;INIA;2026;18;Tacuarembó La Magnolia;HRMed;76;0;0;0;0;0;76;0,0
INIA;INIA;2026;18;Tacuarembó La Magnolia;HRMin;76;0;0;0;0;0;76;0,0
INIA;INIA;2026;18;Tacuarembó La Magnolia;HeladaAgromet;76;0;0;76;0;0;76;0,0
INIA;INIA;2026;18;Tacuarembó La Magnolia;HeladaMeteo;76;0;0;76;0;0;76;0,0
INIA;INIA;2026;18;Tacuarembó La Magnolia;Heliofania(hrs);76;0;0;3;0;0;76;0,0
INIA;INIA;2026;18;Tacuarembó La Magnolia;HeliofaniaRelativa;76;0;0;3;0;0;76;0,0
INIA;INIA;2026;18;Tacuarembó La Magnolia;Llovio;76;0;0;51;0;0;76;0,0
INIA;INIA;2026;18;Tacuarembó La Magnolia;Mes;76;0;0;0;0;0;76;0,0
INIA;INIA;2026;18;Tacuarembó La Magnolia;PrecipAcum;76;0;0;51;0;0;76;0,0
INIA;INIA;2026;18;Tacuarembó La Magnolia;PrecipEfectiva;76;0;0;51;0;0;76;0,0
INIA;INIA;2026;18;Tacuarembó La Magnolia;RadSolar;76;0;0;0;0;0;76;0,0
INIA;INIA;2026;18;Tacuarembó La Magnolia;RecorridoViento;76;1;0;0;0;1;75;1,3158
INIA;INIA;2026;18;Tacuarembó La Magnolia;TMedia;76;0;0;0;0;0;76;0,0
INIA;INIA;2026;18;Tacuarembó La Magnolia;TMin15;76;0;0;47;0;0;76;0,0
INIA;INIA;2026;18;Tacuarembó La Magnolia;TMinSCesped;76;0;0;0;0;0;76;0,0
INIA;INIA;2026;18;Tacuarembó La Magnolia;TempAireMax;76;0;0;0;0;0;76;0,0
INIA;INIA;2026;18;Tacuarembó La Magnolia;TempAireMedia;76;0;0;0;0;0;76;0,0
INIA;INIA;2026;18;Tacuarembó La Magnolia;TempAireMin;76;0;0;0;0;0;76;0,0
INIA;INIA;2026;18;Tacuarembó La Magnolia;TempMin7p2;76;0;0;73;0;0;76;0,0
INIA;INIA;2026;18;Tacuarembó La Magnolia;TempSC05cm(max);76;3;0;0;0;3;73;3,9474
INIA;INIA;2026;18;Tacuarembó La Magnolia;TempSC05cm(med);76;3;0;0;0;3;73;3,9474
INIA;INIA;2026;18;Tacuarembó La Magnolia;TempSC05cm(min);76;3;0;0;0;3;73;3,9474
INIA;INIA;2026;18;Tacuarembó La Magnolia;TempSC10cm(max);76;3;0;0;0;3;73;3,9474
INIA;INIA;2026;18;Tacuarembó La Magnolia;TempSC10cm(med);76;3;0;0;0;3;73;3,9474
INIA;INIA;2026;18;Tacuarembó La Magnolia;TempSC10cm(min);76;3;0;0;0;3;73;3,9474
INIA;INIA;2026;18;Tacuarembó La Magnolia;TempSD05cm(max);76;3;0;0;0;3;73;3,9474
INIA;INIA;2026;18;Tacuarembó La Magnolia;TempSD05cm(med);76;3;0;0;0;3;73;3,9474
INIA;INIA;2026;18;Tacuarembó La Magnolia;TempSD05cm(min);76;3;0;0;0;3;73;3,9474
INIA;INIA;2026;18;Tacuarembó La Magnolia;TempSD10cm(max);76;3;0;0;0;3;73;3,9474
INIA;INIA;2026;18;Tacuarembó La Magnolia;TempSD10cm(med);76;3;0;0;0;3;73;3,9474
INIA;INIA;2026;18;Tacuarembó La Magnolia;TempSD10cm(min);76;3;0;0;0;3;73;3,9474
INIA;INIA;2026;18;Tacuarembó La Magnolia;UnTermicasArroz;76;0;0;0;0;0;76;0,0
INIA;INIA;2026;18;Tacuarembó La Magnolia;UnidadFrio;76;0;0;0;0;0;76;0,0
INIA;INIA;2026;18;Tacuaremnó Glencore;AmplitudTermica;60;0;0;0;0;0;60;0,0
INIA;INIA;2026;18;Tacuaremnó Glencore;Anio;60;0;0;0;0;0;60;0,0
INIA;INIA;2026;18;Tacuaremnó Glencore;Dia;60;0;0;0;0;0;60;0,0
INIA;INIA;2026;18;Tacuaremnó Glencore;EstacionAgr;60;0;0;0;0;0;60;0,0
INIA;INIA;2026;18;Tacuaremnó Glencore;EvapPiche;60;59;0;0;0;59;1;98,3333
INIA;INIA;2026;18;Tacuaremnó Glencore;EvapTanque;60;28;0;0;0;28;32;46,6667
INIA;INIA;2026;18;Tacuaremnó Glencore;EvapotranspPenman;60;0;0;0;0;0;60;0,0
INIA;INIA;2026;18;Tacuaremnó Glencore;GradosMenos10;60;0;0;0;0;0;60;0,0
INIA;INIA;2026;18;Tacuaremnó Glencore;GradosMenos10p5;60;0;0;0;0;0;60;0,0
INIA;INIA;2026;18;Tacuaremnó Glencore;GradosMenos12p8;60;0;0;0;0;0;60;0,0
INIA;INIA;2026;18;Tacuaremnó Glencore;GradosMenos4p5;60;0;0;0;0;0;60;0,0
INIA;INIA;2026;18;Tacuaremnó Glencore;GradosMenos6;60;0;0;0;0;0;60;0,0
INIA;INIA;2026;18;Tacuaremnó Glencore;GradosMenos7;60;0;0;0;0;0;60;0,0
INIA;INIA;2026;18;Tacuaremnó Glencore;GradosMenos8;60;0;0;0;0;0;60;0,0
INIA;INIA;2026;18;Tacuaremnó Glencore;GradosMenos9;60;0;0;0;0;0;60;0,0
INIA;INIA;2026;18;Tacuaremnó Glencore;HR100;60;0;0;38;0;0;60;0,0
INIA;INIA;2026;18;Tacuaremnó Glencore;HR90y99;60;0;0;17;0;0;60;0,0
INIA;INIA;2026;18;Tacuaremnó Glencore;HRMax;60;0;0;0;0;0;60;0,0
INIA;INIA;2026;18;Tacuaremnó Glencore;HRMed;60;0;0;0;0;0;60;0,0
INIA;INIA;2026;18;Tacuaremnó Glencore;HRMin;60;0;0;0;0;0;60;0,0
INIA;INIA;2026;18;Tacuaremnó Glencore;HeladaAgromet;60;0;0;60;0;0;60;0,0
INIA;INIA;2026;18;Tacuaremnó Glencore;HeladaMeteo;60;0;0;60;0;0;60;0,0
INIA;INIA;2026;18;Tacuaremnó Glencore;Heliofania(hrs);60;0;0;3;0;0;60;0,0
INIA;INIA;2026;18;Tacuaremnó Glencore;HeliofaniaRelativa;60;0;0;3;0;0;60;0,0
INIA;INIA;2026;18;Tacuaremnó Glencore;Llovio;60;0;0;52;0;0;60;0,0
INIA;INIA;2026;18;Tacuaremnó Glencore;Mes;60;0;0;0;0;0;60;0,0
INIA;INIA;2026;18;Tacuaremnó Glencore;PrecipAcum;60;0;0;52;0;0;60;0,0
INIA;INIA;2026;18;Tacuaremnó Glencore;PrecipEfectiva;60;0;0;52;0;0;60;0,0
INIA;INIA;2026;18;Tacuaremnó Glencore;RadSolar;60;0;0;0;0;0;60;0,0
INIA;INIA;2026;18;Tacuaremnó Glencore;RecorridoViento;60;28;0;0;0;28;32;46,6667
INIA;INIA;2026;18;Tacuaremnó Glencore;TMedia;60;0;0;0;0;0;60;0,0
INIA;INIA;2026;18;Tacuaremnó Glencore;TMin15;60;0;0;45;0;0;60;0,0
INIA;INIA;2026;18;Tacuaremnó Glencore;TMinSCesped;60;0;0;0;0;0;60;0,0
INIA;INIA;2026;18;Tacuaremnó Glencore;TempAireMax;60;0;0;0;0;0;60;0,0
INIA;INIA;2026;18;Tacuaremnó Glencore;TempAireMedia;60;0;0;0;0;0;60;0,0
INIA;INIA;2026;18;Tacuaremnó Glencore;TempAireMin;60;0;0;0;0;0;60;0,0
INIA;INIA;2026;18;Tacuaremnó Glencore;TempMin7p2;60;0;0;57;0;0;60;0,0
INIA;INIA;2026;18;Tacuaremnó Glencore;TempSC05cm(max);60;59;0;0;0;59;1;98,3333
INIA;INIA;2026;18;Tacuaremnó Glencore;TempSC05cm(med);60;59;0;0;0;59;1;98,3333
INIA;INIA;2026;18;Tacuaremnó Glencore;TempSC05cm(min);60;59;0;0;0;59;1;98,3333
INIA;INIA;2026;18;Tacuaremnó Glencore;TempSC10cm(max);60;59;0;0;0;59;1;98,3333
INIA;INIA;2026;18;Tacuaremnó Glencore;TempSC10cm(med);60;59;0;0;0;59;1;98,3333
INIA;INIA;2026;18;Tacuaremnó Glencore;TempSC10cm(min);60;59;0;0;0;59;1;98,3333
INIA;INIA;2026;18;Tacuaremnó Glencore;TempSD05cm(max);60;59;0;0;0;59;1;98,3333
INIA;INIA;2026;18;Tacuaremnó Glencore;TempSD05cm(med);60;59;0;0;0;59;1;98,3333
INIA;INIA;2026;18;Tacuaremnó Glencore;TempSD05cm(min);60;59;0;0;0;59;1;98,3333
INIA;INIA;2026;18;Tacuaremnó Glencore;TempSD10cm(max);60;59;0;0;0;59;1;98,3333
INIA;INIA;2026;18;Tacuaremnó Glencore;TempSD10cm(med);60;59;0;0;0;59;1;98,3333
INIA;INIA;2026;18;Tacuaremnó Glencore;TempSD10cm(min);60;59;0;0;0;59;1;98,3333
INIA;INIA;2026;18;Tacuaremnó Glencore;UnTermicasArroz;60;0;0;0;0;0;60;0,0
INIA;INIA;2026;18;Tacuaremnó Glencore;UnidadFrio;60;0;0;0;0;0;60;0,0
INIA;INIA;2026;19;Treinta y Tres Paso de la Laguna;AmplitudTermica;69;0;0;0;0;0;69;0,0
INIA;INIA;2026;19;Treinta y Tres Paso de la Laguna;Anio;69;0;0;0;0;0;69;0,0
INIA;INIA;2026;19;Treinta y Tres Paso de la Laguna;Dia;69;0;0;0;0;0;69;0,0
INIA;INIA;2026;19;Treinta y Tres Paso de la Laguna;EstacionAgr;69;0;0;0;0;0;69;0,0
INIA;INIA;2026;19;Treinta y Tres Paso de la Laguna;EvapPiche;69;0;0;0;0;0;69;0,0
INIA;INIA;2026;19;Treinta y Tres Paso de la Laguna;EvapTanque;69;0;0;1;0;0;69;0,0
INIA;INIA;2026;19;Treinta y Tres Paso de la Laguna;EvapotranspPenman;69;0;0;0;0;0;69;0,0
INIA;INIA;2026;19;Treinta y Tres Paso de la Laguna;GradosMenos10;69;0;0;0;0;0;69;0,0
INIA;INIA;2026;19;Treinta y Tres Paso de la Laguna;GradosMenos10p5;69;0;0;0;0;0;69;0,0
INIA;INIA;2026;19;Treinta y Tres Paso de la Laguna;GradosMenos12p8;69;0;0;0;0;0;69;0,0
INIA;INIA;2026;19;Treinta y Tres Paso de la Laguna;GradosMenos4p5;69;0;0;0;0;0;69;0,0
INIA;INIA;2026;19;Treinta y Tres Paso de la Laguna;GradosMenos6;69;0;0;0;0;0;69;0,0
INIA;INIA;2026;19;Treinta y Tres Paso de la Laguna;GradosMenos7;69;0;0;0;0;0;69;0,0
INIA;INIA;2026;19;Treinta y Tres Paso de la Laguna;GradosMenos8;69;0;0;0;0;0;69;0,0
INIA;INIA;2026;19;Treinta y Tres Paso de la Laguna;GradosMenos9;69;0;0;0;0;0;69;0,0
INIA;INIA;2026;19;Treinta y Tres Paso de la Laguna;HR100;69;0;0;61;0;0;69;0,0
INIA;INIA;2026;19;Treinta y Tres Paso de la Laguna;HR90y99;69;0;0;38;0;0;69;0,0
INIA;INIA;2026;19;Treinta y Tres Paso de la Laguna;HRMax;69;0;0;0;0;0;69;0,0
INIA;INIA;2026;19;Treinta y Tres Paso de la Laguna;HRMed;69;0;0;0;0;0;69;0,0
INIA;INIA;2026;19;Treinta y Tres Paso de la Laguna;HRMin;69;0;0;0;0;0;69;0,0
INIA;INIA;2026;19;Treinta y Tres Paso de la Laguna;HeladaAgromet;69;0;0;69;0;0;69;0,0
INIA;INIA;2026;19;Treinta y Tres Paso de la Laguna;HeladaMeteo;69;0;0;68;0;0;69;0,0
INIA;INIA;2026;19;Treinta y Tres Paso de la Laguna;Heliofania(hrs);69;0;0;4;0;0;69;0,0
INIA;INIA;2026;19;Treinta y Tres Paso de la Laguna;HeliofaniaRelativa;69;0;0;4;0;0;69;0,0
INIA;INIA;2026;19;Treinta y Tres Paso de la Laguna;Llovio;69;0;0;55;0;0;69;0,0
INIA;INIA;2026;19;Treinta y Tres Paso de la Laguna;Mes;69;0;0;0;0;0;69;0,0
INIA;INIA;2026;19;Treinta y Tres Paso de la Laguna;PrecipAcum;69;0;0;55;0;0;69;0,0
INIA;INIA;2026;19;Treinta y Tres Paso de la Laguna;PrecipEfectiva;69;0;0;55;0;0;69;0,0
INIA;INIA;2026;19;Treinta y Tres Paso de la Laguna;RadSolar;69;0;0;0;0;0;69;0,0
INIA;INIA;2026;19;Treinta y Tres Paso de la Laguna;RecorridoViento;69;0;0;0;0;0;69;0,0
INIA;INIA;2026;19;Treinta y Tres Paso de la Laguna;TMedia;69;0;0;0;0;0;69;0,0
INIA;INIA;2026;19;Treinta y Tres Paso de la Laguna;TMin15;69;0;0;8;0;0;69;0,0
INIA;INIA;2026;19;Treinta y Tres Paso de la Laguna;TMinSCesped;69;0;0;0;0;0;69;0,0
INIA;INIA;2026;19;Treinta y Tres Paso de la Laguna;TempAireMax;69;0;0;0;0;0;69;0,0
INIA;INIA;2026;19;Treinta y Tres Paso de la Laguna;TempAireMedia;69;0;0;0;0;0;69;0,0
INIA;INIA;2026;19;Treinta y Tres Paso de la Laguna;TempAireMin;69;0;0;0;0;0;69;0,0
INIA;INIA;2026;19;Treinta y Tres Paso de la Laguna;TempMin7p2;69;0;0;18;0;0;69;0,0
INIA;INIA;2026;19;Treinta y Tres Paso de la Laguna;TempSC05cm(max);69;0;0;0;0;0;69;0,0
INIA;INIA;2026;19;Treinta y Tres Paso de la Laguna;TempSC05cm(med);69;0;0;0;0;0;69;0,0
INIA;INIA;2026;19;Treinta y Tres Paso de la Laguna;TempSC05cm(min);69;0;0;0;0;0;69;0,0
INIA;INIA;2026;19;Treinta y Tres Paso de la Laguna;TempSC10cm(max);69;0;0;0;0;0;69;0,0
INIA;INIA;2026;19;Treinta y Tres Paso de la Laguna;TempSC10cm(med);69;0;0;0;0;0;69;0,0
INIA;INIA;2026;19;Treinta y Tres Paso de la Laguna;TempSC10cm(min);69;0;0;0;0;0;69;0,0
INIA;INIA;2026;19;Treinta y Tres Paso de la Laguna;TempSD05cm(max);69;0;0;0;0;0;69;0,0
INIA;INIA;2026;19;Treinta y Tres Paso de la Laguna;TempSD05cm(med);69;0;0;0;0;0;69;0,0
INIA;INIA;2026;19;Treinta y Tres Paso de la Laguna;TempSD05cm(min);69;0;0;0;0;0;69;0,0
INIA;INIA;2026;19;Treinta y Tres Paso de la Laguna;TempSD10cm(max);69;0;0;0;0;0;69;0,0
INIA;INIA;2026;19;Treinta y Tres Paso de la Laguna;TempSD10cm(med);69;0;0;0;0;0;69;0,0
INIA;INIA;2026;19;Treinta y Tres Paso de la Laguna;TempSD10cm(min);69;0;0;0;0;0;69;0,0
INIA;INIA;2026;19;Treinta y Tres Paso de la Laguna;UnTermicasArroz;69;0;0;0;0;0;69;0,0
INIA;INIA;2026;19;Treinta y Tres Paso de la Laguna;UnidadFrio;69;0;0;0;0;0;69;0,0
INIA;INIA;2026;2;Las Brujas;AmplitudTermica;75;0;0;0;0;0;75;0,0
INIA;INIA;2026;2;Las Brujas;Anio;75;0;0;0;0;0;75;0,0
INIA;INIA;2026;2;Las Brujas;Dia;75;0;0;0;0;0;75;0,0
INIA;INIA;2026;2;Las Brujas;EstacionAgr;75;0;0;0;0;0;75;0,0
INIA;INIA;2026;2;Las Brujas;EvapPiche;75;75;0;0;0;75;0;100,0
INIA;INIA;2026;2;Las Brujas;EvapTanque;75;0;0;0;0;0;75;0,0
INIA;INIA;2026;2;Las Brujas;EvapotranspPenman;75;0;0;0;0;0;75;0,0
INIA;INIA;2026;2;Las Brujas;GradosMenos10;75;0;0;0;0;0;75;0,0
INIA;INIA;2026;2;Las Brujas;GradosMenos10p5;75;0;0;0;0;0;75;0,0
INIA;INIA;2026;2;Las Brujas;GradosMenos12p8;75;0;0;0;0;0;75;0,0
INIA;INIA;2026;2;Las Brujas;GradosMenos4p5;75;0;0;0;0;0;75;0,0
INIA;INIA;2026;2;Las Brujas;GradosMenos6;75;0;0;0;0;0;75;0,0
INIA;INIA;2026;2;Las Brujas;GradosMenos7;75;0;0;0;0;0;75;0,0
INIA;INIA;2026;2;Las Brujas;GradosMenos8;75;0;0;0;0;0;75;0,0
INIA;INIA;2026;2;Las Brujas;GradosMenos9;75;0;0;0;0;0;75;0,0
INIA;INIA;2026;2;Las Brujas;HR100;75;0;0;75;0;0;75;0,0
INIA;INIA;2026;2;Las Brujas;HR90y99;75;0;0;38;0;0;75;0,0
INIA;INIA;2026;2;Las Brujas;HRMax;75;0;0;0;0;0;75;0,0
INIA;INIA;2026;2;Las Brujas;HRMed;75;0;0;0;0;0;75;0,0
INIA;INIA;2026;2;Las Brujas;HRMin;75;0;0;0;0;0;75;0,0
INIA;INIA;2026;2;Las Brujas;HeladaAgromet;75;0;0;75;0;0;75;0,0
INIA;INIA;2026;2;Las Brujas;HeladaMeteo;75;0;0;75;0;0;75;0,0
INIA;INIA;2026;2;Las Brujas;Heliofania(hrs);75;0;0;0;0;0;75;0,0
INIA;INIA;2026;2;Las Brujas;HeliofaniaRelativa;75;0;0;0;0;0;75;0,0
INIA;INIA;2026;2;Las Brujas;Llovio;75;0;0;64;0;0;75;0,0
INIA;INIA;2026;2;Las Brujas;Mes;75;0;0;0;0;0;75;0,0
INIA;INIA;2026;2;Las Brujas;PrecipAcum;75;0;0;64;0;0;75;0,0
INIA;INIA;2026;2;Las Brujas;PrecipEfectiva;75;0;0;64;0;0;75;0,0
INIA;INIA;2026;2;Las Brujas;RadSolar;75;0;0;0;0;0;75;0,0
INIA;INIA;2026;2;Las Brujas;RecorridoViento;75;0;0;0;0;0;75;0,0
INIA;INIA;2026;2;Las Brujas;TMedia;75;0;0;0;0;0;75;0,0
INIA;INIA;2026;2;Las Brujas;TMin15;75;0;0;53;0;0;75;0,0
INIA;INIA;2026;2;Las Brujas;TMinSCesped;75;0;0;0;0;0;75;0,0
INIA;INIA;2026;2;Las Brujas;TempAireMax;75;0;0;0;0;0;75;0,0
INIA;INIA;2026;2;Las Brujas;TempAireMedia;75;0;0;0;0;0;75;0,0
INIA;INIA;2026;2;Las Brujas;TempAireMin;75;0;0;0;0;0;75;0,0
INIA;INIA;2026;2;Las Brujas;TempMin7p2;75;0;0;75;0;0;75;0,0
INIA;INIA;2026;2;Las Brujas;TempSC05cm(max);75;75;0;0;0;75;0;100,0
INIA;INIA;2026;2;Las Brujas;TempSC05cm(med);75;75;0;0;0;75;0;100,0
INIA;INIA;2026;2;Las Brujas;TempSC05cm(min);75;75;0;0;0;75;0;100,0
INIA;INIA;2026;2;Las Brujas;TempSC10cm(max);75;75;0;0;0;75;0;100,0
INIA;INIA;2026;2;Las Brujas;TempSC10cm(med);75;75;0;0;0;75;0;100,0
INIA;INIA;2026;2;Las Brujas;TempSC10cm(min);75;75;0;0;0;75;0;100,0
INIA;INIA;2026;2;Las Brujas;TempSD05cm(max);75;75;0;0;0;75;0;100,0
INIA;INIA;2026;2;Las Brujas;TempSD05cm(med);75;75;0;0;0;75;0;100,0
INIA;INIA;2026;2;Las Brujas;TempSD05cm(min);75;75;0;0;0;75;0;100,0
INIA;INIA;2026;2;Las Brujas;TempSD10cm(max);75;75;0;0;0;75;0;100,0
INIA;INIA;2026;2;Las Brujas;TempSD10cm(med);75;75;0;0;0;75;0;100,0
INIA;INIA;2026;2;Las Brujas;TempSD10cm(min);75;75;0;0;0;75;0;100,0
INIA;INIA;2026;2;Las Brujas;UnTermicasArroz;75;0;0;0;0;0;75;0,0
INIA;INIA;2026;2;Las Brujas;UnidadFrio;75;0;0;0;0;0;75;0,0
INIA;INIA;2026;4;La Estanzuela;AmplitudTermica;76;0;0;0;0;0;76;0,0
INIA;INIA;2026;4;La Estanzuela;Anio;76;0;0;0;0;0;76;0,0
INIA;INIA;2026;4;La Estanzuela;Dia;76;0;0;0;0;0;76;0,0
INIA;INIA;2026;4;La Estanzuela;EstacionAgr;76;0;0;0;0;0;76;0,0
INIA;INIA;2026;4;La Estanzuela;EvapPiche;76;0;0;0;0;0;76;0,0
INIA;INIA;2026;4;La Estanzuela;EvapTanque;76;0;0;0;0;0;76;0,0
INIA;INIA;2026;4;La Estanzuela;EvapotranspPenman;76;0;0;0;0;0;76;0,0
INIA;INIA;2026;4;La Estanzuela;GradosMenos10;76;0;0;0;0;0;76;0,0
INIA;INIA;2026;4;La Estanzuela;GradosMenos10p5;76;0;0;0;0;0;76;0,0
INIA;INIA;2026;4;La Estanzuela;GradosMenos12p8;76;0;0;0;0;0;76;0,0
INIA;INIA;2026;4;La Estanzuela;GradosMenos4p5;76;0;0;0;0;0;76;0,0
INIA;INIA;2026;4;La Estanzuela;GradosMenos6;76;0;0;0;0;0;76;0,0
INIA;INIA;2026;4;La Estanzuela;GradosMenos7;76;0;0;0;0;0;76;0,0
INIA;INIA;2026;4;La Estanzuela;GradosMenos8;76;0;0;0;0;0;76;0,0
INIA;INIA;2026;4;La Estanzuela;GradosMenos9;76;0;0;0;0;0;76;0,0
INIA;INIA;2026;4;La Estanzuela;HR100;76;0;0;76;0;0;76;0,0
INIA;INIA;2026;4;La Estanzuela;HR90y99;76;0;0;48;0;0;76;0,0
INIA;INIA;2026;4;La Estanzuela;HRMax;76;0;0;0;0;0;76;0,0
INIA;INIA;2026;4;La Estanzuela;HRMed;76;0;0;0;0;0;76;0,0
INIA;INIA;2026;4;La Estanzuela;HRMin;76;0;0;0;0;0;76;0,0
INIA;INIA;2026;4;La Estanzuela;HeladaAgromet;76;0;0;76;0;0;76;0,0
INIA;INIA;2026;4;La Estanzuela;HeladaMeteo;76;0;0;76;0;0;76;0,0
INIA;INIA;2026;4;La Estanzuela;Heliofania(hrs);76;0;0;0;0;0;76;0,0
INIA;INIA;2026;4;La Estanzuela;HeliofaniaRelativa;76;0;0;0;0;0;76;0,0
INIA;INIA;2026;4;La Estanzuela;Llovio;76;0;0;64;0;0;76;0,0
INIA;INIA;2026;4;La Estanzuela;Mes;76;0;0;0;0;0;76;0,0
INIA;INIA;2026;4;La Estanzuela;PrecipAcum;76;0;0;64;0;0;76;0,0
INIA;INIA;2026;4;La Estanzuela;PrecipEfectiva;76;0;0;64;0;0;76;0,0
INIA;INIA;2026;4;La Estanzuela;RadSolar;76;0;0;0;0;0;76;0,0
INIA;INIA;2026;4;La Estanzuela;RecorridoViento;76;0;0;0;0;0;76;0,0
INIA;INIA;2026;4;La Estanzuela;TMedia;76;0;0;0;0;0;76;0,0
INIA;INIA;2026;4;La Estanzuela;TMin15;76;0;0;60;0;0;76;0,0
INIA;INIA;2026;4;La Estanzuela;TMinSCesped;76;1;0;0;0;1;75;1,3158
INIA;INIA;2026;4;La Estanzuela;TempAireMax;76;0;0;0;0;0;76;0,0
INIA;INIA;2026;4;La Estanzuela;TempAireMedia;76;0;0;0;0;0;76;0,0
INIA;INIA;2026;4;La Estanzuela;TempAireMin;76;0;0;0;0;0;76;0,0
INIA;INIA;2026;4;La Estanzuela;TempMin7p2;76;0;0;76;0;0;76;0,0
INIA;INIA;2026;4;La Estanzuela;TempSC05cm(max);76;12;0;0;0;12;64;15,7895
INIA;INIA;2026;4;La Estanzuela;TempSC05cm(med);76;12;0;0;0;12;64;15,7895
INIA;INIA;2026;4;La Estanzuela;TempSC05cm(min);76;12;0;0;0;12;64;15,7895
INIA;INIA;2026;4;La Estanzuela;TempSC10cm(max);76;12;0;0;0;12;64;15,7895
INIA;INIA;2026;4;La Estanzuela;TempSC10cm(med);76;12;0;0;0;12;64;15,7895
INIA;INIA;2026;4;La Estanzuela;TempSC10cm(min);76;12;0;0;0;12;64;15,7895
INIA;INIA;2026;4;La Estanzuela;TempSD05cm(max);76;12;0;0;0;12;64;15,7895
INIA;INIA;2026;4;La Estanzuela;TempSD05cm(med);76;12;0;0;0;12;64;15,7895
INIA;INIA;2026;4;La Estanzuela;TempSD05cm(min);76;12;0;0;0;12;64;15,7895
INIA;INIA;2026;4;La Estanzuela;TempSD10cm(max);76;12;0;0;0;12;64;15,7895
INIA;INIA;2026;4;La Estanzuela;TempSD10cm(med);76;12;0;0;0;12;64;15,7895
INIA;INIA;2026;4;La Estanzuela;TempSD10cm(min);76;12;0;0;0;12;64;15,7895
INIA;INIA;2026;4;La Estanzuela;UnTermicasArroz;76;0;0;0;0;0;76;0,0
INIA;INIA;2026;4;La Estanzuela;UnidadFrio;76;0;0;0;0;0;76;0,0
SNIG;DatosAnimales;2016;15;;ActividadCodigo;3170;0;0;0;3170;0;3170;0,0
SNIG;DatosAnimales;2016;15;;AnimalesPorEspecieConsumoPD_AD;3170;0;0;2323;0;0;3170;0,0
SNIG;DatosAnimales;2016;15;;AnimalesPorEspecieMortandadPD_AD;3170;0;0;1868;0;0;3170;0,0
SNIG;DatosAnimales;2016;15;;AnimalesPorEspecieNacimientosPD_AD;3170;0;0;2391;0;0;3170;0,0
SNIG;DatosAnimales;2016;15;;AnimalesPorEspeciePD_AD;3170;0;0;408;0;0;3170;0,0
SNIG;DatosAnimales;2016;15;;AnimalesPorEspeciePD_PF;3170;0;0;429;0;0;3170;0,0
SNIG;DatosAnimales;2016;15;;Anio;3170;0;0;0;0;0;3170;0,0
SNIG;DatosAnimales;2016;15;;AreaEnumeracion;3170;0;0;602;0;0;3170;0,0
SNIG;DatosAnimales;2016;15;;AreaSupervision;3170;0;0;602;0;0;3170;0,0
SNIG;DatosAnimales;2016;15;;CantidadTenedoresPorEspecie;3170;0;0;0;0;0;3170;0,0
SNIG;DatosAnimales;2016;15;;DepartamentoCodigo;3170;0;0;0;0;0;3170;0,0
SNIG;DatosAnimales;2016;15;;EspecializacionMGAPCodigo;3170;3170;0;0;0;3170;0;100,0
SNIG;DatosAnimales;2016;15;;EspecieCodigo;3170;0;0;0;0;0;3170;0,0
SNIG;DatosAnimales;2016;15;;EstratoCodigo;3170;0;0;0;0;0;3170;0,0
SNIG;DatosAnimales;2016;15;;GiroCodigo;3170;0;0;0;249;0;3170;0,0
SNIG;DatosAnimales;2016;15;;ID;3170;0;0;0;0;0;3170;0,0
SNIG;DatosAnimales;2016;15;;NaturalezaJuridicaCodigo;3170;0;0;26;0;0;3170;0,0
SNIG;DatosAnimales;2016;15;;SeccionalPolicialCodigo;3170;0;0;2;0;0;3170;0,0
SNIG;DatosAnimales;2016;15;;TipoProduccionMGAPCodigo;3170;3170;0;0;0;3170;0;100,0
SNIG;DatosAnimales;2016;18;;ActividadCodigo;4030;0;0;0;4028;0;4030;0,0
SNIG;DatosAnimales;2016;18;;AnimalesPorEspecieConsumoPD_AD;4030;0;0;2939;0;0;4030;0,0
SNIG;DatosAnimales;2016;18;;AnimalesPorEspecieMortandadPD_AD;4030;0;0;2374;0;0;4030;0,0
SNIG;DatosAnimales;2016;18;;AnimalesPorEspecieNacimientosPD_AD;4030;0;0;2974;0;0;4030;0,0
SNIG;DatosAnimales;2016;18;;AnimalesPorEspeciePD_AD;4030;0;0;427;0;0;4030;0,0
SNIG;DatosAnimales;2016;18;;AnimalesPorEspeciePD_PF;4030;0;0;728;0;0;4030;0,0
SNIG;DatosAnimales;2016;18;;Anio;4030;0;0;0;0;0;4030;0,0
SNIG;DatosAnimales;2016;18;;AreaEnumeracion;4030;0;0;655;0;0;4030;0,0
SNIG;DatosAnimales;2016;18;;AreaSupervision;4030;0;0;655;0;0;4030;0,0
SNIG;DatosAnimales;2016;18;;CantidadTenedoresPorEspecie;4030;0;0;0;0;0;4030;0,0
SNIG;DatosAnimales;2016;18;;DepartamentoCodigo;4030;0;0;0;0;0;4030;0,0
SNIG;DatosAnimales;2016;18;;EspecializacionMGAPCodigo;4030;4030;0;0;0;4030;0;100,0
SNIG;DatosAnimales;2016;18;;EspecieCodigo;4030;0;0;0;0;0;4030;0,0
SNIG;DatosAnimales;2016;18;;EstratoCodigo;4030;0;0;0;0;0;4030;0,0
SNIG;DatosAnimales;2016;18;;GiroCodigo;4030;0;0;0;306;0;4030;0,0
SNIG;DatosAnimales;2016;18;;ID;4030;0;0;0;0;0;4030;0,0
SNIG;DatosAnimales;2016;18;;NaturalezaJuridicaCodigo;4030;0;0;27;0;0;4030;0,0
SNIG;DatosAnimales;2016;18;;SeccionalPolicialCodigo;4030;0;0;0;0;0;4030;0,0
SNIG;DatosAnimales;2016;18;;TipoProduccionMGAPCodigo;4030;4030;0;0;0;4030;0;100,0
SNIG;DatosAnimales;2016;19;;ActividadCodigo;2748;0;0;1;2747;0;2748;0,0
SNIG;DatosAnimales;2016;19;;AnimalesPorEspecieConsumoPD_AD;2748;0;0;1996;0;0;2748;0,0
SNIG;DatosAnimales;2016;19;;AnimalesPorEspecieMortandadPD_AD;2748;0;0;1585;0;0;2748;0,0
SNIG;DatosAnimales;2016;19;;AnimalesPorEspecieNacimientosPD_AD;2748;0;0;2034;0;0;2748;0,0
SNIG;DatosAnimales;2016;19;;AnimalesPorEspeciePD_AD;2748;0;0;300;0;0;2748;0,0
SNIG;DatosAnimales;2016;19;;AnimalesPorEspeciePD_PF;2748;0;0;517;0;0;2748;0,0
SNIG;DatosAnimales;2016;19;;Anio;2748;0;0;0;0;0;2748;0,0
SNIG;DatosAnimales;2016;19;;AreaEnumeracion;2748;0;0;374;0;0;2748;0,0
SNIG;DatosAnimales;2016;19;;AreaSupervision;2748;0;0;374;0;0;2748;0,0
SNIG;DatosAnimales;2016;19;;CantidadTenedoresPorEspecie;2748;0;0;0;0;0;2748;0,0
SNIG;DatosAnimales;2016;19;;DepartamentoCodigo;2748;0;0;0;0;0;2748;0,0
SNIG;DatosAnimales;2016;19;;EspecializacionMGAPCodigo;2748;2748;0;0;0;2748;0;100,0
SNIG;DatosAnimales;2016;19;;EspecieCodigo;2748;0;0;0;0;0;2748;0,0
SNIG;DatosAnimales;2016;19;;EstratoCodigo;2748;0;0;0;0;0;2748;0,0
SNIG;DatosAnimales;2016;19;;GiroCodigo;2748;0;0;0;217;0;2748;0,0
SNIG;DatosAnimales;2016;19;;ID;2748;0;0;0;0;0;2748;0,0
SNIG;DatosAnimales;2016;19;;NaturalezaJuridicaCodigo;2748;0;0;24;0;0;2748;0,0
SNIG;DatosAnimales;2016;19;;SeccionalPolicialCodigo;2748;0;0;2;0;0;2748;0,0
SNIG;DatosAnimales;2016;19;;TipoProduccionMGAPCodigo;2748;2748;0;0;0;2748;0;100,0
SNIG;DatosAnimales;2016;2;;ActividadCodigo;5200;0;0;0;5200;0;5200;0,0
SNIG;DatosAnimales;2016;2;;AnimalesPorEspecieConsumoPD_AD;5200;0;0;4039;0;0;5200;0,0
SNIG;DatosAnimales;2016;2;;AnimalesPorEspecieMortandadPD_AD;5200;0;0;3757;0;0;5200;0,0
SNIG;DatosAnimales;2016;2;;AnimalesPorEspecieNacimientosPD_AD;5200;0;0;3894;0;0;5200;0,0
SNIG;DatosAnimales;2016;2;;AnimalesPorEspeciePD_AD;5200;0;0;357;0;0;5200;0,0
SNIG;DatosAnimales;2016;2;;AnimalesPorEspeciePD_PF;5200;0;0;279;0;0;5200;0,0
SNIG;DatosAnimales;2016;2;;Anio;5200;0;0;0;0;0;5200;0,0
SNIG;DatosAnimales;2016;2;;AreaEnumeracion;5200;0;0;533;0;0;5200;0,0
SNIG;DatosAnimales;2016;2;;AreaSupervision;5200;0;0;533;0;0;5200;0,0
SNIG;DatosAnimales;2016;2;;CantidadTenedoresPorEspecie;5200;0;0;0;0;0;5200;0,0
SNIG;DatosAnimales;2016;2;;DepartamentoCodigo;5200;0;0;0;0;0;5200;0,0
SNIG;DatosAnimales;2016;2;;EspecializacionMGAPCodigo;5200;5200;0;0;0;5200;0;100,0
SNIG;DatosAnimales;2016;2;;EspecieCodigo;5200;0;0;0;0;0;5200;0,0
SNIG;DatosAnimales;2016;2;;EstratoCodigo;5200;0;0;0;0;0;5200;0,0
SNIG;DatosAnimales;2016;2;;GiroCodigo;5200;0;0;0;411;0;5200;0,0
SNIG;DatosAnimales;2016;2;;ID;5200;0;0;0;0;0;5200;0,0
SNIG;DatosAnimales;2016;2;;NaturalezaJuridicaCodigo;5200;0;0;27;0;0;5200;0,0
SNIG;DatosAnimales;2016;2;;SeccionalPolicialCodigo;5200;0;0;5;0;0;5200;0,0
SNIG;DatosAnimales;2016;2;;TipoProduccionMGAPCodigo;5200;5200;0;0;0;5200;0;100,0
SNIG;DatosAnimales;2016;4;;ActividadCodigo;3782;0;0;0;3782;0;3782;0,0
SNIG;DatosAnimales;2016;4;;AnimalesPorEspecieConsumoPD_AD;3782;0;0;2844;0;0;3782;0,0
SNIG;DatosAnimales;2016;4;;AnimalesPorEspecieMortandadPD_AD;3782;0;0;2505;0;0;3782;0,0
SNIG;DatosAnimales;2016;4;;AnimalesPorEspecieNacimientosPD_AD;3782;0;0;2740;0;0;3782;0,0
SNIG;DatosAnimales;2016;4;;AnimalesPorEspeciePD_AD;3782;0;0;285;0;0;3782;0,0
SNIG;DatosAnimales;2016;4;;AnimalesPorEspeciePD_PF;3782;0;0;214;0;0;3782;0,0
SNIG;DatosAnimales;2016;4;;Anio;3782;0;0;0;0;0;3782;0,0
SNIG;DatosAnimales;2016;4;;AreaEnumeracion;3782;0;0;337;0;0;3782;0,0
SNIG;DatosAnimales;2016;4;;AreaSupervision;3782;0;0;337;0;0;3782;0,0
SNIG;DatosAnimales;2016;4;;CantidadTenedoresPorEspecie;3782;0;0;0;0;0;3782;0,0
SNIG;DatosAnimales;2016;4;;DepartamentoCodigo;3782;0;0;0;0;0;3782;0,0
SNIG;DatosAnimales;2016;4;;EspecializacionMGAPCodigo;3782;3782;0;0;0;3782;0;100,0
SNIG;DatosAnimales;2016;4;;EspecieCodigo;3782;0;0;0;0;0;3782;0,0
SNIG;DatosAnimales;2016;4;;EstratoCodigo;3782;0;0;0;0;0;3782;0,0
SNIG;DatosAnimales;2016;4;;GiroCodigo;3782;0;0;0;256;0;3782;0,0
SNIG;DatosAnimales;2016;4;;ID;3782;0;0;0;0;0;3782;0,0
SNIG;DatosAnimales;2016;4;;NaturalezaJuridicaCodigo;3782;0;0;26;0;0;3782;0,0
SNIG;DatosAnimales;2016;4;;SeccionalPolicialCodigo;3782;0;0;3;0;0;3782;0,0
SNIG;DatosAnimales;2016;4;;TipoProduccionMGAPCodigo;3782;3782;0;0;0;3782;0;100,0
SNIG;DatosAnimales;2017;15;;ActividadCodigo;3059;0;0;0;3059;0;3059;0,0
SNIG;DatosAnimales;2017;15;;AnimalesPorEspecieConsumoPD_AD;3059;0;0;2239;0;0;3059;0,0
SNIG;DatosAnimales;2017;15;;AnimalesPorEspecieMortandadPD_AD;3059;0;0;1776;0;0;3059;0,0
SNIG;DatosAnimales;2017;15;;AnimalesPorEspecieNacimientosPD_AD;3059;0;0;2296;0;0;3059;0,0
SNIG;DatosAnimales;2017;15;;AnimalesPorEspeciePD_AD;3059;0;0;363;0;0;3059;0,0
SNIG;DatosAnimales;2017;15;;AnimalesPorEspeciePD_PF;3059;0;0;379;0;0;3059;0,0
SNIG;DatosAnimales;2017;15;;Anio;3059;0;0;0;0;0;3059;0,0
SNIG;DatosAnimales;2017;15;;AreaEnumeracion;3059;0;0;523;0;0;3059;0,0
SNIG;DatosAnimales;2017;15;;AreaSupervision;3059;0;0;523;0;0;3059;0,0
SNIG;DatosAnimales;2017;15;;CantidadTenedoresPorEspecie;3059;0;0;0;0;0;3059;0,0
SNIG;DatosAnimales;2017;15;;DepartamentoCodigo;3059;0;0;0;0;0;3059;0,0
SNIG;DatosAnimales;2017;15;;EspecializacionMGAPCodigo;3059;3059;0;0;0;3059;0;100,0
SNIG;DatosAnimales;2017;15;;EspecieCodigo;3059;0;0;0;0;0;3059;0,0
SNIG;DatosAnimales;2017;15;;EstratoCodigo;3059;0;0;0;0;0;3059;0,0
SNIG;DatosAnimales;2017;15;;GiroCodigo;3059;0;0;0;235;0;3059;0,0
SNIG;DatosAnimales;2017;15;;ID;3059;0;0;0;0;0;3059;0,0
SNIG;DatosAnimales;2017;15;;NaturalezaJuridicaCodigo;3059;0;0;26;0;0;3059;0,0
SNIG;DatosAnimales;2017;15;;SeccionalPolicialCodigo;3059;0;0;2;0;0;3059;0,0
SNIG;DatosAnimales;2017;15;;TipoProduccionMGAPCodigo;3059;3059;0;0;0;3059;0;100,0
SNIG;DatosAnimales;2017;18;;ActividadCodigo;4065;0;0;0;4065;0;4065;0,0
SNIG;DatosAnimales;2017;18;;AnimalesPorEspecieConsumoPD_AD;4065;0;0;3003;0;0;4065;0,0
SNIG;DatosAnimales;2017;18;;AnimalesPorEspecieMortandadPD_AD;4065;0;0;2467;0;0;4065;0,0
SNIG;DatosAnimales;2017;18;;AnimalesPorEspecieNacimientosPD_AD;4065;0;0;3005;0;0;4065;0,0
SNIG;DatosAnimales;2017;18;;AnimalesPorEspeciePD_AD;4065;0;0;410;0;0;4065;0,0
SNIG;DatosAnimales;2017;18;;AnimalesPorEspeciePD_PF;4065;0;0;763;0;0;4065;0,0
SNIG;DatosAnimales;2017;18;;Anio;4065;0;0;0;0;0;4065;0,0
SNIG;DatosAnimales;2017;18;;AreaEnumeracion;4065;0;0;624;0;0;4065;0,0
SNIG;DatosAnimales;2017;18;;AreaSupervision;4065;0;0;624;0;0;4065;0,0
SNIG;DatosAnimales;2017;18;;CantidadTenedoresPorEspecie;4065;0;0;0;0;0;4065;0,0
SNIG;DatosAnimales;2017;18;;DepartamentoCodigo;4065;0;0;0;0;0;4065;0,0
SNIG;DatosAnimales;2017;18;;EspecializacionMGAPCodigo;4065;4065;0;0;0;4065;0;100,0
SNIG;DatosAnimales;2017;18;;EspecieCodigo;4065;0;0;0;0;0;4065;0,0
SNIG;DatosAnimales;2017;18;;EstratoCodigo;4065;0;0;0;0;0;4065;0,0
SNIG;DatosAnimales;2017;18;;GiroCodigo;4065;0;0;0;335;0;4065;0,0
SNIG;DatosAnimales;2017;18;;ID;4065;0;0;0;0;0;4065;0,0
SNIG;DatosAnimales;2017;18;;NaturalezaJuridicaCodigo;4065;0;0;26;0;0;4065;0,0
SNIG;DatosAnimales;2017;18;;SeccionalPolicialCodigo;4065;0;0;1;0;0;4065;0,0
SNIG;DatosAnimales;2017;18;;TipoProduccionMGAPCodigo;4065;4065;0;0;0;4065;0;100,0
SNIG;DatosAnimales;2017;19;;ActividadCodigo;2637;0;0;0;2636;0;2637;0,0
SNIG;DatosAnimales;2017;19;;AnimalesPorEspecieConsumoPD_AD;2637;0;0;1958;0;0;2637;0,0
SNIG;DatosAnimales;2017;19;;AnimalesPorEspecieMortandadPD_AD;2637;0;0;1543;0;0;2637;0,0
SNIG;DatosAnimales;2017;19;;AnimalesPorEspecieNacimientosPD_AD;2637;0;0;1937;0;0;2637;0,0
SNIG;DatosAnimales;2017;19;;AnimalesPorEspeciePD_AD;2637;0;0;289;0;0;2637;0,0
SNIG;DatosAnimales;2017;19;;AnimalesPorEspeciePD_PF;2637;0;0;478;0;0;2637;0,0
SNIG;DatosAnimales;2017;19;;Anio;2637;0;0;0;0;0;2637;0,0
SNIG;DatosAnimales;2017;19;;AreaEnumeracion;2637;0;0;366;0;0;2637;0,0
SNIG;DatosAnimales;2017;19;;AreaSupervision;2637;0;0;366;0;0;2637;0,0
SNIG;DatosAnimales;2017;19;;CantidadTenedoresPorEspecie;2637;0;0;0;0;0;2637;0,0
SNIG;DatosAnimales;2017;19;;DepartamentoCodigo;2637;0;0;0;0;0;2637;0,0
SNIG;DatosAnimales;2017;19;;EspecializacionMGAPCodigo;2637;2637;0;0;0;2637;0;100,0
SNIG;DatosAnimales;2017;19;;EspecieCodigo;2637;0;0;0;0;0;2637;0,0
SNIG;DatosAnimales;2017;19;;EstratoCodigo;2637;0;0;0;0;0;2637;0,0
SNIG;DatosAnimales;2017;19;;GiroCodigo;2637;0;0;0;173;0;2637;0,0
SNIG;DatosAnimales;2017;19;;ID;2637;0;0;0;0;0;2637;0,0
SNIG;DatosAnimales;2017;19;;NaturalezaJuridicaCodigo;2637;0;0;23;0;0;2637;0,0
SNIG;DatosAnimales;2017;19;;SeccionalPolicialCodigo;2637;0;0;2;0;0;2637;0,0
SNIG;DatosAnimales;2017;19;;TipoProduccionMGAPCodigo;2637;2637;0;0;0;2637;0;100,0
SNIG;DatosAnimales;2017;2;;ActividadCodigo;4946;0;0;0;4946;0;4946;0,0
SNIG;DatosAnimales;2017;2;;AnimalesPorEspecieConsumoPD_AD;4946;0;0;3832;0;0;4946;0,0
SNIG;DatosAnimales;2017;2;;AnimalesPorEspecieMortandadPD_AD;4946;0;0;3600;0;0;4946;0,0
SNIG;DatosAnimales;2017;2;;AnimalesPorEspecieNacimientosPD_AD;4946;0;0;3711;0;0;4946;0,0
SNIG;DatosAnimales;2017;2;;AnimalesPorEspeciePD_AD;4946;0;0;336;0;0;4946;0,0
SNIG;DatosAnimales;2017;2;;AnimalesPorEspeciePD_PF;4946;0;0;298;0;0;4946;0,0
SNIG;DatosAnimales;2017;2;;Anio;4946;0;0;0;0;0;4946;0,0
SNIG;DatosAnimales;2017;2;;AreaEnumeracion;4946;0;0;477;0;0;4946;0,0
SNIG;DatosAnimales;2017;2;;AreaSupervision;4946;0;0;477;0;0;4946;0,0
SNIG;DatosAnimales;2017;2;;CantidadTenedoresPorEspecie;4946;0;0;0;0;0;4946;0,0
SNIG;DatosAnimales;2017;2;;DepartamentoCodigo;4946;0;0;0;0;0;4946;0,0
SNIG;DatosAnimales;2017;2;;EspecializacionMGAPCodigo;4946;4946;0;0;0;4946;0;100,0
SNIG;DatosAnimales;2017;2;;EspecieCodigo;4946;0;0;0;0;0;4946;0,0
SNIG;DatosAnimales;2017;2;;EstratoCodigo;4946;0;0;0;0;0;4946;0,0
SNIG;DatosAnimales;2017;2;;GiroCodigo;4946;0;0;0;258;0;4946;0,0
SNIG;DatosAnimales;2017;2;;ID;4946;0;0;0;0;0;4946;0,0
SNIG;DatosAnimales;2017;2;;NaturalezaJuridicaCodigo;4946;0;0;23;0;0;4946;0,0
SNIG;DatosAnimales;2017;2;;SeccionalPolicialCodigo;4946;0;0;4;0;0;4946;0,0
SNIG;DatosAnimales;2017;2;;TipoProduccionMGAPCodigo;4946;4946;0;0;0;4946;0;100,0
SNIG;DatosAnimales;2017;4;;ActividadCodigo;3683;0;0;0;3683;0;3683;0,0
SNIG;DatosAnimales;2017;4;;AnimalesPorEspecieConsumoPD_AD;3683;0;0;2775;0;0;3683;0,0
SNIG;DatosAnimales;2017;4;;AnimalesPorEspecieMortandadPD_AD;3683;0;0;2491;0;0;3683;0,0
SNIG;DatosAnimales;2017;4;;AnimalesPorEspecieNacimientosPD_AD;3683;0;0;2687;0;0;3683;0,0
SNIG;DatosAnimales;2017;4;;AnimalesPorEspeciePD_AD;3683;0;0;261;0;0;3683;0,0
SNIG;DatosAnimales;2017;4;;AnimalesPorEspeciePD_PF;3683;0;0;211;0;0;3683;0,0
SNIG;DatosAnimales;2017;4;;Anio;3683;0;0;0;0;0;3683;0,0
SNIG;DatosAnimales;2017;4;;AreaEnumeracion;3683;0;0;335;0;0;3683;0,0
SNIG;DatosAnimales;2017;4;;AreaSupervision;3683;0;0;335;0;0;3683;0,0
SNIG;DatosAnimales;2017;4;;CantidadTenedoresPorEspecie;3683;0;0;0;0;0;3683;0,0
SNIG;DatosAnimales;2017;4;;DepartamentoCodigo;3683;0;0;0;0;0;3683;0,0
SNIG;DatosAnimales;2017;4;;EspecializacionMGAPCodigo;3683;3683;0;0;0;3683;0;100,0
SNIG;DatosAnimales;2017;4;;EspecieCodigo;3683;0;0;0;0;0;3683;0,0
SNIG;DatosAnimales;2017;4;;EstratoCodigo;3683;0;0;0;0;0;3683;0,0
SNIG;DatosAnimales;2017;4;;GiroCodigo;3683;0;0;0;238;0;3683;0,0
SNIG;DatosAnimales;2017;4;;ID;3683;0;0;0;0;0;3683;0,0
SNIG;DatosAnimales;2017;4;;NaturalezaJuridicaCodigo;3683;0;0;22;0;0;3683;0,0
SNIG;DatosAnimales;2017;4;;SeccionalPolicialCodigo;3683;0;0;4;0;0;3683;0,0
SNIG;DatosAnimales;2017;4;;TipoProduccionMGAPCodigo;3683;3683;0;0;0;3683;0;100,0
SNIG;DatosAnimales;2018;15;;ActividadCodigo;3047;0;0;0;3047;0;3047;0,0
SNIG;DatosAnimales;2018;15;;AnimalesPorEspecieConsumoPD_AD;3047;0;0;2229;0;0;3047;0,0
SNIG;DatosAnimales;2018;15;;AnimalesPorEspecieMortandadPD_AD;3047;0;0;1777;0;0;3047;0,0
SNIG;DatosAnimales;2018;15;;AnimalesPorEspecieNacimientosPD_AD;3047;0;0;2277;0;0;3047;0,0
SNIG;DatosAnimales;2018;15;;AnimalesPorEspeciePD_AD;3047;0;0;349;0;0;3047;0,0
SNIG;DatosAnimales;2018;15;;AnimalesPorEspeciePD_PF;3047;0;0;411;0;0;3047;0,0
SNIG;DatosAnimales;2018;15;;Anio;3047;0;0;0;0;0;3047;0,0
SNIG;DatosAnimales;2018;15;;AreaEnumeracion;3047;0;0;519;0;0;3047;0,0
SNIG;DatosAnimales;2018;15;;AreaSupervision;3047;0;0;519;0;0;3047;0,0
SNIG;DatosAnimales;2018;15;;CantidadTenedoresPorEspecie;3047;0;0;0;0;0;3047;0,0
SNIG;DatosAnimales;2018;15;;DepartamentoCodigo;3047;0;0;0;0;0;3047;0,0
SNIG;DatosAnimales;2018;15;;EspecializacionMGAPCodigo;3047;3047;0;0;0;3047;0;100,0
SNIG;DatosAnimales;2018;15;;EspecieCodigo;3047;0;0;0;0;0;3047;0,0
SNIG;DatosAnimales;2018;15;;EstratoCodigo;3047;0;0;0;0;0;3047;0,0
SNIG;DatosAnimales;2018;15;;GiroCodigo;3047;0;0;0;175;0;3047;0,0
SNIG;DatosAnimales;2018;15;;ID;3047;0;0;0;0;0;3047;0,0
SNIG;DatosAnimales;2018;15;;NaturalezaJuridicaCodigo;3047;0;0;25;0;0;3047;0,0
SNIG;DatosAnimales;2018;15;;SeccionalPolicialCodigo;3047;0;0;1;0;0;3047;0,0
SNIG;DatosAnimales;2018;15;;TipoProduccionMGAPCodigo;3047;3047;0;0;0;3047;0;100,0
SNIG;DatosAnimales;2018;18;;ActividadCodigo;3956;0;0;0;3956;0;3956;0,0
SNIG;DatosAnimales;2018;18;;AnimalesPorEspecieConsumoPD_AD;3956;0;0;2942;0;0;3956;0,0
SNIG;DatosAnimales;2018;18;;AnimalesPorEspecieMortandadPD_AD;3956;0;0;2401;0;0;3956;0,0
SNIG;DatosAnimales;2018;18;;AnimalesPorEspecieNacimientosPD_AD;3956;0;0;2934;0;0;3956;0,0
SNIG;DatosAnimales;2018;18;;AnimalesPorEspeciePD_AD;3956;0;0;412;0;0;3956;0,0
SNIG;DatosAnimales;2018;18;;AnimalesPorEspeciePD_PF;3956;0;0;723;0;0;3956;0,0
SNIG;DatosAnimales;2018;18;;Anio;3956;0;0;0;0;0;3956;0,0
SNIG;DatosAnimales;2018;18;;AreaEnumeracion;3956;0;0;671;0;0;3956;0,0
SNIG;DatosAnimales;2018;18;;AreaSupervision;3956;0;0;671;0;0;3956;0,0
SNIG;DatosAnimales;2018;18;;CantidadTenedoresPorEspecie;3956;0;0;0;0;0;3956;0,0
SNIG;DatosAnimales;2018;18;;DepartamentoCodigo;3956;0;0;0;0;0;3956;0,0
SNIG;DatosAnimales;2018;18;;EspecializacionMGAPCodigo;3956;3956;0;0;0;3956;0;100,0
SNIG;DatosAnimales;2018;18;;EspecieCodigo;3956;0;0;0;0;0;3956;0,0
SNIG;DatosAnimales;2018;18;;EstratoCodigo;3956;0;0;0;0;0;3956;0,0
SNIG;DatosAnimales;2018;18;;GiroCodigo;3956;0;0;0;261;0;3956;0,0
SNIG;DatosAnimales;2018;18;;ID;3956;0;0;0;0;0;3956;0,0
SNIG;DatosAnimales;2018;18;;NaturalezaJuridicaCodigo;3956;0;0;24;0;0;3956;0,0
SNIG;DatosAnimales;2018;18;;SeccionalPolicialCodigo;3956;0;0;0;0;0;3956;0,0
SNIG;DatosAnimales;2018;18;;TipoProduccionMGAPCodigo;3956;3956;0;0;0;3956;0;100,0
SNIG;DatosAnimales;2018;19;;ActividadCodigo;2568;0;0;0;2567;0;2568;0,0
SNIG;DatosAnimales;2018;19;;AnimalesPorEspecieConsumoPD_AD;2568;0;0;1912;0;0;2568;0,0
SNIG;DatosAnimales;2018;19;;AnimalesPorEspecieMortandadPD_AD;2568;0;0;1522;0;0;2568;0,0
SNIG;DatosAnimales;2018;19;;AnimalesPorEspecieNacimientosPD_AD;2568;0;0;1903;0;0;2568;0,0
SNIG;DatosAnimales;2018;19;;AnimalesPorEspeciePD_AD;2568;0;0;287;0;0;2568;0,0
SNIG;DatosAnimales;2018;19;;AnimalesPorEspeciePD_PF;2568;0;0;515;0;0;2568;0,0
SNIG;DatosAnimales;2018;19;;Anio;2568;0;0;0;0;0;2568;0,0
SNIG;DatosAnimales;2018;19;;AreaEnumeracion;2568;0;0;360;0;0;2568;0,0
SNIG;DatosAnimales;2018;19;;AreaSupervision;2568;0;0;360;0;0;2568;0,0
SNIG;DatosAnimales;2018;19;;CantidadTenedoresPorEspecie;2568;0;0;0;0;0;2568;0,0
SNIG;DatosAnimales;2018;19;;DepartamentoCodigo;2568;0;0;0;0;0;2568;0,0
SNIG;DatosAnimales;2018;19;;EspecializacionMGAPCodigo;2568;2568;0;0;0;2568;0;100,0
SNIG;DatosAnimales;2018;19;;EspecieCodigo;2568;0;0;0;0;0;2568;0,0
SNIG;DatosAnimales;2018;19;;EstratoCodigo;2568;0;0;0;0;0;2568;0,0
SNIG;DatosAnimales;2018;19;;GiroCodigo;2568;0;0;0;111;0;2568;0,0
SNIG;DatosAnimales;2018;19;;ID;2568;0;0;0;0;0;2568;0,0
SNIG;DatosAnimales;2018;19;;NaturalezaJuridicaCodigo;2568;0;0;18;0;0;2568;0,0
SNIG;DatosAnimales;2018;19;;SeccionalPolicialCodigo;2568;0;0;1;0;0;2568;0,0
SNIG;DatosAnimales;2018;19;;TipoProduccionMGAPCodigo;2568;2568;0;0;0;2568;0;100,0
SNIG;DatosAnimales;2018;2;;ActividadCodigo;4765;0;0;0;4765;0;4765;0,0
SNIG;DatosAnimales;2018;2;;AnimalesPorEspecieConsumoPD_AD;4765;0;0;3688;0;0;4765;0,0
SNIG;DatosAnimales;2018;2;;AnimalesPorEspecieMortandadPD_AD;4765;0;0;3473;0;0;4765;0,0
SNIG;DatosAnimales;2018;2;;AnimalesPorEspecieNacimientosPD_AD;4765;0;0;3516;0;0;4765;0,0
SNIG;DatosAnimales;2018;2;;AnimalesPorEspeciePD_AD;4765;0;0;305;0;0;4765;0,0
SNIG;DatosAnimales;2018;2;;AnimalesPorEspeciePD_PF;4765;0;0;274;0;0;4765;0,0
SNIG;DatosAnimales;2018;2;;Anio;4765;0;0;0;0;0;4765;0,0
SNIG;DatosAnimales;2018;2;;AreaEnumeracion;4765;0;0;641;0;0;4765;0,0
SNIG;DatosAnimales;2018;2;;AreaSupervision;4765;0;0;641;0;0;4765;0,0
SNIG;DatosAnimales;2018;2;;CantidadTenedoresPorEspecie;4765;0;0;0;0;0;4765;0,0
SNIG;DatosAnimales;2018;2;;DepartamentoCodigo;4765;0;0;0;0;0;4765;0,0
SNIG;DatosAnimales;2018;2;;EspecializacionMGAPCodigo;4765;4765;0;0;0;4765;0;100,0
SNIG;DatosAnimales;2018;2;;EspecieCodigo;4765;0;0;0;0;0;4765;0,0
SNIG;DatosAnimales;2018;2;;EstratoCodigo;4765;0;0;0;0;0;4765;0,0
SNIG;DatosAnimales;2018;2;;GiroCodigo;4765;0;0;0;312;0;4765;0,0
SNIG;DatosAnimales;2018;2;;ID;4765;0;0;0;0;0;4765;0,0
SNIG;DatosAnimales;2018;2;;NaturalezaJuridicaCodigo;4765;0;0;14;0;0;4765;0,0
SNIG;DatosAnimales;2018;2;;SeccionalPolicialCodigo;4765;0;0;1;0;0;4765;0,0
SNIG;DatosAnimales;2018;2;;TipoProduccionMGAPCodigo;4765;4765;0;0;0;4765;0;100,0
SNIG;DatosAnimales;2018;4;;ActividadCodigo;3599;0;0;0;3599;0;3599;0,0
SNIG;DatosAnimales;2018;4;;AnimalesPorEspecieConsumoPD_AD;3599;0;0;2735;0;0;3599;0,0
SNIG;DatosAnimales;2018;4;;AnimalesPorEspecieMortandadPD_AD;3599;0;0;2422;0;0;3599;0,0
SNIG;DatosAnimales;2018;4;;AnimalesPorEspecieNacimientosPD_AD;3599;0;0;2641;0;0;3599;0,0
SNIG;DatosAnimales;2018;4;;AnimalesPorEspeciePD_AD;3599;0;0;255;0;0;3599;0,0
SNIG;DatosAnimales;2018;4;;AnimalesPorEspeciePD_PF;3599;0;0;223;0;0;3599;0,0
SNIG;DatosAnimales;2018;4;;Anio;3599;0;0;0;0;0;3599;0,0
SNIG;DatosAnimales;2018;4;;AreaEnumeracion;3599;0;0;448;0;0;3599;0,0
SNIG;DatosAnimales;2018;4;;AreaSupervision;3599;0;0;448;0;0;3599;0,0
SNIG;DatosAnimales;2018;4;;CantidadTenedoresPorEspecie;3599;0;0;0;0;0;3599;0,0
SNIG;DatosAnimales;2018;4;;DepartamentoCodigo;3599;0;0;0;0;0;3599;0,0
SNIG;DatosAnimales;2018;4;;EspecializacionMGAPCodigo;3599;3599;0;0;0;3599;0;100,0
SNIG;DatosAnimales;2018;4;;EspecieCodigo;3599;0;0;0;0;0;3599;0,0
SNIG;DatosAnimales;2018;4;;EstratoCodigo;3599;0;0;0;0;0;3599;0,0
SNIG;DatosAnimales;2018;4;;GiroCodigo;3599;0;0;0;175;0;3599;0,0
SNIG;DatosAnimales;2018;4;;ID;3599;0;0;0;0;0;3599;0,0
SNIG;DatosAnimales;2018;4;;NaturalezaJuridicaCodigo;3599;0;0;11;0;0;3599;0,0
SNIG;DatosAnimales;2018;4;;SeccionalPolicialCodigo;3599;0;0;1;0;0;3599;0,0
SNIG;DatosAnimales;2018;4;;TipoProduccionMGAPCodigo;3599;3599;0;0;0;3599;0;100,0
SNIG;DatosAnimales;2019;15;;ActividadCodigo;2972;0;0;0;2972;0;2972;0,0
SNIG;DatosAnimales;2019;15;;AnimalesPorEspecieConsumoPD_AD;2972;0;0;2187;0;0;2972;0,0
SNIG;DatosAnimales;2019;15;;AnimalesPorEspecieMortandadPD_AD;2972;0;0;1754;0;0;2972;0,0
SNIG;DatosAnimales;2019;15;;AnimalesPorEspecieNacimientosPD_AD;2972;0;0;2246;0;0;2972;0,0
SNIG;DatosAnimales;2019;15;;AnimalesPorEspeciePD_AD;2972;0;0;343;0;0;2972;0,0
SNIG;DatosAnimales;2019;15;;AnimalesPorEspeciePD_PF;2972;0;0;419;0;0;2972;0,0
SNIG;DatosAnimales;2019;15;;Anio;2972;0;0;0;0;0;2972;0,0
SNIG;DatosAnimales;2019;15;;AreaEnumeracion;2972;0;0;483;0;0;2972;0,0
SNIG;DatosAnimales;2019;15;;AreaSupervision;2972;0;0;483;0;0;2972;0,0
SNIG;DatosAnimales;2019;15;;CantidadTenedoresPorEspecie;2972;0;0;0;0;0;2972;0,0
SNIG;DatosAnimales;2019;15;;DepartamentoCodigo;2972;0;0;0;0;0;2972;0,0
SNIG;DatosAnimales;2019;15;;EspecializacionMGAPCodigo;2972;2972;0;0;0;2972;0;100,0
SNIG;DatosAnimales;2019;15;;EspecieCodigo;2972;0;0;0;0;0;2972;0,0
SNIG;DatosAnimales;2019;15;;EstratoCodigo;2972;0;0;0;0;0;2972;0,0
SNIG;DatosAnimales;2019;15;;GiroCodigo;2972;0;0;0;144;0;2972;0,0
SNIG;DatosAnimales;2019;15;;ID;2972;0;0;0;0;0;2972;0,0
SNIG;DatosAnimales;2019;15;;NaturalezaJuridicaCodigo;2972;0;0;11;0;0;2972;0,0
SNIG;DatosAnimales;2019;15;;SeccionalPolicialCodigo;2972;0;0;0;0;0;2972;0,0
SNIG;DatosAnimales;2019;15;;TipoProduccionMGAPCodigo;2972;2972;0;0;0;2972;0;100,0
SNIG;DatosAnimales;2019;18;;ActividadCodigo;3915;0;0;0;3915;0;3915;0,0
SNIG;DatosAnimales;2019;18;;AnimalesPorEspecieConsumoPD_AD;3915;0;0;2898;0;0;3915;0,0
SNIG;DatosAnimales;2019;18;;AnimalesPorEspecieMortandadPD_AD;3915;0;0;2359;0;0;3915;0,0
SNIG;DatosAnimales;2019;18;;AnimalesPorEspecieNacimientosPD_AD;3915;0;0;2899;0;0;3915;0,0
SNIG;DatosAnimales;2019;18;;AnimalesPorEspeciePD_AD;3915;0;0;395;0;0;3915;0,0
SNIG;DatosAnimales;2019;18;;AnimalesPorEspeciePD_PF;3915;0;0;715;0;0;3915;0,0
SNIG;DatosAnimales;2019;18;;Anio;3915;0;0;0;0;0;3915;0,0
SNIG;DatosAnimales;2019;18;;AreaEnumeracion;3915;0;0;603;0;0;3915;0,0
SNIG;DatosAnimales;2019;18;;AreaSupervision;3915;0;0;603;0;0;3915;0,0
SNIG;DatosAnimales;2019;18;;CantidadTenedoresPorEspecie;3915;0;0;0;0;0;3915;0,0
SNIG;DatosAnimales;2019;18;;DepartamentoCodigo;3915;0;0;0;0;0;3915;0,0
SNIG;DatosAnimales;2019;18;;EspecializacionMGAPCodigo;3915;3915;0;0;0;3915;0;100,0
SNIG;DatosAnimales;2019;18;;EspecieCodigo;3915;0;0;0;0;0;3915;0,0
SNIG;DatosAnimales;2019;18;;EstratoCodigo;3915;0;0;0;0;0;3915;0,0
SNIG;DatosAnimales;2019;18;;GiroCodigo;3915;0;0;0;257;0;3915;0,0
SNIG;DatosAnimales;2019;18;;ID;3915;0;0;0;0;0;3915;0,0
SNIG;DatosAnimales;2019;18;;NaturalezaJuridicaCodigo;3915;0;0;10;0;0;3915;0,0
SNIG;DatosAnimales;2019;18;;SeccionalPolicialCodigo;3915;0;0;0;0;0;3915;0,0
SNIG;DatosAnimales;2019;18;;TipoProduccionMGAPCodigo;3915;3915;0;0;0;3915;0;100,0
SNIG;DatosAnimales;2019;19;;ActividadCodigo;2509;0;0;0;2509;0;2509;0,0
SNIG;DatosAnimales;2019;19;;AnimalesPorEspecieConsumoPD_AD;2509;0;0;1887;0;0;2509;0,0
SNIG;DatosAnimales;2019;19;;AnimalesPorEspecieMortandadPD_AD;2509;0;0;1482;0;0;2509;0,0
SNIG;DatosAnimales;2019;19;;AnimalesPorEspecieNacimientosPD_AD;2509;0;0;1847;0;0;2509;0,0
SNIG;DatosAnimales;2019;19;;AnimalesPorEspeciePD_AD;2509;0;0;286;0;0;2509;0,0
SNIG;DatosAnimales;2019;19;;AnimalesPorEspeciePD_PF;2509;0;0;528;0;0;2509;0,0
SNIG;DatosAnimales;2019;19;;Anio;2509;0;0;0;0;0;2509;0,0
SNIG;DatosAnimales;2019;19;;AreaEnumeracion;2509;0;0;354;0;0;2509;0,0
SNIG;DatosAnimales;2019;19;;AreaSupervision;2509;0;0;354;0;0;2509;0,0
SNIG;DatosAnimales;2019;19;;CantidadTenedoresPorEspecie;2509;0;0;0;0;0;2509;0,0
SNIG;DatosAnimales;2019;19;;DepartamentoCodigo;2509;0;0;0;0;0;2509;0,0
SNIG;DatosAnimales;2019;19;;EspecializacionMGAPCodigo;2509;2509;0;0;0;2509;0;100,0
SNIG;DatosAnimales;2019;19;;EspecieCodigo;2509;0;0;0;0;0;2509;0,0
SNIG;DatosAnimales;2019;19;;EstratoCodigo;2509;0;0;0;0;0;2509;0,0
SNIG;DatosAnimales;2019;19;;GiroCodigo;2509;0;0;0;78;0;2509;0,0
SNIG;DatosAnimales;2019;19;;ID;2509;0;0;0;0;0;2509;0,0
SNIG;DatosAnimales;2019;19;;NaturalezaJuridicaCodigo;2509;0;0;8;0;0;2509;0,0
SNIG;DatosAnimales;2019;19;;SeccionalPolicialCodigo;2509;0;0;0;0;0;2509;0,0
SNIG;DatosAnimales;2019;19;;TipoProduccionMGAPCodigo;2509;2509;0;0;0;2509;0;100,0
SNIG;DatosAnimales;2019;2;;ActividadCodigo;4582;0;0;0;4582;0;4582;0,0
SNIG;DatosAnimales;2019;2;;AnimalesPorEspecieConsumoPD_AD;4582;0;0;3570;0;0;4582;0,0
SNIG;DatosAnimales;2019;2;;AnimalesPorEspecieMortandadPD_AD;4582;0;0;3370;0;0;4582;0,0
SNIG;DatosAnimales;2019;2;;AnimalesPorEspecieNacimientosPD_AD;4582;0;0;3424;0;0;4582;0,0
SNIG;DatosAnimales;2019;2;;AnimalesPorEspeciePD_AD;4582;0;0;311;0;0;4582;0,0
SNIG;DatosAnimales;2019;2;;AnimalesPorEspeciePD_PF;4582;0;0;298;0;0;4582;0,0
SNIG;DatosAnimales;2019;2;;Anio;4582;0;0;0;0;0;4582;0,0
SNIG;DatosAnimales;2019;2;;AreaEnumeracion;4582;0;0;583;0;0;4582;0,0
SNIG;DatosAnimales;2019;2;;AreaSupervision;4582;0;0;583;0;0;4582;0,0
SNIG;DatosAnimales;2019;2;;CantidadTenedoresPorEspecie;4582;0;0;0;0;0;4582;0,0
SNIG;DatosAnimales;2019;2;;DepartamentoCodigo;4582;0;0;0;0;0;4582;0,0
SNIG;DatosAnimales;2019;2;;EspecializacionMGAPCodigo;4582;4582;0;0;0;4582;0;100,0
SNIG;DatosAnimales;2019;2;;EspecieCodigo;4582;0;0;0;0;0;4582;0,0
SNIG;DatosAnimales;2019;2;;EstratoCodigo;4582;0;0;0;0;0;4582;0,0
SNIG;DatosAnimales;2019;2;;GiroCodigo;4582;0;0;0;221;0;4582;0,0
SNIG;DatosAnimales;2019;2;;ID;4582;0;0;0;0;0;4582;0,0
SNIG;DatosAnimales;2019;2;;NaturalezaJuridicaCodigo;4582;0;0;3;0;0;4582;0,0
SNIG;DatosAnimales;2019;2;;SeccionalPolicialCodigo;4582;0;0;0;0;0;4582;0,0
SNIG;DatosAnimales;2019;2;;TipoProduccionMGAPCodigo;4582;4582;0;0;0;4582;0;100,0
SNIG;DatosAnimales;2019;4;;ActividadCodigo;3533;0;0;0;3533;0;3533;0,0
SNIG;DatosAnimales;2019;4;;AnimalesPorEspecieConsumoPD_AD;3533;0;0;2684;0;0;3533;0,0
SNIG;DatosAnimales;2019;4;;AnimalesPorEspecieMortandadPD_AD;3533;0;0;2376;0;0;3533;0,0
SNIG;DatosAnimales;2019;4;;AnimalesPorEspecieNacimientosPD_AD;3533;0;0;2582;0;0;3533;0,0
SNIG;DatosAnimales;2019;4;;AnimalesPorEspeciePD_AD;3533;0;0;267;0;0;3533;0,0
SNIG;DatosAnimales;2019;4;;AnimalesPorEspeciePD_PF;3533;0;0;213;0;0;3533;0,0
SNIG;DatosAnimales;2019;4;;Anio;3533;0;0;0;0;0;3533;0,0
SNIG;DatosAnimales;2019;4;;AreaEnumeracion;3533;0;0;418;0;0;3533;0,0
SNIG;DatosAnimales;2019;4;;AreaSupervision;3533;0;0;418;0;0;3533;0,0
SNIG;DatosAnimales;2019;4;;CantidadTenedoresPorEspecie;3533;0;0;0;0;0;3533;0,0
SNIG;DatosAnimales;2019;4;;DepartamentoCodigo;3533;0;0;0;0;0;3533;0,0
SNIG;DatosAnimales;2019;4;;EspecializacionMGAPCodigo;3533;3533;0;0;0;3533;0;100,0
SNIG;DatosAnimales;2019;4;;EspecieCodigo;3533;0;0;0;0;0;3533;0,0
SNIG;DatosAnimales;2019;4;;EstratoCodigo;3533;0;0;0;0;0;3533;0,0
SNIG;DatosAnimales;2019;4;;GiroCodigo;3533;0;0;0;160;0;3533;0,0
SNIG;DatosAnimales;2019;4;;ID;3533;0;0;0;0;0;3533;0,0
SNIG;DatosAnimales;2019;4;;NaturalezaJuridicaCodigo;3533;0;0;7;0;0;3533;0,0
SNIG;DatosAnimales;2019;4;;SeccionalPolicialCodigo;3533;0;0;1;0;0;3533;0,0
SNIG;DatosAnimales;2019;4;;TipoProduccionMGAPCodigo;3533;3533;0;0;0;3533;0;100,0
SNIG;DatosAnimales;2020;15;;ActividadCodigo;3323;0;0;0;3322;0;3323;0,0
SNIG;DatosAnimales;2020;15;;AnimalesPorEspecieConsumoPD_AD;3323;0;0;2538;0;0;3323;0,0
SNIG;DatosAnimales;2020;15;;AnimalesPorEspecieMortandadPD_AD;3323;0;0;2114;0;0;3323;0,0
SNIG;DatosAnimales;2020;15;;AnimalesPorEspecieNacimientosPD_AD;3323;0;0;2588;0;0;3323;0,0
SNIG;DatosAnimales;2020;15;;AnimalesPorEspeciePD_AD;3323;0;0;659;0;0;3323;0,0
SNIG;DatosAnimales;2020;15;;AnimalesPorEspeciePD_PF;3323;0;0;623;0;0;3323;0,0
SNIG;DatosAnimales;2020;15;;Anio;3323;0;0;0;0;0;3323;0,0
SNIG;DatosAnimales;2020;15;;AreaEnumeracion;3323;0;0;233;0;0;3323;0,0
SNIG;DatosAnimales;2020;15;;AreaSupervision;3323;0;0;233;0;0;3323;0,0
SNIG;DatosAnimales;2020;15;;CantidadTenedoresPorEspecie;3323;0;0;0;0;0;3323;0,0
SNIG;DatosAnimales;2020;15;;DepartamentoCodigo;3323;0;0;0;0;0;3323;0,0
SNIG;DatosAnimales;2020;15;;EspecializacionMGAPCodigo;3323;3323;0;0;0;3323;0;100,0
SNIG;DatosAnimales;2020;15;;EspecieCodigo;3323;0;0;0;0;0;3323;0,0
SNIG;DatosAnimales;2020;15;;EstratoCodigo;3323;0;0;0;0;0;3323;0,0
SNIG;DatosAnimales;2020;15;;GiroCodigo;3323;0;0;0;162;0;3323;0,0
SNIG;DatosAnimales;2020;15;;ID;3323;0;0;0;0;0;3323;0,0
SNIG;DatosAnimales;2020;15;;NaturalezaJuridicaCodigo;3323;0;0;13;0;0;3323;0,0
SNIG;DatosAnimales;2020;15;;SeccionalPolicialCodigo;3323;0;0;0;0;0;3323;0,0
SNIG;DatosAnimales;2020;15;;TipoProduccionMGAPCodigo;3323;3323;0;0;0;3323;0;100,0
SNIG;DatosAnimales;2020;18;;ActividadCodigo;4227;0;0;0;4227;0;4227;0,0
SNIG;DatosAnimales;2020;18;;AnimalesPorEspecieConsumoPD_AD;4227;0;0;3243;0;0;4227;0,0
SNIG;DatosAnimales;2020;18;;AnimalesPorEspecieMortandadPD_AD;4227;0;0;2754;0;0;4227;0,0
SNIG;DatosAnimales;2020;18;;AnimalesPorEspecieNacimientosPD_AD;4227;0;0;3261;0;0;4227;0,0
SNIG;DatosAnimales;2020;18;;AnimalesPorEspeciePD_AD;4227;0;0;806;0;0;4227;0,0
SNIG;DatosAnimales;2020;18;;AnimalesPorEspeciePD_PF;4227;0;0;1035;0;0;4227;0,0
SNIG;DatosAnimales;2020;18;;Anio;4227;0;0;0;0;0;4227;0,0
SNIG;DatosAnimales;2020;18;;AreaEnumeracion;4227;0;0;305;0;0;4227;0,0
SNIG;DatosAnimales;2020;18;;AreaSupervision;4227;0;0;305;0;0;4227;0,0
SNIG;DatosAnimales;2020;18;;CantidadTenedoresPorEspecie;4227;0;0;0;0;0;4227;0,0
SNIG;DatosAnimales;2020;18;;DepartamentoCodigo;4227;0;0;0;0;0;4227;0,0
SNIG;DatosAnimales;2020;18;;EspecializacionMGAPCodigo;4227;4227;0;0;0;4227;0;100,0
SNIG;DatosAnimales;2020;18;;EspecieCodigo;4227;0;0;0;0;0;4227;0,0
SNIG;DatosAnimales;2020;18;;EstratoCodigo;4227;0;0;0;0;0;4227;0,0
SNIG;DatosAnimales;2020;18;;GiroCodigo;4227;0;0;0;250;0;4227;0,0
SNIG;DatosAnimales;2020;18;;ID;4227;0;0;0;0;0;4227;0,0
SNIG;DatosAnimales;2020;18;;NaturalezaJuridicaCodigo;4227;0;0;11;0;0;4227;0,0
SNIG;DatosAnimales;2020;18;;SeccionalPolicialCodigo;4227;0;0;1;0;0;4227;0,0
SNIG;DatosAnimales;2020;18;;TipoProduccionMGAPCodigo;4227;4227;0;0;0;4227;0;100,0
SNIG;DatosAnimales;2020;19;;ActividadCodigo;2757;0;0;0;2757;0;2757;0,0
SNIG;DatosAnimales;2020;19;;AnimalesPorEspecieConsumoPD_AD;2757;0;0;2163;0;0;2757;0,0
SNIG;DatosAnimales;2020;19;;AnimalesPorEspecieMortandadPD_AD;2757;0;0;1772;0;0;2757;0,0
SNIG;DatosAnimales;2020;19;;AnimalesPorEspecieNacimientosPD_AD;2757;0;0;2114;0;0;2757;0,0
SNIG;DatosAnimales;2020;19;;AnimalesPorEspeciePD_AD;2757;0;0;630;0;0;2757;0,0
SNIG;DatosAnimales;2020;19;;AnimalesPorEspeciePD_PF;2757;0;0;807;0;0;2757;0,0
SNIG;DatosAnimales;2020;19;;Anio;2757;0;0;0;0;0;2757;0,0
SNIG;DatosAnimales;2020;19;;AreaEnumeracion;2757;0;0;157;0;0;2757;0,0
SNIG;DatosAnimales;2020;19;;AreaSupervision;2757;0;0;157;0;0;2757;0,0
SNIG;DatosAnimales;2020;19;;CantidadTenedoresPorEspecie;2757;0;0;0;0;0;2757;0,0
SNIG;DatosAnimales;2020;19;;DepartamentoCodigo;2757;0;0;0;0;0;2757;0,0
SNIG;DatosAnimales;2020;19;;EspecializacionMGAPCodigo;2757;2757;0;0;0;2757;0;100,0
SNIG;DatosAnimales;2020;19;;EspecieCodigo;2757;0;0;0;0;0;2757;0,0
SNIG;DatosAnimales;2020;19;;EstratoCodigo;2757;0;0;0;0;0;2757;0,0
SNIG;DatosAnimales;2020;19;;GiroCodigo;2757;0;0;0;52;0;2757;0,0
SNIG;DatosAnimales;2020;19;;ID;2757;0;0;0;0;0;2757;0,0
SNIG;DatosAnimales;2020;19;;NaturalezaJuridicaCodigo;2757;0;0;4;0;0;2757;0,0
SNIG;DatosAnimales;2020;19;;SeccionalPolicialCodigo;2757;0;0;0;0;0;2757;0,0
SNIG;DatosAnimales;2020;19;;TipoProduccionMGAPCodigo;2757;2757;0;0;0;2757;0;100,0
SNIG;DatosAnimales;2020;2;;ActividadCodigo;5518;0;0;0;5518;0;5518;0,0
SNIG;DatosAnimales;2020;2;;AnimalesPorEspecieConsumoPD_AD;5518;0;0;4515;0;0;5518;0,0
SNIG;DatosAnimales;2020;2;;AnimalesPorEspecieMortandadPD_AD;5518;0;0;4268;0;0;5518;0,0
SNIG;DatosAnimales;2020;2;;AnimalesPorEspecieNacimientosPD_AD;5518;0;0;4369;0;0;5518;0,0
SNIG;DatosAnimales;2020;2;;AnimalesPorEspeciePD_AD;5518;0;0;1209;0;0;5518;0,0
SNIG;DatosAnimales;2020;2;;AnimalesPorEspeciePD_PF;5518;0;0;1122;0;0;5518;0,0
SNIG;DatosAnimales;2020;2;;Anio;5518;0;0;0;0;0;5518;0,0
SNIG;DatosAnimales;2020;2;;AreaEnumeracion;5518;0;0;206;0;0;5518;0,0
SNIG;DatosAnimales;2020;2;;AreaSupervision;5518;0;0;206;0;0;5518;0,0
SNIG;DatosAnimales;2020;2;;CantidadTenedoresPorEspecie;5518;0;0;0;0;0;5518;0,0
SNIG;DatosAnimales;2020;2;;DepartamentoCodigo;5518;0;0;0;0;0;5518;0,0
SNIG;DatosAnimales;2020;2;;EspecializacionMGAPCodigo;5518;5518;0;0;0;5518;0;100,0
SNIG;DatosAnimales;2020;2;;EspecieCodigo;5518;0;0;0;0;0;5518;0,0
SNIG;DatosAnimales;2020;2;;EstratoCodigo;5518;0;0;0;0;0;5518;0,0
SNIG;DatosAnimales;2020;2;;GiroCodigo;5518;0;0;0;135;0;5518;0,0
SNIG;DatosAnimales;2020;2;;ID;5518;0;0;0;0;0;5518;0,0
SNIG;DatosAnimales;2020;2;;NaturalezaJuridicaCodigo;5518;0;0;3;0;0;5518;0,0
SNIG;DatosAnimales;2020;2;;SeccionalPolicialCodigo;5518;0;0;1;0;0;5518;0,0
SNIG;DatosAnimales;2020;2;;TipoProduccionMGAPCodigo;5518;5518;0;0;0;5518;0;100,0
SNIG;DatosAnimales;2020;4;;ActividadCodigo;4040;0;0;0;4040;0;4040;0,0
SNIG;DatosAnimales;2020;4;;AnimalesPorEspecieConsumoPD_AD;4040;0;0;3196;0;0;4040;0,0
SNIG;DatosAnimales;2020;4;;AnimalesPorEspecieMortandadPD_AD;4040;0;0;2894;0;0;4040;0,0
SNIG;DatosAnimales;2020;4;;AnimalesPorEspecieNacimientosPD_AD;4040;0;0;3100;0;0;4040;0,0
SNIG;DatosAnimales;2020;4;;AnimalesPorEspeciePD_AD;4040;0;0;903;0;0;4040;0,0
SNIG;DatosAnimales;2020;4;;AnimalesPorEspeciePD_PF;4040;0;0;850;0;0;4040;0,0
SNIG;DatosAnimales;2020;4;;Anio;4040;0;0;0;0;0;4040;0,0
SNIG;DatosAnimales;2020;4;;AreaEnumeracion;4040;0;0;168;0;0;4040;0,0
SNIG;DatosAnimales;2020;4;;AreaSupervision;4040;0;0;168;0;0;4040;0,0
SNIG;DatosAnimales;2020;4;;CantidadTenedoresPorEspecie;4040;0;0;0;0;0;4040;0,0
SNIG;DatosAnimales;2020;4;;DepartamentoCodigo;4040;0;0;0;0;0;4040;0,0
SNIG;DatosAnimales;2020;4;;EspecializacionMGAPCodigo;4040;4040;0;0;0;4040;0;100,0
SNIG;DatosAnimales;2020;4;;EspecieCodigo;4040;0;0;0;0;0;4040;0,0
SNIG;DatosAnimales;2020;4;;EstratoCodigo;4040;0;0;0;0;0;4040;0,0
SNIG;DatosAnimales;2020;4;;GiroCodigo;4040;0;0;0;129;0;4040;0,0
SNIG;DatosAnimales;2020;4;;ID;4040;0;0;0;0;0;4040;0,0
SNIG;DatosAnimales;2020;4;;NaturalezaJuridicaCodigo;4040;0;0;7;0;0;4040;0,0
SNIG;DatosAnimales;2020;4;;SeccionalPolicialCodigo;4040;0;0;0;0;0;4040;0,0
SNIG;DatosAnimales;2020;4;;TipoProduccionMGAPCodigo;4040;4040;0;0;0;4040;0;100,0
SNIG;DatosAnimales;2021;15;;ActividadCodigo;3272;0;0;0;3272;0;3272;0,0
SNIG;DatosAnimales;2021;15;;AnimalesPorEspecieConsumoPD_AD;3272;0;0;2508;0;0;3272;0,0
SNIG;DatosAnimales;2021;15;;AnimalesPorEspecieMortandadPD_AD;3272;0;0;2078;0;0;3272;0,0
SNIG;DatosAnimales;2021;15;;AnimalesPorEspecieNacimientosPD_AD;3272;0;0;2579;0;0;3272;0,0
SNIG;DatosAnimales;2021;15;;AnimalesPorEspeciePD_AD;3272;0;0;670;0;0;3272;0,0
SNIG;DatosAnimales;2021;15;;AnimalesPorEspeciePD_PF;3272;0;0;673;0;0;3272;0,0
SNIG;DatosAnimales;2021;15;;Anio;3272;0;0;0;0;0;3272;0,0
SNIG;DatosAnimales;2021;15;;AreaEnumeracion;3272;0;0;215;0;0;3272;0,0
SNIG;DatosAnimales;2021;15;;AreaSupervision;3272;0;0;215;0;0;3272;0,0
SNIG;DatosAnimales;2021;15;;CantidadTenedoresPorEspecie;3272;0;0;0;0;0;3272;0,0
SNIG;DatosAnimales;2021;15;;DepartamentoCodigo;3272;0;0;0;0;0;3272;0,0
SNIG;DatosAnimales;2021;15;;EspecializacionMGAPCodigo;3272;3272;0;0;0;3272;0;100,0
SNIG;DatosAnimales;2021;15;;EspecieCodigo;3272;0;0;0;0;0;3272;0,0
SNIG;DatosAnimales;2021;15;;EstratoCodigo;3272;0;0;0;0;0;3272;0,0
SNIG;DatosAnimales;2021;15;;GiroCodigo;3272;0;0;0;100;0;3272;0,0
SNIG;DatosAnimales;2021;15;;ID;3272;0;0;0;0;0;3272;0,0
SNIG;DatosAnimales;2021;15;;NaturalezaJuridicaCodigo;3272;0;0;10;0;0;3272;0,0
SNIG;DatosAnimales;2021;15;;SeccionalPolicialCodigo;3272;0;0;0;0;0;3272;0,0
SNIG;DatosAnimales;2021;15;;TipoProduccionMGAPCodigo;3272;3272;0;0;0;3272;0;100,0
SNIG;DatosAnimales;2021;18;;ActividadCodigo;4128;0;0;0;4128;0;4128;0,0
SNIG;DatosAnimales;2021;18;;AnimalesPorEspecieConsumoPD_AD;4128;0;0;3200;0;0;4128;0,0
SNIG;DatosAnimales;2021;18;;AnimalesPorEspecieMortandadPD_AD;4128;0;0;2684;0;0;4128;0,0
SNIG;DatosAnimales;2021;18;;AnimalesPorEspecieNacimientosPD_AD;4128;0;0;3168;0;0;4128;0,0
SNIG;DatosAnimales;2021;18;;AnimalesPorEspeciePD_AD;4128;0;0;825;0;0;4128;0,0
SNIG;DatosAnimales;2021;18;;AnimalesPorEspeciePD_PF;4128;0;0;1035;0;0;4128;0,0
SNIG;DatosAnimales;2021;18;;Anio;4128;0;0;0;0;0;4128;0,0
SNIG;DatosAnimales;2021;18;;AreaEnumeracion;4128;0;0;303;0;0;4128;0,0
SNIG;DatosAnimales;2021;18;;AreaSupervision;4128;0;0;303;0;0;4128;0,0
SNIG;DatosAnimales;2021;18;;CantidadTenedoresPorEspecie;4128;0;0;0;0;0;4128;0,0
SNIG;DatosAnimales;2021;18;;DepartamentoCodigo;4128;0;0;0;0;0;4128;0,0
SNIG;DatosAnimales;2021;18;;EspecializacionMGAPCodigo;4128;4128;0;0;0;4128;0;100,0
SNIG;DatosAnimales;2021;18;;EspecieCodigo;4128;0;0;0;0;0;4128;0,0
SNIG;DatosAnimales;2021;18;;EstratoCodigo;4128;0;0;0;0;0;4128;0,0
SNIG;DatosAnimales;2021;18;;GiroCodigo;4128;0;0;0;174;0;4128;0,0
SNIG;DatosAnimales;2021;18;;ID;4128;0;0;0;0;0;4128;0,0
SNIG;DatosAnimales;2021;18;;NaturalezaJuridicaCodigo;4128;0;0;10;0;0;4128;0,0
SNIG;DatosAnimales;2021;18;;SeccionalPolicialCodigo;4128;0;0;0;0;0;4128;0,0
SNIG;DatosAnimales;2021;18;;TipoProduccionMGAPCodigo;4128;4128;0;0;0;4128;0;100,0
SNIG;DatosAnimales;2021;19;;ActividadCodigo;2721;0;0;0;2721;0;2721;0,0
SNIG;DatosAnimales;2021;19;;AnimalesPorEspecieConsumoPD_AD;2721;0;0;2134;0;0;2721;0,0
SNIG;DatosAnimales;2021;19;;AnimalesPorEspecieMortandadPD_AD;2721;0;0;1730;0;0;2721;0,0
SNIG;DatosAnimales;2021;19;;AnimalesPorEspecieNacimientosPD_AD;2721;0;0;2093;0;0;2721;0,0
SNIG;DatosAnimales;2021;19;;AnimalesPorEspeciePD_AD;2721;0;0;617;0;0;2721;0,0
SNIG;DatosAnimales;2021;19;;AnimalesPorEspeciePD_PF;2721;0;0;865;0;0;2721;0,0
SNIG;DatosAnimales;2021;19;;Anio;2721;0;0;0;0;0;2721;0,0
SNIG;DatosAnimales;2021;19;;AreaEnumeracion;2721;0;0;152;0;0;2721;0,0
SNIG;DatosAnimales;2021;19;;AreaSupervision;2721;0;0;152;0;0;2721;0,0
SNIG;DatosAnimales;2021;19;;CantidadTenedoresPorEspecie;2721;0;0;0;0;0;2721;0,0
SNIG;DatosAnimales;2021;19;;DepartamentoCodigo;2721;0;0;0;0;0;2721;0,0
SNIG;DatosAnimales;2021;19;;EspecializacionMGAPCodigo;2721;2721;0;0;0;2721;0;100,0
SNIG;DatosAnimales;2021;19;;EspecieCodigo;2721;0;0;0;0;0;2721;0,0
SNIG;DatosAnimales;2021;19;;EstratoCodigo;2721;0;0;0;0;0;2721;0,0
SNIG;DatosAnimales;2021;19;;GiroCodigo;2721;0;0;0;18;0;2721;0,0
SNIG;DatosAnimales;2021;19;;ID;2721;0;0;0;0;0;2721;0,0
SNIG;DatosAnimales;2021;19;;NaturalezaJuridicaCodigo;2721;0;0;4;0;0;2721;0,0
SNIG;DatosAnimales;2021;19;;SeccionalPolicialCodigo;2721;0;0;0;0;0;2721;0,0
SNIG;DatosAnimales;2021;19;;TipoProduccionMGAPCodigo;2721;2721;0;0;0;2721;0;100,0
SNIG;DatosAnimales;2021;2;;ActividadCodigo;5683;0;0;0;5683;0;5683;0,0
SNIG;DatosAnimales;2021;2;;AnimalesPorEspecieConsumoPD_AD;5683;0;0;4699;0;0;5683;0,0
SNIG;DatosAnimales;2021;2;;AnimalesPorEspecieMortandadPD_AD;5683;0;0;4489;0;0;5683;0,0
SNIG;DatosAnimales;2021;2;;AnimalesPorEspecieNacimientosPD_AD;5683;0;0;4582;0;0;5683;0,0
SNIG;DatosAnimales;2021;2;;AnimalesPorEspeciePD_AD;5683;0;0;1311;0;0;5683;0,0
SNIG;DatosAnimales;2021;2;;AnimalesPorEspeciePD_PF;5683;0;0;1236;0;0;5683;0,0
SNIG;DatosAnimales;2021;2;;Anio;5683;0;0;0;0;0;5683;0,0
SNIG;DatosAnimales;2021;2;;AreaEnumeracion;5683;0;0;239;0;0;5683;0,0
SNIG;DatosAnimales;2021;2;;AreaSupervision;5683;0;0;239;0;0;5683;0,0
SNIG;DatosAnimales;2021;2;;CantidadTenedoresPorEspecie;5683;0;0;0;0;0;5683;0,0
SNIG;DatosAnimales;2021;2;;DepartamentoCodigo;5683;0;0;0;0;0;5683;0,0
SNIG;DatosAnimales;2021;2;;EspecializacionMGAPCodigo;5683;5683;0;0;0;5683;0;100,0
SNIG;DatosAnimales;2021;2;;EspecieCodigo;5683;0;0;0;0;0;5683;0,0
SNIG;DatosAnimales;2021;2;;EstratoCodigo;5683;0;0;0;0;0;5683;0,0
SNIG;DatosAnimales;2021;2;;GiroCodigo;5683;0;0;0;105;0;5683;0,0
SNIG;DatosAnimales;2021;2;;ID;5683;0;0;0;0;0;5683;0,0
SNIG;DatosAnimales;2021;2;;NaturalezaJuridicaCodigo;5683;0;0;4;0;0;5683;0,0
SNIG;DatosAnimales;2021;2;;SeccionalPolicialCodigo;5683;0;0;0;0;0;5683;0,0
SNIG;DatosAnimales;2021;2;;TipoProduccionMGAPCodigo;5683;5683;0;0;0;5683;0;100,0
SNIG;DatosAnimales;2021;4;;ActividadCodigo;4069;0;0;0;4069;0;4069;0,0
SNIG;DatosAnimales;2021;4;;AnimalesPorEspecieConsumoPD_AD;4069;0;0;3255;0;0;4069;0,0
SNIG;DatosAnimales;2021;4;;AnimalesPorEspecieMortandadPD_AD;4069;0;0;2940;0;0;4069;0,0
SNIG;DatosAnimales;2021;4;;AnimalesPorEspecieNacimientosPD_AD;4069;0;0;3158;0;0;4069;0,0
SNIG;DatosAnimales;2021;4;;AnimalesPorEspeciePD_AD;4069;0;0;1006;0;0;4069;0,0
SNIG;DatosAnimales;2021;4;;AnimalesPorEspeciePD_PF;4069;0;0;969;0;0;4069;0,0
SNIG;DatosAnimales;2021;4;;Anio;4069;0;0;0;0;0;4069;0,0
SNIG;DatosAnimales;2021;4;;AreaEnumeracion;4069;0;0;174;0;0;4069;0,0
SNIG;DatosAnimales;2021;4;;AreaSupervision;4069;0;0;174;0;0;4069;0,0
SNIG;DatosAnimales;2021;4;;CantidadTenedoresPorEspecie;4069;0;0;0;0;0;4069;0,0
SNIG;DatosAnimales;2021;4;;DepartamentoCodigo;4069;0;0;0;0;0;4069;0,0
SNIG;DatosAnimales;2021;4;;EspecializacionMGAPCodigo;4069;4069;0;0;0;4069;0;100,0
SNIG;DatosAnimales;2021;4;;EspecieCodigo;4069;0;0;0;0;0;4069;0,0
SNIG;DatosAnimales;2021;4;;EstratoCodigo;4069;0;0;0;0;0;4069;0,0
SNIG;DatosAnimales;2021;4;;GiroCodigo;4069;0;0;0;81;0;4069;0,0
SNIG;DatosAnimales;2021;4;;ID;4069;0;0;0;0;0;4069;0,0
SNIG;DatosAnimales;2021;4;;NaturalezaJuridicaCodigo;4069;0;0;9;0;0;4069;0,0
SNIG;DatosAnimales;2021;4;;SeccionalPolicialCodigo;4069;0;0;0;0;0;4069;0,0
SNIG;DatosAnimales;2021;4;;TipoProduccionMGAPCodigo;4069;4069;0;0;0;4069;0;100,0
SNIG;DatosAnimales;2022;15;;ActividadCodigo;4211;0;0;0;4211;0;4211;0,0
SNIG;DatosAnimales;2022;15;;AnimalesPorEspecieConsumoPD_AD;4211;0;0;3311;0;0;4211;0,0
SNIG;DatosAnimales;2022;15;;AnimalesPorEspecieMortandadPD_AD;4211;0;0;2752;0;0;4211;0,0
SNIG;DatosAnimales;2022;15;;AnimalesPorEspecieNacimientosPD_AD;4211;0;0;3386;0;0;4211;0,0
SNIG;DatosAnimales;2022;15;;AnimalesPorEspeciePD_AD;4211;0;0;825;0;0;4211;0,0
SNIG;DatosAnimales;2022;15;;AnimalesPorEspeciePD_PF;4211;0;0;817;0;0;4211;0,0
SNIG;DatosAnimales;2022;15;;Anio;4211;0;0;0;0;0;4211;0,0
SNIG;DatosAnimales;2022;15;;AreaEnumeracion;4211;0;0;232;0;0;4211;0,0
SNIG;DatosAnimales;2022;15;;AreaSupervision;4211;0;0;232;0;0;4211;0,0
SNIG;DatosAnimales;2022;15;;CantidadTenedoresPorEspecie;4211;0;0;0;0;0;4211;0,0
SNIG;DatosAnimales;2022;15;;DepartamentoCodigo;4211;0;0;0;0;0;4211;0,0
SNIG;DatosAnimales;2022;15;;EspecializacionMGAPCodigo;4211;0;0;0;0;0;4211;0,0
SNIG;DatosAnimales;2022;15;;EspecieCodigo;4211;0;0;0;0;0;4211;0,0
SNIG;DatosAnimales;2022;15;;EstratoCodigo;4211;0;0;0;0;0;4211;0,0
SNIG;DatosAnimales;2022;15;;GiroCodigo;4211;0;0;0;136;0;4211;0,0
SNIG;DatosAnimales;2022;15;;ID;4211;0;0;0;0;0;4211;0,0
SNIG;DatosAnimales;2022;15;;NaturalezaJuridicaCodigo;4211;0;0;10;0;0;4211;0,0
SNIG;DatosAnimales;2022;15;;SeccionalPolicialCodigo;4211;0;0;0;0;0;4211;0,0
SNIG;DatosAnimales;2022;15;;TipoProduccionMGAPCodigo;4211;0;0;0;0;0;4211;0,0
SNIG;DatosAnimales;2022;18;;ActividadCodigo;5400;0;0;0;5399;0;5400;0,0
SNIG;DatosAnimales;2022;18;;AnimalesPorEspecieConsumoPD_AD;5400;0;0;4370;0;0;5400;0,0
SNIG;DatosAnimales;2022;18;;AnimalesPorEspecieMortandadPD_AD;5400;0;0;3719;0;0;5400;0,0
SNIG;DatosAnimales;2022;18;;AnimalesPorEspecieNacimientosPD_AD;5400;0;0;4278;0;0;5400;0,0
SNIG;DatosAnimales;2022;18;;AnimalesPorEspeciePD_AD;5400;0;0;1071;0;0;5400;0,0
SNIG;DatosAnimales;2022;18;;AnimalesPorEspeciePD_PF;5400;0;0;1359;0;0;5400;0,0
SNIG;DatosAnimales;2022;18;;Anio;5400;0;0;0;0;0;5400;0,0
SNIG;DatosAnimales;2022;18;;AreaEnumeracion;5400;0;0;282;0;0;5400;0,0
SNIG;DatosAnimales;2022;18;;AreaSupervision;5400;0;0;282;0;0;5400;0,0
SNIG;DatosAnimales;2022;18;;CantidadTenedoresPorEspecie;5400;0;0;0;0;0;5400;0,0
SNIG;DatosAnimales;2022;18;;DepartamentoCodigo;5400;0;0;0;0;0;5400;0,0
SNIG;DatosAnimales;2022;18;;EspecializacionMGAPCodigo;5400;0;0;0;0;0;5400;0,0
SNIG;DatosAnimales;2022;18;;EspecieCodigo;5400;0;0;0;0;0;5400;0,0
SNIG;DatosAnimales;2022;18;;EstratoCodigo;5400;0;0;0;0;0;5400;0,0
SNIG;DatosAnimales;2022;18;;GiroCodigo;5400;0;0;0;99;0;5400;0,0
SNIG;DatosAnimales;2022;18;;ID;5400;0;0;0;0;0;5400;0,0
SNIG;DatosAnimales;2022;18;;NaturalezaJuridicaCodigo;5400;0;0;11;0;0;5400;0,0
SNIG;DatosAnimales;2022;18;;SeccionalPolicialCodigo;5400;0;0;0;0;0;5400;0,0
SNIG;DatosAnimales;2022;18;;TipoProduccionMGAPCodigo;5400;0;0;0;0;0;5400;0,0
SNIG;DatosAnimales;2022;19;;ActividadCodigo;3381;0;0;0;3381;0;3381;0,0
SNIG;DatosAnimales;2022;19;;AnimalesPorEspecieConsumoPD_AD;3381;0;0;2705;0;0;3381;0,0
SNIG;DatosAnimales;2022;19;;AnimalesPorEspecieMortandadPD_AD;3381;0;0;2274;0;0;3381;0,0
SNIG;DatosAnimales;2022;19;;AnimalesPorEspecieNacimientosPD_AD;3381;0;0;2668;0;0;3381;0,0
SNIG;DatosAnimales;2022;19;;AnimalesPorEspeciePD_AD;3381;0;0;770;0;0;3381;0,0
SNIG;DatosAnimales;2022;19;;AnimalesPorEspeciePD_PF;3381;0;0;1020;0;0;3381;0,0
SNIG;DatosAnimales;2022;19;;Anio;3381;0;0;0;0;0;3381;0,0
SNIG;DatosAnimales;2022;19;;AreaEnumeracion;3381;0;0;145;0;0;3381;0,0
SNIG;DatosAnimales;2022;19;;AreaSupervision;3381;0;0;145;0;0;3381;0,0
SNIG;DatosAnimales;2022;19;;CantidadTenedoresPorEspecie;3381;0;0;0;0;0;3381;0,0
SNIG;DatosAnimales;2022;19;;DepartamentoCodigo;3381;0;0;0;0;0;3381;0,0
SNIG;DatosAnimales;2022;19;;EspecializacionMGAPCodigo;3381;0;0;0;0;0;3381;0,0
SNIG;DatosAnimales;2022;19;;EspecieCodigo;3381;0;0;0;0;0;3381;0,0
SNIG;DatosAnimales;2022;19;;EstratoCodigo;3381;0;0;0;0;0;3381;0,0
SNIG;DatosAnimales;2022;19;;GiroCodigo;3381;0;0;0;13;0;3381;0,0
SNIG;DatosAnimales;2022;19;;ID;3381;0;0;0;0;0;3381;0,0
SNIG;DatosAnimales;2022;19;;NaturalezaJuridicaCodigo;3381;0;0;4;0;0;3381;0,0
SNIG;DatosAnimales;2022;19;;SeccionalPolicialCodigo;3381;0;0;0;0;0;3381;0,0
SNIG;DatosAnimales;2022;19;;TipoProduccionMGAPCodigo;3381;0;0;0;0;0;3381;0,0
SNIG;DatosAnimales;2022;2;;ActividadCodigo;7936;0;0;0;7936;0;7936;0,0
SNIG;DatosAnimales;2022;2;;AnimalesPorEspecieConsumoPD_AD;7936;0;0;6749;0;0;7936;0,0
SNIG;DatosAnimales;2022;2;;AnimalesPorEspecieMortandadPD_AD;7936;0;0;6524;0;0;7936;0,0
SNIG;DatosAnimales;2022;2;;AnimalesPorEspecieNacimientosPD_AD;7936;0;0;6478;0;0;7936;0,0
SNIG;DatosAnimales;2022;2;;AnimalesPorEspeciePD_AD;7936;0;0;1845;0;0;7936;0,0
SNIG;DatosAnimales;2022;2;;AnimalesPorEspeciePD_PF;7936;0;0;1782;0;0;7936;0,0
SNIG;DatosAnimales;2022;2;;Anio;7936;0;0;0;0;0;7936;0,0
SNIG;DatosAnimales;2022;2;;AreaEnumeracion;7936;0;0;222;0;0;7936;0,0
SNIG;DatosAnimales;2022;2;;AreaSupervision;7936;0;0;222;0;0;7936;0,0
SNIG;DatosAnimales;2022;2;;CantidadTenedoresPorEspecie;7936;0;0;0;0;0;7936;0,0
SNIG;DatosAnimales;2022;2;;DepartamentoCodigo;7936;0;0;0;0;0;7936;0,0
SNIG;DatosAnimales;2022;2;;EspecializacionMGAPCodigo;7936;0;0;0;0;0;7936;0,0
SNIG;DatosAnimales;2022;2;;EspecieCodigo;7936;0;0;0;0;0;7936;0,0
SNIG;DatosAnimales;2022;2;;EstratoCodigo;7936;0;0;0;0;0;7936;0,0
SNIG;DatosAnimales;2022;2;;GiroCodigo;7936;0;0;0;44;0;7936;0,0
SNIG;DatosAnimales;2022;2;;ID;7936;0;0;0;0;0;7936;0,0
SNIG;DatosAnimales;2022;2;;NaturalezaJuridicaCodigo;7936;0;0;2;0;0;7936;0,0
SNIG;DatosAnimales;2022;2;;SeccionalPolicialCodigo;7936;0;0;0;0;0;7936;0,0
SNIG;DatosAnimales;2022;2;;TipoProduccionMGAPCodigo;7936;0;0;0;0;0;7936;0,0
SNIG;DatosAnimales;2022;4;;ActividadCodigo;5131;0;0;0;5131;0;5131;0,0
SNIG;DatosAnimales;2022;4;;AnimalesPorEspecieConsumoPD_AD;5131;0;0;4164;0;0;5131;0,0
SNIG;DatosAnimales;2022;4;;AnimalesPorEspecieMortandadPD_AD;5131;0;0;3734;0;0;5131;0,0
SNIG;DatosAnimales;2022;4;;AnimalesPorEspecieNacimientosPD_AD;5131;0;0;3997;0;0;5131;0,0
SNIG;DatosAnimales;2022;4;;AnimalesPorEspeciePD_AD;5131;0;0;1282;0;0;5131;0,0
SNIG;DatosAnimales;2022;4;;AnimalesPorEspeciePD_PF;5131;0;0;1280;0;0;5131;0,0
SNIG;DatosAnimales;2022;4;;Anio;5131;0;0;0;0;0;5131;0,0
SNIG;DatosAnimales;2022;4;;AreaEnumeracion;5131;0;0;163;0;0;5131;0,0
SNIG;DatosAnimales;2022;4;;AreaSupervision;5131;0;0;163;0;0;5131;0,0
SNIG;DatosAnimales;2022;4;;CantidadTenedoresPorEspecie;5131;0;0;0;0;0;5131;0,0
SNIG;DatosAnimales;2022;4;;DepartamentoCodigo;5131;0;0;0;0;0;5131;0,0
SNIG;DatosAnimales;2022;4;;EspecializacionMGAPCodigo;5131;0;0;0;0;0;5131;0,0
SNIG;DatosAnimales;2022;4;;EspecieCodigo;5131;0;0;0;0;0;5131;0,0
SNIG;DatosAnimales;2022;4;;EstratoCodigo;5131;0;0;0;0;0;5131;0,0
SNIG;DatosAnimales;2022;4;;GiroCodigo;5131;0;0;0;15;0;5131;0,0
SNIG;DatosAnimales;2022;4;;ID;5131;0;0;0;0;0;5131;0,0
SNIG;DatosAnimales;2022;4;;NaturalezaJuridicaCodigo;5131;0;0;8;0;0;5131;0,0
SNIG;DatosAnimales;2022;4;;SeccionalPolicialCodigo;5131;0;0;0;0;0;5131;0,0
SNIG;DatosAnimales;2022;4;;TipoProduccionMGAPCodigo;5131;0;0;0;0;0;5131;0,0
SNIG;DatosAnimales;2023;15;;ActividadCodigo;4149;0;0;0;4149;0;4149;0,0
SNIG;DatosAnimales;2023;15;;AnimalesPorEspecieConsumoPD_AD;4149;0;0;3303;0;0;4149;0,0
SNIG;DatosAnimales;2023;15;;AnimalesPorEspecieMortandadPD_AD;4149;0;0;2713;0;0;4149;0,0
SNIG;DatosAnimales;2023;15;;AnimalesPorEspecieNacimientosPD_AD;4149;0;0;3317;0;0;4149;0,0
SNIG;DatosAnimales;2023;15;;AnimalesPorEspeciePD_AD;4149;0;0;828;0;0;4149;0,0
SNIG;DatosAnimales;2023;15;;AnimalesPorEspeciePD_PF;4149;0;0;930;0;0;4149;0,0
SNIG;DatosAnimales;2023;15;;Anio;4149;0;0;0;0;0;4149;0,0
SNIG;DatosAnimales;2023;15;;AreaEnumeracion;4149;0;0;195;0;0;4149;0,0
SNIG;DatosAnimales;2023;15;;AreaSupervision;4149;0;0;195;0;0;4149;0,0
SNIG;DatosAnimales;2023;15;;CantidadTenedoresPorEspecie;4149;0;0;0;0;0;4149;0,0
SNIG;DatosAnimales;2023;15;;DepartamentoCodigo;4149;0;0;0;0;0;4149;0,0
SNIG;DatosAnimales;2023;15;;EspecializacionMGAPCodigo;4149;0;0;0;0;0;4149;0,0
SNIG;DatosAnimales;2023;15;;EspecieCodigo;4149;0;0;0;0;0;4149;0,0
SNIG;DatosAnimales;2023;15;;EstratoCodigo;4149;0;0;0;0;0;4149;0,0
SNIG;DatosAnimales;2023;15;;GiroCodigo;4149;0;0;0;14;0;4149;0,0
SNIG;DatosAnimales;2023;15;;ID;4149;0;0;0;0;0;4149;0,0
SNIG;DatosAnimales;2023;15;;NaturalezaJuridicaCodigo;4149;0;0;9;0;0;4149;0,0
SNIG;DatosAnimales;2023;15;;SeccionalPolicialCodigo;4149;0;0;0;0;0;4149;0,0
SNIG;DatosAnimales;2023;15;;TipoProduccionMGAPCodigo;4149;0;0;0;0;0;4149;0,0
SNIG;DatosAnimales;2023;18;;ActividadCodigo;5379;0;0;0;5379;0;5379;0,0
SNIG;DatosAnimales;2023;18;;AnimalesPorEspecieConsumoPD_AD;5379;0;0;4299;0;0;5379;0,0
SNIG;DatosAnimales;2023;18;;AnimalesPorEspecieMortandadPD_AD;5379;0;0;3578;0;0;5379;0,0
SNIG;DatosAnimales;2023;18;;AnimalesPorEspecieNacimientosPD_AD;5379;0;0;4180;0;0;5379;0,0
SNIG;DatosAnimales;2023;18;;AnimalesPorEspeciePD_AD;5379;0;0;1023;0;0;5379;0,0
SNIG;DatosAnimales;2023;18;;AnimalesPorEspeciePD_PF;5379;0;0;1386;0;0;5379;0,0
SNIG;DatosAnimales;2023;18;;Anio;5379;0;0;0;0;0;5379;0,0
SNIG;DatosAnimales;2023;18;;AreaEnumeracion;5379;0;0;260;0;0;5379;0,0
SNIG;DatosAnimales;2023;18;;AreaSupervision;5379;0;0;260;0;0;5379;0,0
SNIG;DatosAnimales;2023;18;;CantidadTenedoresPorEspecie;5379;0;0;0;0;0;5379;0,0
SNIG;DatosAnimales;2023;18;;DepartamentoCodigo;5379;0;0;0;0;0;5379;0,0
SNIG;DatosAnimales;2023;18;;EspecializacionMGAPCodigo;5379;0;0;0;0;0;5379;0,0
SNIG;DatosAnimales;2023;18;;EspecieCodigo;5379;0;0;0;0;0;5379;0,0
SNIG;DatosAnimales;2023;18;;EstratoCodigo;5379;0;0;0;0;0;5379;0,0
SNIG;DatosAnimales;2023;18;;GiroCodigo;5379;0;0;0;6;0;5379;0,0
SNIG;DatosAnimales;2023;18;;ID;5379;0;0;0;0;0;5379;0,0
SNIG;DatosAnimales;2023;18;;NaturalezaJuridicaCodigo;5379;0;0;11;0;0;5379;0,0
SNIG;DatosAnimales;2023;18;;SeccionalPolicialCodigo;5379;0;0;0;0;0;5379;0,0
SNIG;DatosAnimales;2023;18;;TipoProduccionMGAPCodigo;5379;0;0;0;0;0;5379;0,0
SNIG;DatosAnimales;2023;19;;ActividadCodigo;3395;0;0;0;3395;0;3395;0,0
SNIG;DatosAnimales;2023;19;;AnimalesPorEspecieConsumoPD_AD;3395;0;0;2718;0;0;3395;0,0
SNIG;DatosAnimales;2023;19;;AnimalesPorEspecieMortandadPD_AD;3395;0;0;2278;0;0;3395;0,0
SNIG;DatosAnimales;2023;19;;AnimalesPorEspecieNacimientosPD_AD;3395;0;0;2682;0;0;3395;0,0
SNIG;DatosAnimales;2023;19;;AnimalesPorEspeciePD_AD;3395;0;0;796;0;0;3395;0,0
SNIG;DatosAnimales;2023;19;;AnimalesPorEspeciePD_PF;3395;0;0;1076;0;0;3395;0,0
SNIG;DatosAnimales;2023;19;;Anio;3395;0;0;0;0;0;3395;0,0
SNIG;DatosAnimales;2023;19;;AreaEnumeracion;3395;0;0;130;0;0;3395;0,0
SNIG;DatosAnimales;2023;19;;AreaSupervision;3395;0;0;130;0;0;3395;0,0
SNIG;DatosAnimales;2023;19;;CantidadTenedoresPorEspecie;3395;0;0;0;0;0;3395;0,0
SNIG;DatosAnimales;2023;19;;DepartamentoCodigo;3395;0;0;0;0;0;3395;0,0
SNIG;DatosAnimales;2023;19;;EspecializacionMGAPCodigo;3395;0;0;0;0;0;3395;0,0
SNIG;DatosAnimales;2023;19;;EspecieCodigo;3395;0;0;0;0;0;3395;0,0
SNIG;DatosAnimales;2023;19;;EstratoCodigo;3395;0;0;0;0;0;3395;0,0
SNIG;DatosAnimales;2023;19;;GiroCodigo;3395;0;0;0;3;0;3395;0,0
SNIG;DatosAnimales;2023;19;;ID;3395;0;0;0;0;0;3395;0,0
SNIG;DatosAnimales;2023;19;;NaturalezaJuridicaCodigo;3395;0;0;5;0;0;3395;0,0
SNIG;DatosAnimales;2023;19;;SeccionalPolicialCodigo;3395;0;0;1;0;0;3395;0,0
SNIG;DatosAnimales;2023;19;;TipoProduccionMGAPCodigo;3395;0;0;0;0;0;3395;0,0
SNIG;DatosAnimales;2023;2;;ActividadCodigo;8032;0;0;0;8032;0;8032;0,0
SNIG;DatosAnimales;2023;2;;AnimalesPorEspecieConsumoPD_AD;8032;0;0;6839;0;0;8032;0,0
SNIG;DatosAnimales;2023;2;;AnimalesPorEspecieMortandadPD_AD;8032;0;0;6453;0;0;8032;0,0
SNIG;DatosAnimales;2023;2;;AnimalesPorEspecieNacimientosPD_AD;8032;0;0;6526;0;0;8032;0,0
SNIG;DatosAnimales;2023;2;;AnimalesPorEspeciePD_AD;8032;0;0;1946;0;0;8032;0,0
SNIG;DatosAnimales;2023;2;;AnimalesPorEspeciePD_PF;8032;0;0;1947;0;0;8032;0,0
SNIG;DatosAnimales;2023;2;;Anio;8032;0;0;0;0;0;8032;0,0
SNIG;DatosAnimales;2023;2;;AreaEnumeracion;8032;0;0;205;0;0;8032;0,0
SNIG;DatosAnimales;2023;2;;AreaSupervision;8032;0;0;205;0;0;8032;0,0
SNIG;DatosAnimales;2023;2;;CantidadTenedoresPorEspecie;8032;0;0;0;0;0;8032;0,0
SNIG;DatosAnimales;2023;2;;DepartamentoCodigo;8032;0;0;0;0;0;8032;0,0
SNIG;DatosAnimales;2023;2;;EspecializacionMGAPCodigo;8032;0;0;0;0;0;8032;0,0
SNIG;DatosAnimales;2023;2;;EspecieCodigo;8032;0;0;0;0;0;8032;0,0
SNIG;DatosAnimales;2023;2;;EstratoCodigo;8032;0;0;0;0;0;8032;0,0
SNIG;DatosAnimales;2023;2;;GiroCodigo;8032;0;0;0;4;0;8032;0,0
SNIG;DatosAnimales;2023;2;;ID;8032;0;0;0;0;0;8032;0,0
SNIG;DatosAnimales;2023;2;;NaturalezaJuridicaCodigo;8032;0;0;3;0;0;8032;0,0
SNIG;DatosAnimales;2023;2;;SeccionalPolicialCodigo;8032;0;0;1;0;0;8032;0,0
SNIG;DatosAnimales;2023;2;;TipoProduccionMGAPCodigo;8032;0;0;0;0;0;8032;0,0
SNIG;DatosAnimales;2023;4;;ActividadCodigo;4991;0;0;0;4991;0;4991;0,0
SNIG;DatosAnimales;2023;4;;AnimalesPorEspecieConsumoPD_AD;4991;0;0;3985;0;0;4991;0,0
SNIG;DatosAnimales;2023;4;;AnimalesPorEspecieMortandadPD_AD;4991;0;0;3566;0;0;4991;0,0
SNIG;DatosAnimales;2023;4;;AnimalesPorEspecieNacimientosPD_AD;4991;0;0;3886;0;0;4991;0,0
SNIG;DatosAnimales;2023;4;;AnimalesPorEspeciePD_AD;4991;0;0;1190;0;0;4991;0,0
SNIG;DatosAnimales;2023;4;;AnimalesPorEspeciePD_PF;4991;0;0;1215;0;0;4991;0,0
SNIG;DatosAnimales;2023;4;;Anio;4991;0;0;0;0;0;4991;0,0
SNIG;DatosAnimales;2023;4;;AreaEnumeracion;4991;0;0;136;0;0;4991;0,0
SNIG;DatosAnimales;2023;4;;AreaSupervision;4991;0;0;136;0;0;4991;0,0
SNIG;DatosAnimales;2023;4;;CantidadTenedoresPorEspecie;4991;0;0;0;0;0;4991;0,0
SNIG;DatosAnimales;2023;4;;DepartamentoCodigo;4991;0;0;0;0;0;4991;0,0
SNIG;DatosAnimales;2023;4;;EspecializacionMGAPCodigo;4991;0;0;0;0;0;4991;0,0
SNIG;DatosAnimales;2023;4;;EspecieCodigo;4991;0;0;0;0;0;4991;0,0
SNIG;DatosAnimales;2023;4;;EstratoCodigo;4991;0;0;0;0;0;4991;0,0
SNIG;DatosAnimales;2023;4;;GiroCodigo;4991;0;0;0;3;0;4991;0,0
SNIG;DatosAnimales;2023;4;;ID;4991;0;0;0;0;0;4991;0,0
SNIG;DatosAnimales;2023;4;;NaturalezaJuridicaCodigo;4991;0;0;9;0;0;4991;0,0
SNIG;DatosAnimales;2023;4;;SeccionalPolicialCodigo;4991;0;0;2;0;0;4991;0,0
SNIG;DatosAnimales;2023;4;;TipoProduccionMGAPCodigo;4991;0;0;0;0;0;4991;0,0
SNIG;DatosAnimales;2024;15;;ActividadCodigo;4207;0;0;0;4207;0;4207;0,0
SNIG;DatosAnimales;2024;15;;AnimalesPorEspecieConsumoPD_AD;4207;0;0;3336;0;0;4207;0,0
SNIG;DatosAnimales;2024;15;;AnimalesPorEspecieMortandadPD_AD;4207;0;0;2717;0;0;4207;0,0
SNIG;DatosAnimales;2024;15;;AnimalesPorEspecieNacimientosPD_AD;4207;0;0;3390;0;0;4207;0,0
SNIG;DatosAnimales;2024;15;;AnimalesPorEspeciePD_AD;4207;0;0;858;0;0;4207;0,0
SNIG;DatosAnimales;2024;15;;AnimalesPorEspeciePD_PF;4207;0;0;960;0;0;4207;0,0
SNIG;DatosAnimales;2024;15;;Anio;4207;0;0;0;0;0;4207;0,0
SNIG;DatosAnimales;2024;15;;AreaEnumeracion;4207;0;0;198;0;0;4207;0,0
SNIG;DatosAnimales;2024;15;;AreaSupervision;4207;0;0;198;0;0;4207;0,0
SNIG;DatosAnimales;2024;15;;CantidadTenedoresPorEspecie;4207;0;0;0;0;0;4207;0,0
SNIG;DatosAnimales;2024;15;;DepartamentoCodigo;4207;0;0;0;0;0;4207;0,0
SNIG;DatosAnimales;2024;15;;EspecializacionMGAPCodigo;4207;0;0;0;0;0;4207;0,0
SNIG;DatosAnimales;2024;15;;EspecieCodigo;4207;0;0;0;0;0;4207;0,0
SNIG;DatosAnimales;2024;15;;EstratoCodigo;4207;0;0;0;0;0;4207;0,0
SNIG;DatosAnimales;2024;15;;GiroCodigo;4207;0;0;0;50;0;4207;0,0
SNIG;DatosAnimales;2024;15;;ID;4207;0;0;0;0;0;4207;0,0
SNIG;DatosAnimales;2024;15;;NaturalezaJuridicaCodigo;4207;0;0;10;0;0;4207;0,0
SNIG;DatosAnimales;2024;15;;SeccionalPolicialCodigo;4207;0;0;0;0;0;4207;0,0
SNIG;DatosAnimales;2024;15;;TipoProduccionMGAPCodigo;4207;0;0;0;0;0;4207;0,0
SNIG;DatosAnimales;2024;18;;ActividadCodigo;5475;0;0;0;5475;0;5475;0,0
SNIG;DatosAnimales;2024;18;;AnimalesPorEspecieConsumoPD_AD;5475;0;0;4413;0;0;5475;0,0
SNIG;DatosAnimales;2024;18;;AnimalesPorEspecieMortandadPD_AD;5475;0;0;3688;0;0;5475;0,0
SNIG;DatosAnimales;2024;18;;AnimalesPorEspecieNacimientosPD_AD;5475;0;0;4298;0;0;5475;0,0
SNIG;DatosAnimales;2024;18;;AnimalesPorEspeciePD_AD;5475;0;0;1096;0;0;5475;0,0
SNIG;DatosAnimales;2024;18;;AnimalesPorEspeciePD_PF;5475;0;0;1449;0;0;5475;0,0
SNIG;DatosAnimales;2024;18;;Anio;5475;0;0;0;0;0;5475;0,0
SNIG;DatosAnimales;2024;18;;AreaEnumeracion;5475;0;0;294;0;0;5475;0,0
SNIG;DatosAnimales;2024;18;;AreaSupervision;5475;0;0;294;0;0;5475;0,0
SNIG;DatosAnimales;2024;18;;CantidadTenedoresPorEspecie;5475;0;0;0;0;0;5475;0,0
SNIG;DatosAnimales;2024;18;;DepartamentoCodigo;5475;0;0;0;0;0;5475;0,0
SNIG;DatosAnimales;2024;18;;EspecializacionMGAPCodigo;5475;0;0;0;0;0;5475;0,0
SNIG;DatosAnimales;2024;18;;EspecieCodigo;5475;0;0;0;0;0;5475;0,0
SNIG;DatosAnimales;2024;18;;EstratoCodigo;5475;0;0;0;0;0;5475;0,0
SNIG;DatosAnimales;2024;18;;GiroCodigo;5475;0;0;0;147;0;5475;0,0
SNIG;DatosAnimales;2024;18;;ID;5475;0;0;0;0;0;5475;0,0
SNIG;DatosAnimales;2024;18;;NaturalezaJuridicaCodigo;5475;0;0;11;0;0;5475;0,0
SNIG;DatosAnimales;2024;18;;SeccionalPolicialCodigo;5475;0;0;0;0;0;5475;0,0
SNIG;DatosAnimales;2024;18;;TipoProduccionMGAPCodigo;5475;0;0;0;0;0;5475;0,0
SNIG;DatosAnimales;2024;19;;ActividadCodigo;3417;0;0;0;3417;0;3417;0,0
SNIG;DatosAnimales;2024;19;;AnimalesPorEspecieConsumoPD_AD;3417;0;0;2755;0;0;3417;0,0
SNIG;DatosAnimales;2024;19;;AnimalesPorEspecieMortandadPD_AD;3417;0;0;2243;0;0;3417;0,0
SNIG;DatosAnimales;2024;19;;AnimalesPorEspecieNacimientosPD_AD;3417;0;0;2701;0;0;3417;0,0
SNIG;DatosAnimales;2024;19;;AnimalesPorEspeciePD_AD;3417;0;0;775;0;0;3417;0,0
SNIG;DatosAnimales;2024;19;;AnimalesPorEspeciePD_PF;3417;0;0;1086;0;0;3417;0,0
SNIG;DatosAnimales;2024;19;;Anio;3417;0;0;0;0;0;3417;0,0
SNIG;DatosAnimales;2024;19;;AreaEnumeracion;3417;0;0;134;0;0;3417;0,0
SNIG;DatosAnimales;2024;19;;AreaSupervision;3417;0;0;134;0;0;3417;0,0
SNIG;DatosAnimales;2024;19;;CantidadTenedoresPorEspecie;3417;0;0;0;0;0;3417;0,0
SNIG;DatosAnimales;2024;19;;DepartamentoCodigo;3417;0;0;0;0;0;3417;0,0
SNIG;DatosAnimales;2024;19;;EspecializacionMGAPCodigo;3417;0;0;0;0;0;3417;0,0
SNIG;DatosAnimales;2024;19;;EspecieCodigo;3417;0;0;0;0;0;3417;0,0
SNIG;DatosAnimales;2024;19;;EstratoCodigo;3417;0;0;0;0;0;3417;0,0
SNIG;DatosAnimales;2024;19;;GiroCodigo;3417;0;0;0;6;0;3417;0,0
SNIG;DatosAnimales;2024;19;;ID;3417;0;0;0;0;0;3417;0,0
SNIG;DatosAnimales;2024;19;;NaturalezaJuridicaCodigo;3417;0;0;5;0;0;3417;0,0
SNIG;DatosAnimales;2024;19;;SeccionalPolicialCodigo;3417;0;0;0;0;0;3417;0,0
SNIG;DatosAnimales;2024;19;;TipoProduccionMGAPCodigo;3417;0;0;0;0;0;3417;0,0
SNIG;DatosAnimales;2024;2;;ActividadCodigo;7964;0;0;0;7964;0;7964;0,0
SNIG;DatosAnimales;2024;2;;AnimalesPorEspecieConsumoPD_AD;7964;0;0;6798;0;0;7964;0,0
SNIG;DatosAnimales;2024;2;;AnimalesPorEspecieMortandadPD_AD;7964;0;0;6443;0;0;7964;0,0
SNIG;DatosAnimales;2024;2;;AnimalesPorEspecieNacimientosPD_AD;7964;0;0;6485;0;0;7964;0,0
SNIG;DatosAnimales;2024;2;;AnimalesPorEspeciePD_AD;7964;0;0;1919;0;0;7964;0,0
SNIG;DatosAnimales;2024;2;;AnimalesPorEspeciePD_PF;7964;0;0;1901;0;0;7964;0,0
SNIG;DatosAnimales;2024;2;;Anio;7964;0;0;0;0;0;7964;0,0
SNIG;DatosAnimales;2024;2;;AreaEnumeracion;7964;0;0;207;0;0;7964;0,0
SNIG;DatosAnimales;2024;2;;AreaSupervision;7964;0;0;207;0;0;7964;0,0
SNIG;DatosAnimales;2024;2;;CantidadTenedoresPorEspecie;7964;0;0;0;0;0;7964;0,0
SNIG;DatosAnimales;2024;2;;DepartamentoCodigo;7964;0;0;0;0;0;7964;0,0
SNIG;DatosAnimales;2024;2;;EspecializacionMGAPCodigo;7964;0;0;0;0;0;7964;0,0
SNIG;DatosAnimales;2024;2;;EspecieCodigo;7964;0;0;0;0;0;7964;0,0
SNIG;DatosAnimales;2024;2;;EstratoCodigo;7964;0;0;0;0;0;7964;0,0
SNIG;DatosAnimales;2024;2;;GiroCodigo;7964;0;0;0;12;0;7964;0,0
SNIG;DatosAnimales;2024;2;;ID;7964;0;0;0;0;0;7964;0,0
SNIG;DatosAnimales;2024;2;;NaturalezaJuridicaCodigo;7964;0;0;2;0;0;7964;0,0
SNIG;DatosAnimales;2024;2;;SeccionalPolicialCodigo;7964;0;0;0;0;0;7964;0,0
SNIG;DatosAnimales;2024;2;;TipoProduccionMGAPCodigo;7964;0;0;0;0;0;7964;0,0
SNIG;DatosAnimales;2024;4;;ActividadCodigo;4927;0;0;0;4927;0;4927;0,0
SNIG;DatosAnimales;2024;4;;AnimalesPorEspecieConsumoPD_AD;4927;0;0;3979;0;0;4927;0,0
SNIG;DatosAnimales;2024;4;;AnimalesPorEspecieMortandadPD_AD;4927;0;0;3533;0;0;4927;0,0
SNIG;DatosAnimales;2024;4;;AnimalesPorEspecieNacimientosPD_AD;4927;0;0;3868;0;0;4927;0,0
SNIG;DatosAnimales;2024;4;;AnimalesPorEspeciePD_AD;4927;0;0;1189;0;0;4927;0,0
SNIG;DatosAnimales;2024;4;;AnimalesPorEspeciePD_PF;4927;0;0;1217;0;0;4927;0,0
SNIG;DatosAnimales;2024;4;;Anio;4927;0;0;0;0;0;4927;0,0
SNIG;DatosAnimales;2024;4;;AreaEnumeracion;4927;0;0;136;0;0;4927;0,0
SNIG;DatosAnimales;2024;4;;AreaSupervision;4927;0;0;136;0;0;4927;0,0
SNIG;DatosAnimales;2024;4;;CantidadTenedoresPorEspecie;4927;0;0;0;0;0;4927;0,0
SNIG;DatosAnimales;2024;4;;DepartamentoCodigo;4927;0;0;0;0;0;4927;0,0
SNIG;DatosAnimales;2024;4;;EspecializacionMGAPCodigo;4927;0;0;0;0;0;4927;0,0
SNIG;DatosAnimales;2024;4;;EspecieCodigo;4927;0;0;0;0;0;4927;0,0
SNIG;DatosAnimales;2024;4;;EstratoCodigo;4927;0;0;0;0;0;4927;0,0
SNIG;DatosAnimales;2024;4;;GiroCodigo;4927;0;0;0;3;0;4927;0,0
SNIG;DatosAnimales;2024;4;;ID;4927;0;0;0;0;0;4927;0,0
SNIG;DatosAnimales;2024;4;;NaturalezaJuridicaCodigo;4927;0;0;8;0;0;4927;0,0
SNIG;DatosAnimales;2024;4;;SeccionalPolicialCodigo;4927;0;0;0;0;0;4927;0,0
SNIG;DatosAnimales;2024;4;;TipoProduccionMGAPCodigo;4927;0;0;0;0;0;4927;0,0
SNIG;DatosAnimales;2025;15;;ActividadCodigo;4159;0;0;0;4159;0;4159;0,0
SNIG;DatosAnimales;2025;15;;AnimalesPorEspecieConsumoPD_AD;4159;0;0;3295;0;0;4159;0,0
SNIG;DatosAnimales;2025;15;;AnimalesPorEspecieMortandadPD_AD;4159;0;0;2731;0;0;4159;0,0
SNIG;DatosAnimales;2025;15;;AnimalesPorEspecieNacimientosPD_AD;4159;0;0;3349;0;0;4159;0,0
SNIG;DatosAnimales;2025;15;;AnimalesPorEspeciePD_AD;4159;0;0;839;0;0;4159;0,0
SNIG;DatosAnimales;2025;15;;AnimalesPorEspeciePD_PF;4159;0;0;977;0;0;4159;0,0
SNIG;DatosAnimales;2025;15;;Anio;4159;0;0;0;0;0;4159;0,0
SNIG;DatosAnimales;2025;15;;AreaEnumeracion;4159;0;0;206;0;0;4159;0,0
SNIG;DatosAnimales;2025;15;;AreaSupervision;4159;0;0;206;0;0;4159;0,0
SNIG;DatosAnimales;2025;15;;CantidadTenedoresPorEspecie;4159;0;0;0;0;0;4159;0,0
SNIG;DatosAnimales;2025;15;;DepartamentoCodigo;4159;0;0;0;0;0;4159;0,0
SNIG;DatosAnimales;2025;15;;EspecializacionMGAPCodigo;4159;0;0;0;0;0;4159;0,0
SNIG;DatosAnimales;2025;15;;EspecieCodigo;4159;0;0;0;0;0;4159;0,0
SNIG;DatosAnimales;2025;15;;EstratoCodigo;4159;0;0;0;0;0;4159;0,0
SNIG;DatosAnimales;2025;15;;GiroCodigo;4159;0;0;0;91;0;4159;0,0
SNIG;DatosAnimales;2025;15;;ID;4159;0;0;0;0;0;4159;0,0
SNIG;DatosAnimales;2025;15;;NaturalezaJuridicaCodigo;4159;0;0;9;0;0;4159;0,0
SNIG;DatosAnimales;2025;15;;SeccionalPolicialCodigo;4159;0;0;0;0;0;4159;0,0
SNIG;DatosAnimales;2025;15;;TipoProduccionMGAPCodigo;4159;0;0;0;0;0;4159;0,0
SNIG;DatosAnimales;2025;18;;ActividadCodigo;5314;0;0;0;5314;0;5314;0,0
SNIG;DatosAnimales;2025;18;;AnimalesPorEspecieConsumoPD_AD;5314;0;0;4283;0;0;5314;0,0
SNIG;DatosAnimales;2025;18;;AnimalesPorEspecieMortandadPD_AD;5314;0;0;3603;0;0;5314;0,0
SNIG;DatosAnimales;2025;18;;AnimalesPorEspecieNacimientosPD_AD;5314;0;0;4142;0;0;5314;0,0
SNIG;DatosAnimales;2025;18;;AnimalesPorEspeciePD_AD;5314;0;0;1004;0;0;5314;0,0
SNIG;DatosAnimales;2025;18;;AnimalesPorEspeciePD_PF;5314;0;0;1423;0;0;5314;0,0
SNIG;DatosAnimales;2025;18;;Anio;5314;0;0;0;0;0;5314;0,0
SNIG;DatosAnimales;2025;18;;AreaEnumeracion;5314;0;0;287;0;0;5314;0,0
SNIG;DatosAnimales;2025;18;;AreaSupervision;5314;0;0;287;0;0;5314;0,0
SNIG;DatosAnimales;2025;18;;CantidadTenedoresPorEspecie;5314;0;0;0;0;0;5314;0,0
SNIG;DatosAnimales;2025;18;;DepartamentoCodigo;5314;0;0;0;0;0;5314;0,0
SNIG;DatosAnimales;2025;18;;EspecializacionMGAPCodigo;5314;0;0;0;0;0;5314;0,0
SNIG;DatosAnimales;2025;18;;EspecieCodigo;5314;0;0;0;0;0;5314;0,0
SNIG;DatosAnimales;2025;18;;EstratoCodigo;5314;0;0;0;0;0;5314;0,0
SNIG;DatosAnimales;2025;18;;GiroCodigo;5314;0;0;0;133;0;5314;0,0
SNIG;DatosAnimales;2025;18;;ID;5314;0;0;0;0;0;5314;0,0
SNIG;DatosAnimales;2025;18;;NaturalezaJuridicaCodigo;5314;0;0;10;0;0;5314;0,0
SNIG;DatosAnimales;2025;18;;SeccionalPolicialCodigo;5314;0;0;0;0;0;5314;0,0
SNIG;DatosAnimales;2025;18;;TipoProduccionMGAPCodigo;5314;0;0;0;0;0;5314;0,0
SNIG;DatosAnimales;2025;19;;ActividadCodigo;3365;0;0;0;3365;0;3365;0,0
SNIG;DatosAnimales;2025;19;;AnimalesPorEspecieConsumoPD_AD;3365;0;0;2718;0;0;3365;0,0
SNIG;DatosAnimales;2025;19;;AnimalesPorEspecieMortandadPD_AD;3365;0;0;2263;0;0;3365;0,0
SNIG;DatosAnimales;2025;19;;AnimalesPorEspecieNacimientosPD_AD;3365;0;0;2636;0;0;3365;0,0
SNIG;DatosAnimales;2025;19;;AnimalesPorEspeciePD_AD;3365;0;0;742;0;0;3365;0,0
SNIG;DatosAnimales;2025;19;;AnimalesPorEspeciePD_PF;3365;0;0;1088;0;0;3365;0,0
SNIG;DatosAnimales;2025;19;;Anio;3365;0;0;0;0;0;3365;0,0
SNIG;DatosAnimales;2025;19;;AreaEnumeracion;3365;0;0;127;0;0;3365;0,0
SNIG;DatosAnimales;2025;19;;AreaSupervision;3365;0;0;127;0;0;3365;0,0
SNIG;DatosAnimales;2025;19;;CantidadTenedoresPorEspecie;3365;0;0;0;0;0;3365;0,0
SNIG;DatosAnimales;2025;19;;DepartamentoCodigo;3365;0;0;0;0;0;3365;0,0
SNIG;DatosAnimales;2025;19;;EspecializacionMGAPCodigo;3365;0;0;0;0;0;3365;0,0
SNIG;DatosAnimales;2025;19;;EspecieCodigo;3365;0;0;0;0;0;3365;0,0
SNIG;DatosAnimales;2025;19;;EstratoCodigo;3365;0;0;0;0;0;3365;0,0
SNIG;DatosAnimales;2025;19;;GiroCodigo;3365;0;0;0;7;0;3365;0,0
SNIG;DatosAnimales;2025;19;;ID;3365;0;0;0;0;0;3365;0,0
SNIG;DatosAnimales;2025;19;;NaturalezaJuridicaCodigo;3365;0;0;4;0;0;3365;0,0
SNIG;DatosAnimales;2025;19;;SeccionalPolicialCodigo;3365;0;0;0;0;0;3365;0,0
SNIG;DatosAnimales;2025;19;;TipoProduccionMGAPCodigo;3365;0;0;0;0;0;3365;0,0
SNIG;DatosAnimales;2025;2;;ActividadCodigo;7560;0;0;0;7560;0;7560;0,0
SNIG;DatosAnimales;2025;2;;AnimalesPorEspecieConsumoPD_AD;7560;0;0;6444;0;0;7560;0,0
SNIG;DatosAnimales;2025;2;;AnimalesPorEspecieMortandadPD_AD;7560;0;0;6123;0;0;7560;0,0
SNIG;DatosAnimales;2025;2;;AnimalesPorEspecieNacimientosPD_AD;7560;0;0;6161;0;0;7560;0,0
SNIG;DatosAnimales;2025;2;;AnimalesPorEspeciePD_AD;7560;0;0;1733;0;0;7560;0,0
SNIG;DatosAnimales;2025;2;;AnimalesPorEspeciePD_PF;7560;0;0;1805;0;0;7560;0,0
SNIG;DatosAnimales;2025;2;;Anio;7560;0;0;0;0;0;7560;0,0
SNIG;DatosAnimales;2025;2;;AreaEnumeracion;7560;0;0;207;0;0;7560;0,0
SNIG;DatosAnimales;2025;2;;AreaSupervision;7560;0;0;207;0;0;7560;0,0
SNIG;DatosAnimales;2025;2;;CantidadTenedoresPorEspecie;7560;0;0;0;0;0;7560;0,0
SNIG;DatosAnimales;2025;2;;DepartamentoCodigo;7560;0;0;0;0;0;7560;0,0
SNIG;DatosAnimales;2025;2;;EspecializacionMGAPCodigo;7560;0;0;0;0;0;7560;0,0
SNIG;DatosAnimales;2025;2;;EspecieCodigo;7560;0;0;0;0;0;7560;0,0
SNIG;DatosAnimales;2025;2;;EstratoCodigo;7560;0;0;0;0;0;7560;0,0
SNIG;DatosAnimales;2025;2;;GiroCodigo;7560;0;0;0;17;0;7560;0,0
SNIG;DatosAnimales;2025;2;;ID;7560;0;0;0;0;0;7560;0,0
SNIG;DatosAnimales;2025;2;;NaturalezaJuridicaCodigo;7560;0;0;2;0;0;7560;0,0
SNIG;DatosAnimales;2025;2;;SeccionalPolicialCodigo;7560;0;0;0;0;0;7560;0,0
SNIG;DatosAnimales;2025;2;;TipoProduccionMGAPCodigo;7560;0;0;0;0;0;7560;0,0
SNIG;DatosAnimales;2025;4;;ActividadCodigo;4715;0;0;0;4715;0;4715;0,0
SNIG;DatosAnimales;2025;4;;AnimalesPorEspecieConsumoPD_AD;4715;0;0;3783;0;0;4715;0,0
SNIG;DatosAnimales;2025;4;;AnimalesPorEspecieMortandadPD_AD;4715;0;0;3421;0;0;4715;0,0
SNIG;DatosAnimales;2025;4;;AnimalesPorEspecieNacimientosPD_AD;4715;0;0;3700;0;0;4715;0,0
SNIG;DatosAnimales;2025;4;;AnimalesPorEspeciePD_AD;4715;0;0;1083;0;0;4715;0,0
SNIG;DatosAnimales;2025;4;;AnimalesPorEspeciePD_PF;4715;0;0;1158;0;0;4715;0,0
SNIG;DatosAnimales;2025;4;;Anio;4715;0;0;0;0;0;4715;0,0
SNIG;DatosAnimales;2025;4;;AreaEnumeracion;4715;0;0;134;0;0;4715;0,0
SNIG;DatosAnimales;2025;4;;AreaSupervision;4715;0;0;134;0;0;4715;0,0
SNIG;DatosAnimales;2025;4;;CantidadTenedoresPorEspecie;4715;0;0;0;0;0;4715;0,0
SNIG;DatosAnimales;2025;4;;DepartamentoCodigo;4715;0;0;0;0;0;4715;0,0
SNIG;DatosAnimales;2025;4;;EspecializacionMGAPCodigo;4715;0;0;0;0;0;4715;0,0
SNIG;DatosAnimales;2025;4;;EspecieCodigo;4715;0;0;0;0;0;4715;0,0
SNIG;DatosAnimales;2025;4;;EstratoCodigo;4715;0;0;0;0;0;4715;0,0
SNIG;DatosAnimales;2025;4;;GiroCodigo;4715;0;0;0;9;0;4715;0,0
SNIG;DatosAnimales;2025;4;;ID;4715;0;0;0;0;0;4715;0,0
SNIG;DatosAnimales;2025;4;;NaturalezaJuridicaCodigo;4715;0;0;6;0;0;4715;0,0
SNIG;DatosAnimales;2025;4;;SeccionalPolicialCodigo;4715;0;0;0;0;0;4715;0,0
SNIG;DatosAnimales;2025;4;;TipoProduccionMGAPCodigo;4715;0;0;0;0;0;4715;0,0
SNIG;DatosAnimalesDetallados;2016;15;;ActividadCodigo;14528;0;0;0;14528;0;14528;0,0
SNIG;DatosAnimalesDetallados;2016;15;;AnimalesPorCategoriaPD_AD;14528;0;0;1879;0;0;14528;0,0
SNIG;DatosAnimalesDetallados;2016;15;;AnimalesPorCategoriaPD_PF;14528;0;0;2092;0;0;14528;0,0
SNIG;DatosAnimalesDetallados;2016;15;;Anio;14528;0;0;0;0;0;14528;0,0
SNIG;DatosAnimalesDetallados;2016;15;;AreaEnumeracion;14528;0;0;2393;0;0;14528;0,0
SNIG;DatosAnimalesDetallados;2016;15;;AreaSupervision;14528;0;0;2393;0;0;14528;0,0
SNIG;DatosAnimalesDetallados;2016;15;;CategoriaCodigo;14528;0;0;0;0;0;14528;0,0
SNIG;DatosAnimalesDetallados;2016;15;;DepartamentoCodigo;14528;0;0;0;0;0;14528;0,0
SNIG;DatosAnimalesDetallados;2016;15;;EspecializacionMGAPCodigo;14528;14528;0;0;0;14528;0;100,0
SNIG;DatosAnimalesDetallados;2016;15;;EspecieCodigo;14528;0;0;0;0;0;14528;0,0
SNIG;DatosAnimalesDetallados;2016;15;;EstratoCodigo;14528;0;0;0;0;0;14528;0,0
SNIG;DatosAnimalesDetallados;2016;15;;GiroCodigo;14528;0;0;0;1009;0;14528;0,0
SNIG;DatosAnimalesDetallados;2016;15;;ID;14528;0;0;0;0;0;14528;0,0
SNIG;DatosAnimalesDetallados;2016;15;;NaturalezaJuridicaCodigo;14528;0;0;87;0;0;14528;0,0
SNIG;DatosAnimalesDetallados;2016;15;;SeccionalPolicialCodigo;14528;0;0;5;0;0;14528;0,0
SNIG;DatosAnimalesDetallados;2016;15;;TipoProduccionMGAPCodigo;14528;14528;0;0;0;14528;0;100,0
SNIG;DatosAnimalesDetallados;2016;18;;ActividadCodigo;18875;0;0;0;18870;0;18875;0,0
SNIG;DatosAnimalesDetallados;2016;18;;AnimalesPorCategoriaPD_AD;18875;0;0;2203;0;0;18875;0,0
SNIG;DatosAnimalesDetallados;2016;18;;AnimalesPorCategoriaPD_PF;18875;0;0;3491;0;0;18875;0,0
SNIG;DatosAnimalesDetallados;2016;18;;Anio;18875;0;0;0;0;0;18875;0,0
SNIG;DatosAnimalesDetallados;2016;18;;AreaEnumeracion;18875;0;0;2834;0;0;18875;0,0
SNIG;DatosAnimalesDetallados;2016;18;;AreaSupervision;18875;0;0;2834;0;0;18875;0,0
SNIG;DatosAnimalesDetallados;2016;18;;CategoriaCodigo;18875;0;0;0;0;0;18875;0,0
SNIG;DatosAnimalesDetallados;2016;18;;DepartamentoCodigo;18875;0;0;0;0;0;18875;0,0
SNIG;DatosAnimalesDetallados;2016;18;;EspecializacionMGAPCodigo;18875;18875;0;0;0;18875;0;100,0
SNIG;DatosAnimalesDetallados;2016;18;;EspecieCodigo;18875;0;0;0;0;0;18875;0,0
SNIG;DatosAnimalesDetallados;2016;18;;EstratoCodigo;18875;0;0;0;0;0;18875;0,0
SNIG;DatosAnimalesDetallados;2016;18;;GiroCodigo;18875;0;0;0;1248;0;18875;0,0
SNIG;DatosAnimalesDetallados;2016;18;;ID;18875;0;0;0;0;0;18875;0,0
SNIG;DatosAnimalesDetallados;2016;18;;NaturalezaJuridicaCodigo;18875;0;0;98;0;0;18875;0,0
SNIG;DatosAnimalesDetallados;2016;18;;SeccionalPolicialCodigo;18875;0;0;0;0;0;18875;0,0
SNIG;DatosAnimalesDetallados;2016;18;;TipoProduccionMGAPCodigo;18875;18875;0;0;0;18875;0;100,0
SNIG;DatosAnimalesDetallados;2016;19;;ActividadCodigo;11933;0;0;2;11931;0;11933;0,0
SNIG;DatosAnimalesDetallados;2016;19;;AnimalesPorCategoriaPD_AD;11933;0;0;1325;0;0;11933;0,0
SNIG;DatosAnimalesDetallados;2016;19;;AnimalesPorCategoriaPD_PF;11933;0;0;2286;0;0;11933;0,0
SNIG;DatosAnimalesDetallados;2016;19;;Anio;11933;0;0;0;0;0;11933;0,0
SNIG;DatosAnimalesDetallados;2016;19;;AreaEnumeracion;11933;0;0;1482;0;0;11933;0,0
SNIG;DatosAnimalesDetallados;2016;19;;AreaSupervision;11933;0;0;1482;0;0;11933;0,0
SNIG;DatosAnimalesDetallados;2016;19;;CategoriaCodigo;11933;0;0;0;0;0;11933;0,0
SNIG;DatosAnimalesDetallados;2016;19;;DepartamentoCodigo;11933;0;0;0;0;0;11933;0,0
SNIG;DatosAnimalesDetallados;2016;19;;EspecializacionMGAPCodigo;11933;11933;0;0;0;11933;0;100,0
SNIG;DatosAnimalesDetallados;2016;19;;EspecieCodigo;11933;0;0;0;0;0;11933;0,0
SNIG;DatosAnimalesDetallados;2016;19;;EstratoCodigo;11933;0;0;0;0;0;11933;0,0
SNIG;DatosAnimalesDetallados;2016;19;;GiroCodigo;11933;0;0;0;801;0;11933;0,0
SNIG;DatosAnimalesDetallados;2016;19;;ID;11933;0;0;0;0;0;11933;0,0
SNIG;DatosAnimalesDetallados;2016;19;;NaturalezaJuridicaCodigo;11933;0;0;81;0;0;11933;0,0
SNIG;DatosAnimalesDetallados;2016;19;;SeccionalPolicialCodigo;11933;0;0;4;0;0;11933;0,0
SNIG;DatosAnimalesDetallados;2016;19;;TipoProduccionMGAPCodigo;11933;11933;0;0;0;11933;0;100,0
SNIG;DatosAnimalesDetallados;2016;2;;ActividadCodigo;18514;0;0;0;18514;0;18514;0,0
SNIG;DatosAnimalesDetallados;2016;2;;AnimalesPorCategoriaPD_AD;18514;0;0;1212;0;0;18514;0,0
SNIG;DatosAnimalesDetallados;2016;2;;AnimalesPorCategoriaPD_PF;18514;0;0;828;0;0;18514;0,0
SNIG;DatosAnimalesDetallados;2016;2;;Anio;18514;0;0;0;0;0;18514;0,0
SNIG;DatosAnimalesDetallados;2016;2;;AreaEnumeracion;18514;0;0;1706;0;0;18514;0,0
SNIG;DatosAnimalesDetallados;2016;2;;AreaSupervision;18514;0;0;1706;0;0;18514;0,0
SNIG;DatosAnimalesDetallados;2016;2;;CategoriaCodigo;18514;0;0;0;0;0;18514;0,0
SNIG;DatosAnimalesDetallados;2016;2;;DepartamentoCodigo;18514;0;0;0;0;0;18514;0,0
SNIG;DatosAnimalesDetallados;2016;2;;EspecializacionMGAPCodigo;18514;18514;0;0;0;18514;0;100,0
SNIG;DatosAnimalesDetallados;2016;2;;EspecieCodigo;18514;0;0;0;0;0;18514;0,0
SNIG;DatosAnimalesDetallados;2016;2;;EstratoCodigo;18514;0;0;0;0;0;18514;0,0
SNIG;DatosAnimalesDetallados;2016;2;;GiroCodigo;18514;0;0;0;1304;0;18514;0,0
SNIG;DatosAnimalesDetallados;2016;2;;ID;18514;0;0;0;0;0;18514;0,0
SNIG;DatosAnimalesDetallados;2016;2;;NaturalezaJuridicaCodigo;18514;0;0;78;0;0;18514;0,0
SNIG;DatosAnimalesDetallados;2016;2;;SeccionalPolicialCodigo;18514;0;0;16;0;0;18514;0,0
SNIG;DatosAnimalesDetallados;2016;2;;TipoProduccionMGAPCodigo;18514;18514;0;0;0;18514;0;100,0
SNIG;DatosAnimalesDetallados;2016;4;;ActividadCodigo;14906;0;0;0;14906;0;14906;0,0
SNIG;DatosAnimalesDetallados;2016;4;;AnimalesPorCategoriaPD_AD;14906;0;0;964;0;0;14906;0,0
SNIG;DatosAnimalesDetallados;2016;4;;AnimalesPorCategoriaPD_PF;14906;0;0;738;0;0;14906;0,0
SNIG;DatosAnimalesDetallados;2016;4;;Anio;14906;0;0;0;0;0;14906;0,0
SNIG;DatosAnimalesDetallados;2016;4;;AreaEnumeracion;14906;0;0;1214;0;0;14906;0,0
SNIG;DatosAnimalesDetallados;2016;4;;AreaSupervision;14906;0;0;1214;0;0;14906;0,0
SNIG;DatosAnimalesDetallados;2016;4;;CategoriaCodigo;14906;0;0;0;0;0;14906;0,0
SNIG;DatosAnimalesDetallados;2016;4;;DepartamentoCodigo;14906;0;0;0;0;0;14906;0,0
SNIG;DatosAnimalesDetallados;2016;4;;EspecializacionMGAPCodigo;14906;14906;0;0;0;14906;0;100,0
SNIG;DatosAnimalesDetallados;2016;4;;EspecieCodigo;14906;0;0;0;0;0;14906;0,0
SNIG;DatosAnimalesDetallados;2016;4;;EstratoCodigo;14906;0;0;0;0;0;14906;0,0
SNIG;DatosAnimalesDetallados;2016;4;;GiroCodigo;14906;0;0;0;942;0;14906;0,0
SNIG;DatosAnimalesDetallados;2016;4;;ID;14906;0;0;0;0;0;14906;0,0
SNIG;DatosAnimalesDetallados;2016;4;;NaturalezaJuridicaCodigo;14906;0;0;83;0;0;14906;0,0
SNIG;DatosAnimalesDetallados;2016;4;;SeccionalPolicialCodigo;14906;0;0;13;0;0;14906;0,0
SNIG;DatosAnimalesDetallados;2016;4;;TipoProduccionMGAPCodigo;14906;14906;0;0;0;14906;0;100,0
SNIG;DatosAnimalesDetallados;2017;15;;ActividadCodigo;14145;0;0;0;14145;0;14145;0,0
SNIG;DatosAnimalesDetallados;2017;15;;AnimalesPorCategoriaPD_AD;14145;0;0;1822;0;0;14145;0,0
SNIG;DatosAnimalesDetallados;2017;15;;AnimalesPorCategoriaPD_PF;14145;0;0;1865;0;0;14145;0,0
SNIG;DatosAnimalesDetallados;2017;15;;Anio;14145;0;0;0;0;0;14145;0,0
SNIG;DatosAnimalesDetallados;2017;15;;AreaEnumeracion;14145;0;0;2156;0;0;14145;0,0
SNIG;DatosAnimalesDetallados;2017;15;;AreaSupervision;14145;0;0;2156;0;0;14145;0,0
SNIG;DatosAnimalesDetallados;2017;15;;CategoriaCodigo;14145;0;0;0;0;0;14145;0,0
SNIG;DatosAnimalesDetallados;2017;15;;DepartamentoCodigo;14145;0;0;0;0;0;14145;0,0
SNIG;DatosAnimalesDetallados;2017;15;;EspecializacionMGAPCodigo;14145;14145;0;0;0;14145;0;100,0
SNIG;DatosAnimalesDetallados;2017;15;;EspecieCodigo;14145;0;0;0;0;0;14145;0,0
SNIG;DatosAnimalesDetallados;2017;15;;EstratoCodigo;14145;0;0;0;0;0;14145;0,0
SNIG;DatosAnimalesDetallados;2017;15;;GiroCodigo;14145;0;0;0;996;0;14145;0,0
SNIG;DatosAnimalesDetallados;2017;15;;ID;14145;0;0;0;0;0;14145;0,0
SNIG;DatosAnimalesDetallados;2017;15;;NaturalezaJuridicaCodigo;14145;0;0;84;0;0;14145;0,0
SNIG;DatosAnimalesDetallados;2017;15;;SeccionalPolicialCodigo;14145;0;0;3;0;0;14145;0,0
SNIG;DatosAnimalesDetallados;2017;15;;TipoProduccionMGAPCodigo;14145;14145;0;0;0;14145;0;100,0
SNIG;DatosAnimalesDetallados;2017;18;;ActividadCodigo;18804;0;0;0;18804;0;18804;0,0
SNIG;DatosAnimalesDetallados;2017;18;;AnimalesPorCategoriaPD_AD;18804;0;0;2160;0;0;18804;0,0
SNIG;DatosAnimalesDetallados;2017;18;;AnimalesPorCategoriaPD_PF;18804;0;0;3581;0;0;18804;0,0
SNIG;DatosAnimalesDetallados;2017;18;;Anio;18804;0;0;0;0;0;18804;0,0
SNIG;DatosAnimalesDetallados;2017;18;;AreaEnumeracion;18804;0;0;2749;0;0;18804;0,0
SNIG;DatosAnimalesDetallados;2017;18;;AreaSupervision;18804;0;0;2749;0;0;18804;0,0
SNIG;DatosAnimalesDetallados;2017;18;;CategoriaCodigo;18804;0;0;0;0;0;18804;0,0
SNIG;DatosAnimalesDetallados;2017;18;;DepartamentoCodigo;18804;0;0;0;0;0;18804;0,0
SNIG;DatosAnimalesDetallados;2017;18;;EspecializacionMGAPCodigo;18804;18804;0;0;0;18804;0;100,0
SNIG;DatosAnimalesDetallados;2017;18;;EspecieCodigo;18804;0;0;0;0;0;18804;0,0
SNIG;DatosAnimalesDetallados;2017;18;;EstratoCodigo;18804;0;0;0;0;0;18804;0,0
SNIG;DatosAnimalesDetallados;2017;18;;GiroCodigo;18804;0;0;0;1370;0;18804;0,0
SNIG;DatosAnimalesDetallados;2017;18;;ID;18804;0;0;0;0;0;18804;0,0
SNIG;DatosAnimalesDetallados;2017;18;;NaturalezaJuridicaCodigo;18804;0;0;87;0;0;18804;0,0
SNIG;DatosAnimalesDetallados;2017;18;;SeccionalPolicialCodigo;18804;0;0;3;0;0;18804;0,0
SNIG;DatosAnimalesDetallados;2017;18;;TipoProduccionMGAPCodigo;18804;18804;0;0;0;18804;0;100,0
SNIG;DatosAnimalesDetallados;2017;19;;ActividadCodigo;11372;0;0;0;11367;0;11372;0,0
SNIG;DatosAnimalesDetallados;2017;19;;AnimalesPorCategoriaPD_AD;11372;0;0;1302;0;0;11372;0,0
SNIG;DatosAnimalesDetallados;2017;19;;AnimalesPorCategoriaPD_PF;11372;0;0;2098;0;0;11372;0,0
SNIG;DatosAnimalesDetallados;2017;19;;Anio;11372;0;0;0;0;0;11372;0,0
SNIG;DatosAnimalesDetallados;2017;19;;AreaEnumeracion;11372;0;0;1475;0;0;11372;0,0
SNIG;DatosAnimalesDetallados;2017;19;;AreaSupervision;11372;0;0;1475;0;0;11372;0,0
SNIG;DatosAnimalesDetallados;2017;19;;CategoriaCodigo;11372;0;0;0;0;0;11372;0,0
SNIG;DatosAnimalesDetallados;2017;19;;DepartamentoCodigo;11372;0;0;0;0;0;11372;0,0
SNIG;DatosAnimalesDetallados;2017;19;;EspecializacionMGAPCodigo;11372;11372;0;0;0;11372;0;100,0
SNIG;DatosAnimalesDetallados;2017;19;;EspecieCodigo;11372;0;0;0;0;0;11372;0,0
SNIG;DatosAnimalesDetallados;2017;19;;EstratoCodigo;11372;0;0;0;0;0;11372;0,0
SNIG;DatosAnimalesDetallados;2017;19;;GiroCodigo;11372;0;0;0;655;0;11372;0,0
SNIG;DatosAnimalesDetallados;2017;19;;ID;11372;0;0;0;0;0;11372;0,0
SNIG;DatosAnimalesDetallados;2017;19;;NaturalezaJuridicaCodigo;11372;0;0;66;0;0;11372;0,0
SNIG;DatosAnimalesDetallados;2017;19;;SeccionalPolicialCodigo;11372;0;0;6;0;0;11372;0,0
SNIG;DatosAnimalesDetallados;2017;19;;TipoProduccionMGAPCodigo;11372;11372;0;0;0;11372;0;100,0
SNIG;DatosAnimalesDetallados;2017;2;;ActividadCodigo;17404;0;0;0;17404;0;17404;0,0
SNIG;DatosAnimalesDetallados;2017;2;;AnimalesPorCategoriaPD_AD;17404;0;0;1158;0;0;17404;0,0
SNIG;DatosAnimalesDetallados;2017;2;;AnimalesPorCategoriaPD_PF;17404;0;0;966;0;0;17404;0,0
SNIG;DatosAnimalesDetallados;2017;2;;Anio;17404;0;0;0;0;0;17404;0,0
SNIG;DatosAnimalesDetallados;2017;2;;AreaEnumeracion;17404;0;0;1542;0;0;17404;0,0
SNIG;DatosAnimalesDetallados;2017;2;;AreaSupervision;17404;0;0;1542;0;0;17404;0,0
SNIG;DatosAnimalesDetallados;2017;2;;CategoriaCodigo;17404;0;0;0;0;0;17404;0,0
SNIG;DatosAnimalesDetallados;2017;2;;DepartamentoCodigo;17404;0;0;0;0;0;17404;0,0
SNIG;DatosAnimalesDetallados;2017;2;;EspecializacionMGAPCodigo;17404;17404;0;0;0;17404;0;100,0
SNIG;DatosAnimalesDetallados;2017;2;;EspecieCodigo;17404;0;0;0;0;0;17404;0,0
SNIG;DatosAnimalesDetallados;2017;2;;EstratoCodigo;17404;0;0;0;0;0;17404;0,0
SNIG;DatosAnimalesDetallados;2017;2;;GiroCodigo;17404;0;0;0;749;0;17404;0,0
SNIG;DatosAnimalesDetallados;2017;2;;ID;17404;0;0;0;0;0;17404;0,0
SNIG;DatosAnimalesDetallados;2017;2;;NaturalezaJuridicaCodigo;17404;0;0;67;0;0;17404;0,0
SNIG;DatosAnimalesDetallados;2017;2;;SeccionalPolicialCodigo;17404;0;0;14;0;0;17404;0,0
SNIG;DatosAnimalesDetallados;2017;2;;TipoProduccionMGAPCodigo;17404;17404;0;0;0;17404;0;100,0
SNIG;DatosAnimalesDetallados;2017;4;;ActividadCodigo;14440;0;0;0;14440;0;14440;0,0
SNIG;DatosAnimalesDetallados;2017;4;;AnimalesPorCategoriaPD_AD;14440;0;0;984;0;0;14440;0,0
SNIG;DatosAnimalesDetallados;2017;4;;AnimalesPorCategoriaPD_PF;14440;0;0;785;0;0;14440;0,0
SNIG;DatosAnimalesDetallados;2017;4;;Anio;14440;0;0;0;0;0;14440;0,0
SNIG;DatosAnimalesDetallados;2017;4;;AreaEnumeracion;14440;0;0;1186;0;0;14440;0,0
SNIG;DatosAnimalesDetallados;2017;4;;AreaSupervision;14440;0;0;1186;0;0;14440;0,0
SNIG;DatosAnimalesDetallados;2017;4;;CategoriaCodigo;14440;0;0;0;0;0;14440;0,0
SNIG;DatosAnimalesDetallados;2017;4;;DepartamentoCodigo;14440;0;0;0;0;0;14440;0,0
SNIG;DatosAnimalesDetallados;2017;4;;EspecializacionMGAPCodigo;14440;14440;0;0;0;14440;0;100,0
SNIG;DatosAnimalesDetallados;2017;4;;EspecieCodigo;14440;0;0;0;0;0;14440;0,0
SNIG;DatosAnimalesDetallados;2017;4;;EstratoCodigo;14440;0;0;0;0;0;14440;0,0
SNIG;DatosAnimalesDetallados;2017;4;;GiroCodigo;14440;0;0;0;768;0;14440;0,0
SNIG;DatosAnimalesDetallados;2017;4;;ID;14440;0;0;0;0;0;14440;0,0
SNIG;DatosAnimalesDetallados;2017;4;;NaturalezaJuridicaCodigo;14440;0;0;55;0;0;14440;0,0
SNIG;DatosAnimalesDetallados;2017;4;;SeccionalPolicialCodigo;14440;0;0;11;0;0;14440;0,0
SNIG;DatosAnimalesDetallados;2017;4;;TipoProduccionMGAPCodigo;14440;14440;0;0;0;14440;0;100,0
SNIG;DatosAnimalesDetallados;2018;15;;ActividadCodigo;13964;0;0;0;13964;0;13964;0,0
SNIG;DatosAnimalesDetallados;2018;15;;AnimalesPorCategoriaPD_AD;13964;0;0;1732;0;0;13964;0,0
SNIG;DatosAnimalesDetallados;2018;15;;AnimalesPorCategoriaPD_PF;13964;0;0;1982;0;0;13964;0,0
SNIG;DatosAnimalesDetallados;2018;15;;Anio;13964;0;0;0;0;0;13964;0,0
SNIG;DatosAnimalesDetallados;2018;15;;AreaEnumeracion;13964;0;0;2142;0;0;13964;0,0
SNIG;DatosAnimalesDetallados;2018;15;;AreaSupervision;13964;0;0;2142;0;0;13964;0,0
SNIG;DatosAnimalesDetallados;2018;15;;CategoriaCodigo;13964;0;0;0;0;0;13964;0,0
SNIG;DatosAnimalesDetallados;2018;15;;DepartamentoCodigo;13964;0;0;0;0;0;13964;0,0
SNIG;DatosAnimalesDetallados;2018;15;;EspecializacionMGAPCodigo;13964;13964;0;0;0;13964;0;100,0
SNIG;DatosAnimalesDetallados;2018;15;;EspecieCodigo;13964;0;0;0;0;0;13964;0,0
SNIG;DatosAnimalesDetallados;2018;15;;EstratoCodigo;13964;0;0;0;0;0;13964;0,0
SNIG;DatosAnimalesDetallados;2018;15;;GiroCodigo;13964;0;0;0;621;0;13964;0,0
SNIG;DatosAnimalesDetallados;2018;15;;ID;13964;0;0;0;0;0;13964;0,0
SNIG;DatosAnimalesDetallados;2018;15;;NaturalezaJuridicaCodigo;13964;0;0;75;0;0;13964;0,0
SNIG;DatosAnimalesDetallados;2018;15;;SeccionalPolicialCodigo;13964;0;0;1;0;0;13964;0,0
SNIG;DatosAnimalesDetallados;2018;15;;TipoProduccionMGAPCodigo;13964;13964;0;0;0;13964;0;100,0
SNIG;DatosAnimalesDetallados;2018;18;;ActividadCodigo;18086;0;0;0;18086;0;18086;0,0
SNIG;DatosAnimalesDetallados;2018;18;;AnimalesPorCategoriaPD_AD;18086;0;0;2139;0;0;18086;0,0
SNIG;DatosAnimalesDetallados;2018;18;;AnimalesPorCategoriaPD_PF;18086;0;0;3393;0;0;18086;0,0
SNIG;DatosAnimalesDetallados;2018;18;;Anio;18086;0;0;0;0;0;18086;0,0
SNIG;DatosAnimalesDetallados;2018;18;;AreaEnumeracion;18086;0;0;2908;0;0;18086;0,0
SNIG;DatosAnimalesDetallados;2018;18;;AreaSupervision;18086;0;0;2908;0;0;18086;0,0
SNIG;DatosAnimalesDetallados;2018;18;;CategoriaCodigo;18086;0;0;0;0;0;18086;0,0
SNIG;DatosAnimalesDetallados;2018;18;;DepartamentoCodigo;18086;0;0;0;0;0;18086;0,0
SNIG;DatosAnimalesDetallados;2018;18;;EspecializacionMGAPCodigo;18086;18086;0;0;0;18086;0;100,0
SNIG;DatosAnimalesDetallados;2018;18;;EspecieCodigo;18086;0;0;0;0;0;18086;0,0
SNIG;DatosAnimalesDetallados;2018;18;;EstratoCodigo;18086;0;0;0;0;0;18086;0,0
SNIG;DatosAnimalesDetallados;2018;18;;GiroCodigo;18086;0;0;0;1062;0;18086;0,0
SNIG;DatosAnimalesDetallados;2018;18;;ID;18086;0;0;0;0;0;18086;0,0
SNIG;DatosAnimalesDetallados;2018;18;;NaturalezaJuridicaCodigo;18086;0;0;85;0;0;18086;0,0
SNIG;DatosAnimalesDetallados;2018;18;;SeccionalPolicialCodigo;18086;0;0;0;0;0;18086;0,0
SNIG;DatosAnimalesDetallados;2018;18;;TipoProduccionMGAPCodigo;18086;18086;0;0;0;18086;0;100,0
SNIG;DatosAnimalesDetallados;2018;19;;ActividadCodigo;11014;0;0;0;11009;0;11014;0,0
SNIG;DatosAnimalesDetallados;2018;19;;AnimalesPorCategoriaPD_AD;11014;0;0;1292;0;0;11014;0,0
SNIG;DatosAnimalesDetallados;2018;19;;AnimalesPorCategoriaPD_PF;11014;0;0;2227;0;0;11014;0,0
SNIG;DatosAnimalesDetallados;2018;19;;Anio;11014;0;0;0;0;0;11014;0,0
SNIG;DatosAnimalesDetallados;2018;19;;AreaEnumeracion;11014;0;0;1463;0;0;11014;0,0
SNIG;DatosAnimalesDetallados;2018;19;;AreaSupervision;11014;0;0;1463;0;0;11014;0,0
SNIG;DatosAnimalesDetallados;2018;19;;CategoriaCodigo;11014;0;0;0;0;0;11014;0,0
SNIG;DatosAnimalesDetallados;2018;19;;DepartamentoCodigo;11014;0;0;0;0;0;11014;0,0
SNIG;DatosAnimalesDetallados;2018;19;;EspecializacionMGAPCodigo;11014;11014;0;0;0;11014;0;100,0
SNIG;DatosAnimalesDetallados;2018;19;;EspecieCodigo;11014;0;0;0;0;0;11014;0,0
SNIG;DatosAnimalesDetallados;2018;19;;EstratoCodigo;11014;0;0;0;0;0;11014;0,0
SNIG;DatosAnimalesDetallados;2018;19;;GiroCodigo;11014;0;0;0;413;0;11014;0,0
SNIG;DatosAnimalesDetallados;2018;19;;ID;11014;0;0;0;0;0;11014;0,0
SNIG;DatosAnimalesDetallados;2018;19;;NaturalezaJuridicaCodigo;11014;0;0;49;0;0;11014;0,0
SNIG;DatosAnimalesDetallados;2018;19;;SeccionalPolicialCodigo;11014;0;0;5;0;0;11014;0,0
SNIG;DatosAnimalesDetallados;2018;19;;TipoProduccionMGAPCodigo;11014;11014;0;0;0;11014;0;100,0
SNIG;DatosAnimalesDetallados;2018;2;;ActividadCodigo;16757;0;0;0;16757;0;16757;0,0
SNIG;DatosAnimalesDetallados;2018;2;;AnimalesPorCategoriaPD_AD;16757;0;0;1092;0;0;16757;0,0
SNIG;DatosAnimalesDetallados;2018;2;;AnimalesPorCategoriaPD_PF;16757;0;0;936;0;0;16757;0,0
SNIG;DatosAnimalesDetallados;2018;2;;Anio;16757;0;0;0;0;0;16757;0,0
SNIG;DatosAnimalesDetallados;2018;2;;AreaEnumeracion;16757;0;0;2249;0;0;16757;0,0
SNIG;DatosAnimalesDetallados;2018;2;;AreaSupervision;16757;0;0;2249;0;0;16757;0,0
SNIG;DatosAnimalesDetallados;2018;2;;CategoriaCodigo;16757;0;0;0;0;0;16757;0,0
SNIG;DatosAnimalesDetallados;2018;2;;DepartamentoCodigo;16757;0;0;0;0;0;16757;0,0
SNIG;DatosAnimalesDetallados;2018;2;;EspecializacionMGAPCodigo;16757;16757;0;0;0;16757;0;100,0
SNIG;DatosAnimalesDetallados;2018;2;;EspecieCodigo;16757;0;0;0;0;0;16757;0,0
SNIG;DatosAnimalesDetallados;2018;2;;EstratoCodigo;16757;0;0;0;0;0;16757;0,0
SNIG;DatosAnimalesDetallados;2018;2;;GiroCodigo;16757;0;0;0;872;0;16757;0,0
SNIG;DatosAnimalesDetallados;2018;2;;ID;16757;0;0;0;0;0;16757;0,0
SNIG;DatosAnimalesDetallados;2018;2;;NaturalezaJuridicaCodigo;16757;0;0;32;0;0;16757;0,0
SNIG;DatosAnimalesDetallados;2018;2;;SeccionalPolicialCodigo;16757;0;0;2;0;0;16757;0,0
SNIG;DatosAnimalesDetallados;2018;2;;TipoProduccionMGAPCodigo;16757;16757;0;0;0;16757;0;100,0
SNIG;DatosAnimalesDetallados;2018;4;;ActividadCodigo;14093;0;0;0;14093;0;14093;0,0
SNIG;DatosAnimalesDetallados;2018;4;;AnimalesPorCategoriaPD_AD;14093;0;0;987;0;0;14093;0,0
SNIG;DatosAnimalesDetallados;2018;4;;AnimalesPorCategoriaPD_PF;14093;0;0;853;0;0;14093;0,0
SNIG;DatosAnimalesDetallados;2018;4;;Anio;14093;0;0;0;0;0;14093;0,0
SNIG;DatosAnimalesDetallados;2018;4;;AreaEnumeracion;14093;0;0;1654;0;0;14093;0,0
SNIG;DatosAnimalesDetallados;2018;4;;AreaSupervision;14093;0;0;1654;0;0;14093;0,0
SNIG;DatosAnimalesDetallados;2018;4;;CategoriaCodigo;14093;0;0;0;0;0;14093;0,0
SNIG;DatosAnimalesDetallados;2018;4;;DepartamentoCodigo;14093;0;0;0;0;0;14093;0,0
SNIG;DatosAnimalesDetallados;2018;4;;EspecializacionMGAPCodigo;14093;14093;0;0;0;14093;0;100,0
SNIG;DatosAnimalesDetallados;2018;4;;EspecieCodigo;14093;0;0;0;0;0;14093;0,0
SNIG;DatosAnimalesDetallados;2018;4;;EstratoCodigo;14093;0;0;0;0;0;14093;0,0
SNIG;DatosAnimalesDetallados;2018;4;;GiroCodigo;14093;0;0;0;532;0;14093;0,0
SNIG;DatosAnimalesDetallados;2018;4;;ID;14093;0;0;0;0;0;14093;0,0
SNIG;DatosAnimalesDetallados;2018;4;;NaturalezaJuridicaCodigo;14093;0;0;27;0;0;14093;0,0
SNIG;DatosAnimalesDetallados;2018;4;;SeccionalPolicialCodigo;14093;0;0;3;0;0;14093;0,0
SNIG;DatosAnimalesDetallados;2018;4;;TipoProduccionMGAPCodigo;14093;14093;0;0;0;14093;0;100,0
SNIG;DatosAnimalesDetallados;2019;15;;ActividadCodigo;13619;0;0;0;13619;0;13619;0,0
SNIG;DatosAnimalesDetallados;2019;15;;AnimalesPorCategoriaPD_AD;13619;0;0;1740;0;0;13619;0,0
SNIG;DatosAnimalesDetallados;2019;15;;AnimalesPorCategoriaPD_PF;13619;0;0;2014;0;0;13619;0,0
SNIG;DatosAnimalesDetallados;2019;15;;Anio;13619;0;0;0;0;0;13619;0,0
SNIG;DatosAnimalesDetallados;2019;15;;AreaEnumeracion;13619;0;0;2020;0;0;13619;0,0
SNIG;DatosAnimalesDetallados;2019;15;;AreaSupervision;13619;0;0;2020;0;0;13619;0,0
SNIG;DatosAnimalesDetallados;2019;15;;CategoriaCodigo;13619;0;0;0;0;0;13619;0,0
SNIG;DatosAnimalesDetallados;2019;15;;DepartamentoCodigo;13619;0;0;0;0;0;13619;0,0
SNIG;DatosAnimalesDetallados;2019;15;;EspecializacionMGAPCodigo;13619;13619;0;0;0;13619;0;100,0
SNIG;DatosAnimalesDetallados;2019;15;;EspecieCodigo;13619;0;0;0;0;0;13619;0,0
SNIG;DatosAnimalesDetallados;2019;15;;EstratoCodigo;13619;0;0;0;0;0;13619;0,0
SNIG;DatosAnimalesDetallados;2019;15;;GiroCodigo;13619;0;0;0;538;0;13619;0,0
SNIG;DatosAnimalesDetallados;2019;15;;ID;13619;0;0;0;0;0;13619;0,0
SNIG;DatosAnimalesDetallados;2019;15;;NaturalezaJuridicaCodigo;13619;0;0;37;0;0;13619;0,0
SNIG;DatosAnimalesDetallados;2019;15;;SeccionalPolicialCodigo;13619;0;0;0;0;0;13619;0,0
SNIG;DatosAnimalesDetallados;2019;15;;TipoProduccionMGAPCodigo;13619;13619;0;0;0;13619;0;100,0
SNIG;DatosAnimalesDetallados;2019;18;;ActividadCodigo;17821;0;0;0;17821;0;17821;0,0
SNIG;DatosAnimalesDetallados;2019;18;;AnimalesPorCategoriaPD_AD;17821;0;0;2007;0;0;17821;0,0
SNIG;DatosAnimalesDetallados;2019;18;;AnimalesPorCategoriaPD_PF;17821;0;0;3312;0;0;17821;0,0
SNIG;DatosAnimalesDetallados;2019;18;;Anio;17821;0;0;0;0;0;17821;0,0
SNIG;DatosAnimalesDetallados;2019;18;;AreaEnumeracion;17821;0;0;2607;0;0;17821;0,0
SNIG;DatosAnimalesDetallados;2019;18;;AreaSupervision;17821;0;0;2607;0;0;17821;0,0
SNIG;DatosAnimalesDetallados;2019;18;;CategoriaCodigo;17821;0;0;0;0;0;17821;0,0
SNIG;DatosAnimalesDetallados;2019;18;;DepartamentoCodigo;17821;0;0;0;0;0;17821;0,0
SNIG;DatosAnimalesDetallados;2019;18;;EspecializacionMGAPCodigo;17821;17821;0;0;0;17821;0;100,0
SNIG;DatosAnimalesDetallados;2019;18;;EspecieCodigo;17821;0;0;0;0;0;17821;0,0
SNIG;DatosAnimalesDetallados;2019;18;;EstratoCodigo;17821;0;0;0;0;0;17821;0,0
SNIG;DatosAnimalesDetallados;2019;18;;GiroCodigo;17821;0;0;0;1058;0;17821;0,0
SNIG;DatosAnimalesDetallados;2019;18;;ID;17821;0;0;0;0;0;17821;0,0
SNIG;DatosAnimalesDetallados;2019;18;;NaturalezaJuridicaCodigo;17821;0;0;37;0;0;17821;0,0
SNIG;DatosAnimalesDetallados;2019;18;;SeccionalPolicialCodigo;17821;0;0;0;0;0;17821;0,0
SNIG;DatosAnimalesDetallados;2019;18;;TipoProduccionMGAPCodigo;17821;17821;0;0;0;17821;0;100,0
SNIG;DatosAnimalesDetallados;2019;19;;ActividadCodigo;10766;0;0;0;10766;0;10766;0,0
SNIG;DatosAnimalesDetallados;2019;19;;AnimalesPorCategoriaPD_AD;10766;0;0;1295;0;0;10766;0,0
SNIG;DatosAnimalesDetallados;2019;19;;AnimalesPorCategoriaPD_PF;10766;0;0;2295;0;0;10766;0,0
SNIG;DatosAnimalesDetallados;2019;19;;Anio;10766;0;0;0;0;0;10766;0,0
SNIG;DatosAnimalesDetallados;2019;19;;AreaEnumeracion;10766;0;0;1442;0;0;10766;0,0
SNIG;DatosAnimalesDetallados;2019;19;;AreaSupervision;10766;0;0;1442;0;0;10766;0,0
SNIG;DatosAnimalesDetallados;2019;19;;CategoriaCodigo;10766;0;0;0;0;0;10766;0,0
SNIG;DatosAnimalesDetallados;2019;19;;DepartamentoCodigo;10766;0;0;0;0;0;10766;0,0
SNIG;DatosAnimalesDetallados;2019;19;;EspecializacionMGAPCodigo;10766;10766;0;0;0;10766;0;100,0
SNIG;DatosAnimalesDetallados;2019;19;;EspecieCodigo;10766;0;0;0;0;0;10766;0,0
SNIG;DatosAnimalesDetallados;2019;19;;EstratoCodigo;10766;0;0;0;0;0;10766;0,0
SNIG;DatosAnimalesDetallados;2019;19;;GiroCodigo;10766;0;0;0;256;0;10766;0,0
SNIG;DatosAnimalesDetallados;2019;19;;ID;10766;0;0;0;0;0;10766;0,0
SNIG;DatosAnimalesDetallados;2019;19;;NaturalezaJuridicaCodigo;10766;0;0;14;0;0;10766;0,0
SNIG;DatosAnimalesDetallados;2019;19;;SeccionalPolicialCodigo;10766;0;0;0;0;0;10766;0,0
SNIG;DatosAnimalesDetallados;2019;19;;TipoProduccionMGAPCodigo;10766;10766;0;0;0;10766;0;100,0
SNIG;DatosAnimalesDetallados;2019;2;;ActividadCodigo;16082;0;0;0;16082;0;16082;0,0
SNIG;DatosAnimalesDetallados;2019;2;;AnimalesPorCategoriaPD_AD;16082;0;0;1082;0;0;16082;0,0
SNIG;DatosAnimalesDetallados;2019;2;;AnimalesPorCategoriaPD_PF;16082;0;0;1015;0;0;16082;0,0
SNIG;DatosAnimalesDetallados;2019;2;;Anio;16082;0;0;0;0;0;16082;0,0
SNIG;DatosAnimalesDetallados;2019;2;;AreaEnumeracion;16082;0;0;2060;0;0;16082;0,0
SNIG;DatosAnimalesDetallados;2019;2;;AreaSupervision;16082;0;0;2060;0;0;16082;0,0
SNIG;DatosAnimalesDetallados;2019;2;;CategoriaCodigo;16082;0;0;0;0;0;16082;0,0
SNIG;DatosAnimalesDetallados;2019;2;;DepartamentoCodigo;16082;0;0;0;0;0;16082;0,0
SNIG;DatosAnimalesDetallados;2019;2;;EspecializacionMGAPCodigo;16082;16082;0;0;0;16082;0;100,0
SNIG;DatosAnimalesDetallados;2019;2;;EspecieCodigo;16082;0;0;0;0;0;16082;0,0
SNIG;DatosAnimalesDetallados;2019;2;;EstratoCodigo;16082;0;0;0;0;0;16082;0,0
SNIG;DatosAnimalesDetallados;2019;2;;GiroCodigo;16082;0;0;0;653;0;16082;0,0
SNIG;DatosAnimalesDetallados;2019;2;;ID;16082;0;0;0;0;0;16082;0,0
SNIG;DatosAnimalesDetallados;2019;2;;NaturalezaJuridicaCodigo;16082;0;0;10;0;0;16082;0,0
SNIG;DatosAnimalesDetallados;2019;2;;SeccionalPolicialCodigo;16082;0;0;0;0;0;16082;0,0
SNIG;DatosAnimalesDetallados;2019;2;;TipoProduccionMGAPCodigo;16082;16082;0;0;0;16082;0;100,0
SNIG;DatosAnimalesDetallados;2019;4;;ActividadCodigo;13781;0;0;0;13781;0;13781;0,0
SNIG;DatosAnimalesDetallados;2019;4;;AnimalesPorCategoriaPD_AD;13781;0;0;1018;0;0;13781;0,0
SNIG;DatosAnimalesDetallados;2019;4;;AnimalesPorCategoriaPD_PF;13781;0;0;757;0;0;13781;0,0
SNIG;DatosAnimalesDetallados;2019;4;;Anio;13781;0;0;0;0;0;13781;0,0
SNIG;DatosAnimalesDetallados;2019;4;;AreaEnumeracion;13781;0;0;1560;0;0;13781;0,0
SNIG;DatosAnimalesDetallados;2019;4;;AreaSupervision;13781;0;0;1560;0;0;13781;0,0
SNIG;DatosAnimalesDetallados;2019;4;;CategoriaCodigo;13781;0;0;0;0;0;13781;0,0
SNIG;DatosAnimalesDetallados;2019;4;;DepartamentoCodigo;13781;0;0;0;0;0;13781;0,0
SNIG;DatosAnimalesDetallados;2019;4;;EspecializacionMGAPCodigo;13781;13781;0;0;0;13781;0;100,0
SNIG;DatosAnimalesDetallados;2019;4;;EspecieCodigo;13781;0;0;0;0;0;13781;0,0
SNIG;DatosAnimalesDetallados;2019;4;;EstratoCodigo;13781;0;0;0;0;0;13781;0,0
SNIG;DatosAnimalesDetallados;2019;4;;GiroCodigo;13781;0;0;0;480;0;13781;0,0
SNIG;DatosAnimalesDetallados;2019;4;;ID;13781;0;0;0;0;0;13781;0,0
SNIG;DatosAnimalesDetallados;2019;4;;NaturalezaJuridicaCodigo;13781;0;0;17;0;0;13781;0,0
SNIG;DatosAnimalesDetallados;2019;4;;SeccionalPolicialCodigo;13781;0;0;1;0;0;13781;0,0
SNIG;DatosAnimalesDetallados;2019;4;;TipoProduccionMGAPCodigo;13781;13781;0;0;0;13781;0;100,0
SNIG;DatosAnimalesDetallados;2020;15;;ActividadCodigo;14223;0;0;0;14220;0;14223;0,0
SNIG;DatosAnimalesDetallados;2020;15;;AnimalesPorCategoriaPD_AD;14223;0;0;2306;0;0;14223;0,0
SNIG;DatosAnimalesDetallados;2020;15;;AnimalesPorCategoriaPD_PF;14223;0;0;2138;0;0;14223;0,0
SNIG;DatosAnimalesDetallados;2020;15;;Anio;14223;0;0;0;0;0;14223;0,0
SNIG;DatosAnimalesDetallados;2020;15;;AreaEnumeracion;14223;0;0;1036;0;0;14223;0,0
SNIG;DatosAnimalesDetallados;2020;15;;AreaSupervision;14223;0;0;1036;0;0;14223;0,0
SNIG;DatosAnimalesDetallados;2020;15;;CategoriaCodigo;14223;0;0;0;0;0;14223;0,0
SNIG;DatosAnimalesDetallados;2020;15;;DepartamentoCodigo;14223;0;0;0;0;0;14223;0,0
SNIG;DatosAnimalesDetallados;2020;15;;EspecializacionMGAPCodigo;14223;14223;0;0;0;14223;0;100,0
SNIG;DatosAnimalesDetallados;2020;15;;EspecieCodigo;14223;0;0;0;0;0;14223;0,0
SNIG;DatosAnimalesDetallados;2020;15;;EstratoCodigo;14223;0;0;0;0;0;14223;0,0
SNIG;DatosAnimalesDetallados;2020;15;;GiroCodigo;14223;0;0;0;560;0;14223;0,0
SNIG;DatosAnimalesDetallados;2020;15;;ID;14223;0;0;0;0;0;14223;0,0
SNIG;DatosAnimalesDetallados;2020;15;;NaturalezaJuridicaCodigo;14223;0;0;39;0;0;14223;0,0
SNIG;DatosAnimalesDetallados;2020;15;;SeccionalPolicialCodigo;14223;0;0;0;0;0;14223;0,0
SNIG;DatosAnimalesDetallados;2020;15;;TipoProduccionMGAPCodigo;14223;14223;0;0;0;14223;0;100,0
SNIG;DatosAnimalesDetallados;2020;18;;ActividadCodigo;18016;0;0;0;18016;0;18016;0,0
SNIG;DatosAnimalesDetallados;2020;18;;AnimalesPorCategoriaPD_AD;18016;0;0;2573;0;0;18016;0,0
SNIG;DatosAnimalesDetallados;2020;18;;AnimalesPorCategoriaPD_PF;18016;0;0;3522;0;0;18016;0,0
SNIG;DatosAnimalesDetallados;2020;18;;Anio;18016;0;0;0;0;0;18016;0,0
SNIG;DatosAnimalesDetallados;2020;18;;AreaEnumeracion;18016;0;0;1397;0;0;18016;0,0
SNIG;DatosAnimalesDetallados;2020;18;;AreaSupervision;18016;0;0;1397;0;0;18016;0,0
SNIG;DatosAnimalesDetallados;2020;18;;CategoriaCodigo;18016;0;0;0;0;0;18016;0,0
SNIG;DatosAnimalesDetallados;2020;18;;DepartamentoCodigo;18016;0;0;0;0;0;18016;0,0
SNIG;DatosAnimalesDetallados;2020;18;;EspecializacionMGAPCodigo;18016;18016;0;0;0;18016;0;100,0
SNIG;DatosAnimalesDetallados;2020;18;;EspecieCodigo;18016;0;0;0;0;0;18016;0,0
SNIG;DatosAnimalesDetallados;2020;18;;EstratoCodigo;18016;0;0;0;0;0;18016;0,0
SNIG;DatosAnimalesDetallados;2020;18;;GiroCodigo;18016;0;0;0;951;0;18016;0,0
SNIG;DatosAnimalesDetallados;2020;18;;ID;18016;0;0;0;0;0;18016;0,0
SNIG;DatosAnimalesDetallados;2020;18;;NaturalezaJuridicaCodigo;18016;0;0;37;0;0;18016;0,0
SNIG;DatosAnimalesDetallados;2020;18;;SeccionalPolicialCodigo;18016;0;0;3;0;0;18016;0,0
SNIG;DatosAnimalesDetallados;2020;18;;TipoProduccionMGAPCodigo;18016;18016;0;0;0;18016;0;100,0
SNIG;DatosAnimalesDetallados;2020;19;;ActividadCodigo;10914;0;0;0;10914;0;10914;0,0
SNIG;DatosAnimalesDetallados;2020;19;;AnimalesPorCategoriaPD_AD;10914;0;0;1700;0;0;10914;0,0
SNIG;DatosAnimalesDetallados;2020;19;;AnimalesPorCategoriaPD_PF;10914;0;0;2363;0;0;10914;0,0
SNIG;DatosAnimalesDetallados;2020;19;;Anio;10914;0;0;0;0;0;10914;0,0
SNIG;DatosAnimalesDetallados;2020;19;;AreaEnumeracion;10914;0;0;736;0;0;10914;0,0
SNIG;DatosAnimalesDetallados;2020;19;;AreaSupervision;10914;0;0;736;0;0;10914;0,0
SNIG;DatosAnimalesDetallados;2020;19;;CategoriaCodigo;10914;0;0;0;0;0;10914;0,0
SNIG;DatosAnimalesDetallados;2020;19;;DepartamentoCodigo;10914;0;0;0;0;0;10914;0,0
SNIG;DatosAnimalesDetallados;2020;19;;EspecializacionMGAPCodigo;10914;10914;0;0;0;10914;0;100,0
SNIG;DatosAnimalesDetallados;2020;19;;EspecieCodigo;10914;0;0;0;0;0;10914;0,0
SNIG;DatosAnimalesDetallados;2020;19;;EstratoCodigo;10914;0;0;0;0;0;10914;0,0
SNIG;DatosAnimalesDetallados;2020;19;;GiroCodigo;10914;0;0;0;183;0;10914;0,0
SNIG;DatosAnimalesDetallados;2020;19;;ID;10914;0;0;0;0;0;10914;0,0
SNIG;DatosAnimalesDetallados;2020;19;;NaturalezaJuridicaCodigo;10914;0;0;8;0;0;10914;0,0
SNIG;DatosAnimalesDetallados;2020;19;;SeccionalPolicialCodigo;10914;0;0;0;0;0;10914;0,0
SNIG;DatosAnimalesDetallados;2020;19;;TipoProduccionMGAPCodigo;10914;10914;0;0;0;10914;0;100,0
SNIG;DatosAnimalesDetallados;2020;2;;ActividadCodigo;16490;0;0;0;16490;0;16490;0,0
SNIG;DatosAnimalesDetallados;2020;2;;AnimalesPorCategoriaPD_AD;16490;0;0;1334;0;0;16490;0,0
SNIG;DatosAnimalesDetallados;2020;2;;AnimalesPorCategoriaPD_PF;16490;0;0;1105;0;0;16490;0,0
SNIG;DatosAnimalesDetallados;2020;2;;Anio;16490;0;0;0;0;0;16490;0,0
SNIG;DatosAnimalesDetallados;2020;2;;AreaEnumeracion;16490;0;0;696;0;0;16490;0,0
SNIG;DatosAnimalesDetallados;2020;2;;AreaSupervision;16490;0;0;696;0;0;16490;0,0
SNIG;DatosAnimalesDetallados;2020;2;;CategoriaCodigo;16490;0;0;0;0;0;16490;0,0
SNIG;DatosAnimalesDetallados;2020;2;;DepartamentoCodigo;16490;0;0;0;0;0;16490;0,0
SNIG;DatosAnimalesDetallados;2020;2;;EspecializacionMGAPCodigo;16490;16490;0;0;0;16490;0;100,0
SNIG;DatosAnimalesDetallados;2020;2;;EspecieCodigo;16490;0;0;0;0;0;16490;0,0
SNIG;DatosAnimalesDetallados;2020;2;;EstratoCodigo;16490;0;0;0;0;0;16490;0,0
SNIG;DatosAnimalesDetallados;2020;2;;GiroCodigo;16490;0;0;0;373;0;16490;0,0
SNIG;DatosAnimalesDetallados;2020;2;;ID;16490;0;0;0;0;0;16490;0,0
SNIG;DatosAnimalesDetallados;2020;2;;NaturalezaJuridicaCodigo;16490;0;0;6;0;0;16490;0,0
SNIG;DatosAnimalesDetallados;2020;2;;SeccionalPolicialCodigo;16490;0;0;1;0;0;16490;0,0
SNIG;DatosAnimalesDetallados;2020;2;;TipoProduccionMGAPCodigo;16490;16490;0;0;0;16490;0;100,0
SNIG;DatosAnimalesDetallados;2020;4;;ActividadCodigo;13672;0;0;0;13672;0;13672;0,0
SNIG;DatosAnimalesDetallados;2020;4;;AnimalesPorCategoriaPD_AD;13672;0;0;1106;0;0;13672;0,0
SNIG;DatosAnimalesDetallados;2020;4;;AnimalesPorCategoriaPD_PF;13672;0;0;859;0;0;13672;0,0
SNIG;DatosAnimalesDetallados;2020;4;;Anio;13672;0;0;0;0;0;13672;0,0
SNIG;DatosAnimalesDetallados;2020;4;;AreaEnumeracion;13672;0;0;655;0;0;13672;0,0
SNIG;DatosAnimalesDetallados;2020;4;;AreaSupervision;13672;0;0;655;0;0;13672;0,0
SNIG;DatosAnimalesDetallados;2020;4;;CategoriaCodigo;13672;0;0;0;0;0;13672;0,0
SNIG;DatosAnimalesDetallados;2020;4;;DepartamentoCodigo;13672;0;0;0;0;0;13672;0,0
SNIG;DatosAnimalesDetallados;2020;4;;EspecializacionMGAPCodigo;13672;13672;0;0;0;13672;0;100,0
SNIG;DatosAnimalesDetallados;2020;4;;EspecieCodigo;13672;0;0;0;0;0;13672;0,0
SNIG;DatosAnimalesDetallados;2020;4;;EstratoCodigo;13672;0;0;0;0;0;13672;0,0
SNIG;DatosAnimalesDetallados;2020;4;;GiroCodigo;13672;0;0;0;423;0;13672;0,0
SNIG;DatosAnimalesDetallados;2020;4;;ID;13672;0;0;0;0;0;13672;0,0
SNIG;DatosAnimalesDetallados;2020;4;;NaturalezaJuridicaCodigo;13672;0;0;17;0;0;13672;0,0
SNIG;DatosAnimalesDetallados;2020;4;;SeccionalPolicialCodigo;13672;0;0;0;0;0;13672;0,0
SNIG;DatosAnimalesDetallados;2020;4;;TipoProduccionMGAPCodigo;13672;13672;0;0;0;13672;0;100,0
SNIG;DatosAnimalesDetallados;2021;15;;ActividadCodigo;14063;0;0;0;14063;0;14063;0,0
SNIG;DatosAnimalesDetallados;2021;15;;AnimalesPorCategoriaPD_AD;14063;0;0;2252;0;0;14063;0,0
SNIG;DatosAnimalesDetallados;2021;15;;AnimalesPorCategoriaPD_PF;14063;0;0;2303;0;0;14063;0,0
SNIG;DatosAnimalesDetallados;2021;15;;Anio;14063;0;0;0;0;0;14063;0,0
SNIG;DatosAnimalesDetallados;2021;15;;AreaEnumeracion;14063;0;0;994;0;0;14063;0,0
SNIG;DatosAnimalesDetallados;2021;15;;AreaSupervision;14063;0;0;994;0;0;14063;0,0
SNIG;DatosAnimalesDetallados;2021;15;;CategoriaCodigo;14063;0;0;0;0;0;14063;0,0
SNIG;DatosAnimalesDetallados;2021;15;;DepartamentoCodigo;14063;0;0;0;0;0;14063;0,0
SNIG;DatosAnimalesDetallados;2021;15;;EspecializacionMGAPCodigo;14063;14063;0;0;0;14063;0;100,0
SNIG;DatosAnimalesDetallados;2021;15;;EspecieCodigo;14063;0;0;0;0;0;14063;0,0
SNIG;DatosAnimalesDetallados;2021;15;;EstratoCodigo;14063;0;0;0;0;0;14063;0,0
SNIG;DatosAnimalesDetallados;2021;15;;GiroCodigo;14063;0;0;0;334;0;14063;0,0
SNIG;DatosAnimalesDetallados;2021;15;;ID;14063;0;0;0;0;0;14063;0,0
SNIG;DatosAnimalesDetallados;2021;15;;NaturalezaJuridicaCodigo;14063;0;0;37;0;0;14063;0,0
SNIG;DatosAnimalesDetallados;2021;15;;SeccionalPolicialCodigo;14063;0;0;0;0;0;14063;0,0
SNIG;DatosAnimalesDetallados;2021;15;;TipoProduccionMGAPCodigo;14063;14063;0;0;0;14063;0;100,0
SNIG;DatosAnimalesDetallados;2021;18;;ActividadCodigo;17795;0;0;0;17795;0;17795;0,0
SNIG;DatosAnimalesDetallados;2021;18;;AnimalesPorCategoriaPD_AD;17795;0;0;2609;0;0;17795;0,0
SNIG;DatosAnimalesDetallados;2021;18;;AnimalesPorCategoriaPD_PF;17795;0;0;3588;0;0;17795;0,0
SNIG;DatosAnimalesDetallados;2021;18;;Anio;17795;0;0;0;0;0;17795;0,0
SNIG;DatosAnimalesDetallados;2021;18;;AreaEnumeracion;17795;0;0;1407;0;0;17795;0,0
SNIG;DatosAnimalesDetallados;2021;18;;AreaSupervision;17795;0;0;1407;0;0;17795;0,0
SNIG;DatosAnimalesDetallados;2021;18;;CategoriaCodigo;17795;0;0;0;0;0;17795;0,0
SNIG;DatosAnimalesDetallados;2021;18;;DepartamentoCodigo;17795;0;0;0;0;0;17795;0,0
SNIG;DatosAnimalesDetallados;2021;18;;EspecializacionMGAPCodigo;17795;17795;0;0;0;17795;0;100,0
SNIG;DatosAnimalesDetallados;2021;18;;EspecieCodigo;17795;0;0;0;0;0;17795;0,0
SNIG;DatosAnimalesDetallados;2021;18;;EstratoCodigo;17795;0;0;0;0;0;17795;0,0
SNIG;DatosAnimalesDetallados;2021;18;;GiroCodigo;17795;0;0;0;689;0;17795;0,0
SNIG;DatosAnimalesDetallados;2021;18;;ID;17795;0;0;0;0;0;17795;0,0
SNIG;DatosAnimalesDetallados;2021;18;;NaturalezaJuridicaCodigo;17795;0;0;34;0;0;17795;0,0
SNIG;DatosAnimalesDetallados;2021;18;;SeccionalPolicialCodigo;17795;0;0;0;0;0;17795;0,0
SNIG;DatosAnimalesDetallados;2021;18;;TipoProduccionMGAPCodigo;17795;17795;0;0;0;17795;0;100,0
SNIG;DatosAnimalesDetallados;2021;19;;ActividadCodigo;10829;0;0;0;10829;0;10829;0,0
SNIG;DatosAnimalesDetallados;2021;19;;AnimalesPorCategoriaPD_AD;10829;0;0;1653;0;0;10829;0,0
SNIG;DatosAnimalesDetallados;2021;19;;AnimalesPorCategoriaPD_PF;10829;0;0;2622;0;0;10829;0,0
SNIG;DatosAnimalesDetallados;2021;19;;Anio;10829;0;0;0;0;0;10829;0,0
SNIG;DatosAnimalesDetallados;2021;19;;AreaEnumeracion;10829;0;0;717;0;0;10829;0,0
SNIG;DatosAnimalesDetallados;2021;19;;AreaSupervision;10829;0;0;717;0;0;10829;0,0
SNIG;DatosAnimalesDetallados;2021;19;;CategoriaCodigo;10829;0;0;0;0;0;10829;0,0
SNIG;DatosAnimalesDetallados;2021;19;;DepartamentoCodigo;10829;0;0;0;0;0;10829;0,0
SNIG;DatosAnimalesDetallados;2021;19;;EspecializacionMGAPCodigo;10829;10829;0;0;0;10829;0;100,0
SNIG;DatosAnimalesDetallados;2021;19;;EspecieCodigo;10829;0;0;0;0;0;10829;0,0
SNIG;DatosAnimalesDetallados;2021;19;;EstratoCodigo;10829;0;0;0;0;0;10829;0,0
SNIG;DatosAnimalesDetallados;2021;19;;GiroCodigo;10829;0;0;0;55;0;10829;0,0
SNIG;DatosAnimalesDetallados;2021;19;;ID;10829;0;0;0;0;0;10829;0,0
SNIG;DatosAnimalesDetallados;2021;19;;NaturalezaJuridicaCodigo;10829;0;0;8;0;0;10829;0,0
SNIG;DatosAnimalesDetallados;2021;19;;SeccionalPolicialCodigo;10829;0;0;0;0;0;10829;0,0
SNIG;DatosAnimalesDetallados;2021;19;;TipoProduccionMGAPCodigo;10829;10829;0;0;0;10829;0;100,0
SNIG;DatosAnimalesDetallados;2021;2;;ActividadCodigo;16931;0;0;0;16931;0;16931;0,0
SNIG;DatosAnimalesDetallados;2021;2;;AnimalesPorCategoriaPD_AD;16931;0;0;1519;0;0;16931;0,0
SNIG;DatosAnimalesDetallados;2021;2;;AnimalesPorCategoriaPD_PF;16931;0;0;1223;0;0;16931;0,0
SNIG;DatosAnimalesDetallados;2021;2;;Anio;16931;0;0;0;0;0;16931;0,0
SNIG;DatosAnimalesDetallados;2021;2;;AreaEnumeracion;16931;0;0;838;0;0;16931;0,0
SNIG;DatosAnimalesDetallados;2021;2;;AreaSupervision;16931;0;0;838;0;0;16931;0,0
SNIG;DatosAnimalesDetallados;2021;2;;CategoriaCodigo;16931;0;0;0;0;0;16931;0,0
SNIG;DatosAnimalesDetallados;2021;2;;DepartamentoCodigo;16931;0;0;0;0;0;16931;0,0
SNIG;DatosAnimalesDetallados;2021;2;;EspecializacionMGAPCodigo;16931;16931;0;0;0;16931;0;100,0
SNIG;DatosAnimalesDetallados;2021;2;;EspecieCodigo;16931;0;0;0;0;0;16931;0,0
SNIG;DatosAnimalesDetallados;2021;2;;EstratoCodigo;16931;0;0;0;0;0;16931;0,0
SNIG;DatosAnimalesDetallados;2021;2;;GiroCodigo;16931;0;0;0;294;0;16931;0,0
SNIG;DatosAnimalesDetallados;2021;2;;ID;16931;0;0;0;0;0;16931;0,0
SNIG;DatosAnimalesDetallados;2021;2;;NaturalezaJuridicaCodigo;16931;0;0;14;0;0;16931;0,0
SNIG;DatosAnimalesDetallados;2021;2;;SeccionalPolicialCodigo;16931;0;0;0;0;0;16931;0,0
SNIG;DatosAnimalesDetallados;2021;2;;TipoProduccionMGAPCodigo;16931;16931;0;0;0;16931;0;100,0
SNIG;DatosAnimalesDetallados;2021;4;;ActividadCodigo;13511;0;0;0;13511;0;13511;0,0
SNIG;DatosAnimalesDetallados;2021;4;;AnimalesPorCategoriaPD_AD;13511;0;0;1123;0;0;13511;0,0
SNIG;DatosAnimalesDetallados;2021;4;;AnimalesPorCategoriaPD_PF;13511;0;0;967;0;0;13511;0,0
SNIG;DatosAnimalesDetallados;2021;4;;Anio;13511;0;0;0;0;0;13511;0,0
SNIG;DatosAnimalesDetallados;2021;4;;AreaEnumeracion;13511;0;0;651;0;0;13511;0,0
SNIG;DatosAnimalesDetallados;2021;4;;AreaSupervision;13511;0;0;651;0;0;13511;0,0
SNIG;DatosAnimalesDetallados;2021;4;;CategoriaCodigo;13511;0;0;0;0;0;13511;0,0
SNIG;DatosAnimalesDetallados;2021;4;;DepartamentoCodigo;13511;0;0;0;0;0;13511;0,0
SNIG;DatosAnimalesDetallados;2021;4;;EspecializacionMGAPCodigo;13511;13511;0;0;0;13511;0;100,0
SNIG;DatosAnimalesDetallados;2021;4;;EspecieCodigo;13511;0;0;0;0;0;13511;0,0
SNIG;DatosAnimalesDetallados;2021;4;;EstratoCodigo;13511;0;0;0;0;0;13511;0,0
SNIG;DatosAnimalesDetallados;2021;4;;GiroCodigo;13511;0;0;0;233;0;13511;0,0
SNIG;DatosAnimalesDetallados;2021;4;;ID;13511;0;0;0;0;0;13511;0,0
SNIG;DatosAnimalesDetallados;2021;4;;NaturalezaJuridicaCodigo;13511;0;0;18;0;0;13511;0,0
SNIG;DatosAnimalesDetallados;2021;4;;SeccionalPolicialCodigo;13511;0;0;0;0;0;13511;0,0
SNIG;DatosAnimalesDetallados;2021;4;;TipoProduccionMGAPCodigo;13511;13511;0;0;0;13511;0;100,0
SNIG;DatosAnimalesDetallados;2022;15;;ActividadCodigo;17011;0;0;0;17011;0;17011;0,0
SNIG;DatosAnimalesDetallados;2022;15;;AnimalesPorCategoriaPD_AD;17011;0;0;2658;0;0;17011;0,0
SNIG;DatosAnimalesDetallados;2022;15;;AnimalesPorCategoriaPD_PF;17011;0;0;2747;0;0;17011;0,0
SNIG;DatosAnimalesDetallados;2022;15;;Anio;17011;0;0;0;0;0;17011;0,0
SNIG;DatosAnimalesDetallados;2022;15;;AreaEnumeracion;17011;0;0;1046;0;0;17011;0,0
SNIG;DatosAnimalesDetallados;2022;15;;AreaSupervision;17011;0;0;1046;0;0;17011;0,0
SNIG;DatosAnimalesDetallados;2022;15;;CategoriaCodigo;17011;0;0;0;0;0;17011;0,0
SNIG;DatosAnimalesDetallados;2022;15;;DepartamentoCodigo;17011;0;0;0;0;0;17011;0,0
SNIG;DatosAnimalesDetallados;2022;15;;EspecializacionMGAPCodigo;17011;0;0;0;0;0;17011;0,0
SNIG;DatosAnimalesDetallados;2022;15;;EspecieCodigo;17011;0;0;0;0;0;17011;0,0
SNIG;DatosAnimalesDetallados;2022;15;;EstratoCodigo;17011;0;0;0;0;0;17011;0,0
SNIG;DatosAnimalesDetallados;2022;15;;GiroCodigo;17011;0;0;0;447;0;17011;0,0
SNIG;DatosAnimalesDetallados;2022;15;;ID;17011;0;0;0;0;0;17011;0,0
SNIG;DatosAnimalesDetallados;2022;15;;NaturalezaJuridicaCodigo;17011;0;0;30;0;0;17011;0,0
SNIG;DatosAnimalesDetallados;2022;15;;SeccionalPolicialCodigo;17011;0;0;0;0;0;17011;0,0
SNIG;DatosAnimalesDetallados;2022;15;;TipoProduccionMGAPCodigo;17011;0;0;0;0;0;17011;0,0
SNIG;DatosAnimalesDetallados;2022;18;;ActividadCodigo;21569;0;0;0;21567;0;21569;0,0
SNIG;DatosAnimalesDetallados;2022;18;;AnimalesPorCategoriaPD_AD;21569;0;0;3234;0;0;21569;0,0
SNIG;DatosAnimalesDetallados;2022;18;;AnimalesPorCategoriaPD_PF;21569;0;0;4420;0;0;21569;0,0
SNIG;DatosAnimalesDetallados;2022;18;;Anio;21569;0;0;0;0;0;21569;0,0
SNIG;DatosAnimalesDetallados;2022;18;;AreaEnumeracion;21569;0;0;1289;0;0;21569;0,0
SNIG;DatosAnimalesDetallados;2022;18;;AreaSupervision;21569;0;0;1289;0;0;21569;0,0
SNIG;DatosAnimalesDetallados;2022;18;;CategoriaCodigo;21569;0;0;0;0;0;21569;0,0
SNIG;DatosAnimalesDetallados;2022;18;;DepartamentoCodigo;21569;0;0;0;0;0;21569;0,0
SNIG;DatosAnimalesDetallados;2022;18;;EspecializacionMGAPCodigo;21569;0;0;0;0;0;21569;0,0
SNIG;DatosAnimalesDetallados;2022;18;;EspecieCodigo;21569;0;0;0;0;0;21569;0,0
SNIG;DatosAnimalesDetallados;2022;18;;EstratoCodigo;21569;0;0;0;0;0;21569;0,0
SNIG;DatosAnimalesDetallados;2022;18;;GiroCodigo;21569;0;0;0;330;0;21569;0,0
SNIG;DatosAnimalesDetallados;2022;18;;ID;21569;0;0;0;0;0;21569;0,0
SNIG;DatosAnimalesDetallados;2022;18;;NaturalezaJuridicaCodigo;21569;0;0;36;0;0;21569;0,0
SNIG;DatosAnimalesDetallados;2022;18;;SeccionalPolicialCodigo;21569;0;0;0;0;0;21569;0,0
SNIG;DatosAnimalesDetallados;2022;18;;TipoProduccionMGAPCodigo;21569;0;0;0;0;0;21569;0,0
SNIG;DatosAnimalesDetallados;2022;19;;ActividadCodigo;12563;0;0;0;12563;0;12563;0,0
SNIG;DatosAnimalesDetallados;2022;19;;AnimalesPorCategoriaPD_AD;12563;0;0;1917;0;0;12563;0,0
SNIG;DatosAnimalesDetallados;2022;19;;AnimalesPorCategoriaPD_PF;12563;0;0;2920;0;0;12563;0,0
SNIG;DatosAnimalesDetallados;2022;19;;Anio;12563;0;0;0;0;0;12563;0,0
SNIG;DatosAnimalesDetallados;2022;19;;AreaEnumeracion;12563;0;0;692;0;0;12563;0,0
SNIG;DatosAnimalesDetallados;2022;19;;AreaSupervision;12563;0;0;692;0;0;12563;0,0
SNIG;DatosAnimalesDetallados;2022;19;;CategoriaCodigo;12563;0;0;0;0;0;12563;0,0
SNIG;DatosAnimalesDetallados;2022;19;;DepartamentoCodigo;12563;0;0;0;0;0;12563;0,0
SNIG;DatosAnimalesDetallados;2022;19;;EspecializacionMGAPCodigo;12563;0;0;0;0;0;12563;0,0
SNIG;DatosAnimalesDetallados;2022;19;;EspecieCodigo;12563;0;0;0;0;0;12563;0,0
SNIG;DatosAnimalesDetallados;2022;19;;EstratoCodigo;12563;0;0;0;0;0;12563;0,0
SNIG;DatosAnimalesDetallados;2022;19;;GiroCodigo;12563;0;0;0;42;0;12563;0,0
SNIG;DatosAnimalesDetallados;2022;19;;ID;12563;0;0;0;0;0;12563;0,0
SNIG;DatosAnimalesDetallados;2022;19;;NaturalezaJuridicaCodigo;12563;0;0;10;0;0;12563;0,0
SNIG;DatosAnimalesDetallados;2022;19;;SeccionalPolicialCodigo;12563;0;0;0;0;0;12563;0,0
SNIG;DatosAnimalesDetallados;2022;19;;TipoProduccionMGAPCodigo;12563;0;0;0;0;0;12563;0,0
SNIG;DatosAnimalesDetallados;2022;2;;ActividadCodigo;21061;0;0;0;21061;0;21061;0,0
SNIG;DatosAnimalesDetallados;2022;2;;AnimalesPorCategoriaPD_AD;21061;0;0;1772;0;0;21061;0,0
SNIG;DatosAnimalesDetallados;2022;2;;AnimalesPorCategoriaPD_PF;21061;0;0;1592;0;0;21061;0,0
SNIG;DatosAnimalesDetallados;2022;2;;Anio;21061;0;0;0;0;0;21061;0,0
SNIG;DatosAnimalesDetallados;2022;2;;AreaEnumeracion;21061;0;0;815;0;0;21061;0,0
SNIG;DatosAnimalesDetallados;2022;2;;AreaSupervision;21061;0;0;815;0;0;21061;0,0
SNIG;DatosAnimalesDetallados;2022;2;;CategoriaCodigo;21061;0;0;0;0;0;21061;0,0
SNIG;DatosAnimalesDetallados;2022;2;;DepartamentoCodigo;21061;0;0;0;0;0;21061;0,0
SNIG;DatosAnimalesDetallados;2022;2;;EspecializacionMGAPCodigo;21061;0;0;0;0;0;21061;0,0
SNIG;DatosAnimalesDetallados;2022;2;;EspecieCodigo;21061;0;0;0;0;0;21061;0,0
SNIG;DatosAnimalesDetallados;2022;2;;EstratoCodigo;21061;0;0;0;0;0;21061;0,0
SNIG;DatosAnimalesDetallados;2022;2;;GiroCodigo;21061;0;0;0;96;0;21061;0,0
SNIG;DatosAnimalesDetallados;2022;2;;ID;21061;0;0;0;0;0;21061;0,0
SNIG;DatosAnimalesDetallados;2022;2;;NaturalezaJuridicaCodigo;21061;0;0;4;0;0;21061;0,0
SNIG;DatosAnimalesDetallados;2022;2;;SeccionalPolicialCodigo;21061;0;0;0;0;0;21061;0,0
SNIG;DatosAnimalesDetallados;2022;2;;TipoProduccionMGAPCodigo;21061;0;0;0;0;0;21061;0,0
SNIG;DatosAnimalesDetallados;2022;4;;ActividadCodigo;15451;0;0;0;15451;0;15451;0,0
SNIG;DatosAnimalesDetallados;2022;4;;AnimalesPorCategoriaPD_AD;15451;0;0;1167;0;0;15451;0,0
SNIG;DatosAnimalesDetallados;2022;4;;AnimalesPorCategoriaPD_PF;15451;0;0;1187;0;0;15451;0,0
SNIG;DatosAnimalesDetallados;2022;4;;Anio;15451;0;0;0;0;0;15451;0,0
SNIG;DatosAnimalesDetallados;2022;4;;AreaEnumeracion;15451;0;0;622;0;0;15451;0,0
SNIG;DatosAnimalesDetallados;2022;4;;AreaSupervision;15451;0;0;622;0;0;15451;0,0
SNIG;DatosAnimalesDetallados;2022;4;;CategoriaCodigo;15451;0;0;0;0;0;15451;0,0
SNIG;DatosAnimalesDetallados;2022;4;;DepartamentoCodigo;15451;0;0;0;0;0;15451;0,0
SNIG;DatosAnimalesDetallados;2022;4;;EspecializacionMGAPCodigo;15451;0;0;0;0;0;15451;0,0
SNIG;DatosAnimalesDetallados;2022;4;;EspecieCodigo;15451;0;0;0;0;0;15451;0,0
SNIG;DatosAnimalesDetallados;2022;4;;EstratoCodigo;15451;0;0;0;0;0;15451;0,0
SNIG;DatosAnimalesDetallados;2022;4;;GiroCodigo;15451;0;0;0;43;0;15451;0,0
SNIG;DatosAnimalesDetallados;2022;4;;ID;15451;0;0;0;0;0;15451;0,0
SNIG;DatosAnimalesDetallados;2022;4;;NaturalezaJuridicaCodigo;15451;0;0;13;0;0;15451;0,0
SNIG;DatosAnimalesDetallados;2022;4;;SeccionalPolicialCodigo;15451;0;0;0;0;0;15451;0,0
SNIG;DatosAnimalesDetallados;2022;4;;TipoProduccionMGAPCodigo;15451;0;0;0;0;0;15451;0,0
SNIG;DatosAnimalesDetallados;2023;15;;ActividadCodigo;16628;0;0;0;16628;0;16628;0,0
SNIG;DatosAnimalesDetallados;2023;15;;AnimalesPorCategoriaPD_AD;16628;0;0;2411;0;0;16628;0,0
SNIG;DatosAnimalesDetallados;2023;15;;AnimalesPorCategoriaPD_PF;16628;0;0;2884;0;0;16628;0,0
SNIG;DatosAnimalesDetallados;2023;15;;Anio;16628;0;0;0;0;0;16628;0,0
SNIG;DatosAnimalesDetallados;2023;15;;AreaEnumeracion;16628;0;0;913;0;0;16628;0,0
SNIG;DatosAnimalesDetallados;2023;15;;AreaSupervision;16628;0;0;913;0;0;16628;0,0
SNIG;DatosAnimalesDetallados;2023;15;;CategoriaCodigo;16628;0;0;0;0;0;16628;0,0
SNIG;DatosAnimalesDetallados;2023;15;;DepartamentoCodigo;16628;0;0;0;0;0;16628;0,0
SNIG;DatosAnimalesDetallados;2023;15;;EspecializacionMGAPCodigo;16628;0;0;0;0;0;16628;0,0
SNIG;DatosAnimalesDetallados;2023;15;;EspecieCodigo;16628;0;0;0;0;0;16628;0,0
SNIG;DatosAnimalesDetallados;2023;15;;EstratoCodigo;16628;0;0;0;0;0;16628;0,0
SNIG;DatosAnimalesDetallados;2023;15;;GiroCodigo;16628;0;0;0;57;0;16628;0,0
SNIG;DatosAnimalesDetallados;2023;15;;ID;16628;0;0;0;0;0;16628;0,0
SNIG;DatosAnimalesDetallados;2023;15;;NaturalezaJuridicaCodigo;16628;0;0;30;0;0;16628;0,0
SNIG;DatosAnimalesDetallados;2023;15;;SeccionalPolicialCodigo;16628;0;0;0;0;0;16628;0,0
SNIG;DatosAnimalesDetallados;2023;15;;TipoProduccionMGAPCodigo;16628;0;0;0;0;0;16628;0,0
SNIG;DatosAnimalesDetallados;2023;18;;ActividadCodigo;21519;0;0;0;21519;0;21519;0,0
SNIG;DatosAnimalesDetallados;2023;18;;AnimalesPorCategoriaPD_AD;21519;0;0;2949;0;0;21519;0,0
SNIG;DatosAnimalesDetallados;2023;18;;AnimalesPorCategoriaPD_PF;21519;0;0;4442;0;0;21519;0,0
SNIG;DatosAnimalesDetallados;2023;18;;Anio;21519;0;0;0;0;0;21519;0,0
SNIG;DatosAnimalesDetallados;2023;18;;AreaEnumeracion;21519;0;0;1192;0;0;21519;0,0
SNIG;DatosAnimalesDetallados;2023;18;;AreaSupervision;21519;0;0;1192;0;0;21519;0,0
SNIG;DatosAnimalesDetallados;2023;18;;CategoriaCodigo;21519;0;0;0;0;0;21519;0,0
SNIG;DatosAnimalesDetallados;2023;18;;DepartamentoCodigo;21519;0;0;0;0;0;21519;0,0
SNIG;DatosAnimalesDetallados;2023;18;;EspecializacionMGAPCodigo;21519;0;0;0;0;0;21519;0,0
SNIG;DatosAnimalesDetallados;2023;18;;EspecieCodigo;21519;0;0;0;0;0;21519;0,0
SNIG;DatosAnimalesDetallados;2023;18;;EstratoCodigo;21519;0;0;0;0;0;21519;0,0
SNIG;DatosAnimalesDetallados;2023;18;;GiroCodigo;21519;0;0;0;21;0;21519;0,0
SNIG;DatosAnimalesDetallados;2023;18;;ID;21519;0;0;0;0;0;21519;0,0
SNIG;DatosAnimalesDetallados;2023;18;;NaturalezaJuridicaCodigo;21519;0;0;37;0;0;21519;0,0
SNIG;DatosAnimalesDetallados;2023;18;;SeccionalPolicialCodigo;21519;0;0;0;0;0;21519;0,0
SNIG;DatosAnimalesDetallados;2023;18;;TipoProduccionMGAPCodigo;21519;0;0;0;0;0;21519;0,0
SNIG;DatosAnimalesDetallados;2023;19;;ActividadCodigo;12588;0;0;0;12588;0;12588;0,0
SNIG;DatosAnimalesDetallados;2023;19;;AnimalesPorCategoriaPD_AD;12588;0;0;1883;0;0;12588;0,0
SNIG;DatosAnimalesDetallados;2023;19;;AnimalesPorCategoriaPD_PF;12588;0;0;2987;0;0;12588;0,0
SNIG;DatosAnimalesDetallados;2023;19;;Anio;12588;0;0;0;0;0;12588;0,0
SNIG;DatosAnimalesDetallados;2023;19;;AreaEnumeracion;12588;0;0;653;0;0;12588;0,0
SNIG;DatosAnimalesDetallados;2023;19;;AreaSupervision;12588;0;0;653;0;0;12588;0,0
SNIG;DatosAnimalesDetallados;2023;19;;CategoriaCodigo;12588;0;0;0;0;0;12588;0,0
SNIG;DatosAnimalesDetallados;2023;19;;DepartamentoCodigo;12588;0;0;0;0;0;12588;0,0
SNIG;DatosAnimalesDetallados;2023;19;;EspecializacionMGAPCodigo;12588;0;0;0;0;0;12588;0,0
SNIG;DatosAnimalesDetallados;2023;19;;EspecieCodigo;12588;0;0;0;0;0;12588;0,0
SNIG;DatosAnimalesDetallados;2023;19;;EstratoCodigo;12588;0;0;0;0;0;12588;0,0
SNIG;DatosAnimalesDetallados;2023;19;;GiroCodigo;12588;0;0;0;6;0;12588;0,0
SNIG;DatosAnimalesDetallados;2023;19;;ID;12588;0;0;0;0;0;12588;0,0
SNIG;DatosAnimalesDetallados;2023;19;;NaturalezaJuridicaCodigo;12588;0;0;11;0;0;12588;0,0
SNIG;DatosAnimalesDetallados;2023;19;;SeccionalPolicialCodigo;12588;0;0;2;0;0;12588;0,0
SNIG;DatosAnimalesDetallados;2023;19;;TipoProduccionMGAPCodigo;12588;0;0;0;0;0;12588;0,0
SNIG;DatosAnimalesDetallados;2023;2;;ActividadCodigo;21466;0;0;0;21466;0;21466;0,0
SNIG;DatosAnimalesDetallados;2023;2;;AnimalesPorCategoriaPD_AD;21466;0;0;1756;0;0;21466;0,0
SNIG;DatosAnimalesDetallados;2023;2;;AnimalesPorCategoriaPD_PF;21466;0;0;1866;0;0;21466;0,0
SNIG;DatosAnimalesDetallados;2023;2;;Anio;21466;0;0;0;0;0;21466;0,0
SNIG;DatosAnimalesDetallados;2023;2;;AreaEnumeracion;21466;0;0;792;0;0;21466;0,0
SNIG;DatosAnimalesDetallados;2023;2;;AreaSupervision;21466;0;0;792;0;0;21466;0,0
SNIG;DatosAnimalesDetallados;2023;2;;CategoriaCodigo;21466;0;0;0;0;0;21466;0,0
SNIG;DatosAnimalesDetallados;2023;2;;DepartamentoCodigo;21466;0;0;0;0;0;21466;0,0
SNIG;DatosAnimalesDetallados;2023;2;;EspecializacionMGAPCodigo;21466;0;0;0;0;0;21466;0,0
SNIG;DatosAnimalesDetallados;2023;2;;EspecieCodigo;21466;0;0;0;0;0;21466;0,0
SNIG;DatosAnimalesDetallados;2023;2;;EstratoCodigo;21466;0;0;0;0;0;21466;0,0
SNIG;DatosAnimalesDetallados;2023;2;;GiroCodigo;21466;0;0;0;8;0;21466;0,0
SNIG;DatosAnimalesDetallados;2023;2;;ID;21466;0;0;0;0;0;21466;0,0
SNIG;DatosAnimalesDetallados;2023;2;;NaturalezaJuridicaCodigo;21466;0;0;7;0;0;21466;0,0
SNIG;DatosAnimalesDetallados;2023;2;;SeccionalPolicialCodigo;21466;0;0;3;0;0;21466;0,0
SNIG;DatosAnimalesDetallados;2023;2;;TipoProduccionMGAPCodigo;21466;0;0;0;0;0;21466;0,0
SNIG;DatosAnimalesDetallados;2023;4;;ActividadCodigo;15337;0;0;0;15337;0;15337;0,0
SNIG;DatosAnimalesDetallados;2023;4;;AnimalesPorCategoriaPD_AD;15337;0;0;1146;0;0;15337;0,0
SNIG;DatosAnimalesDetallados;2023;4;;AnimalesPorCategoriaPD_PF;15337;0;0;1223;0;0;15337;0,0
SNIG;DatosAnimalesDetallados;2023;4;;Anio;15337;0;0;0;0;0;15337;0,0
SNIG;DatosAnimalesDetallados;2023;4;;AreaEnumeracion;15337;0;0;549;0;0;15337;0,0
SNIG;DatosAnimalesDetallados;2023;4;;AreaSupervision;15337;0;0;549;0;0;15337;0,0
SNIG;DatosAnimalesDetallados;2023;4;;CategoriaCodigo;15337;0;0;0;0;0;15337;0,0
SNIG;DatosAnimalesDetallados;2023;4;;DepartamentoCodigo;15337;0;0;0;0;0;15337;0,0
SNIG;DatosAnimalesDetallados;2023;4;;EspecializacionMGAPCodigo;15337;0;0;0;0;0;15337;0,0
SNIG;DatosAnimalesDetallados;2023;4;;EspecieCodigo;15337;0;0;0;0;0;15337;0,0
SNIG;DatosAnimalesDetallados;2023;4;;EstratoCodigo;15337;0;0;0;0;0;15337;0,0
SNIG;DatosAnimalesDetallados;2023;4;;GiroCodigo;15337;0;0;0;6;0;15337;0,0
SNIG;DatosAnimalesDetallados;2023;4;;ID;15337;0;0;0;0;0;15337;0,0
SNIG;DatosAnimalesDetallados;2023;4;;NaturalezaJuridicaCodigo;15337;0;0;24;0;0;15337;0,0
SNIG;DatosAnimalesDetallados;2023;4;;SeccionalPolicialCodigo;15337;0;0;3;0;0;15337;0,0
SNIG;DatosAnimalesDetallados;2023;4;;TipoProduccionMGAPCodigo;15337;0;0;0;0;0;15337;0,0
SNIG;DatosAnimalesDetallados;2024;15;;ActividadCodigo;16675;0;0;0;16675;0;16675;0,0
SNIG;DatosAnimalesDetallados;2024;15;;AnimalesPorCategoriaPD_AD;16675;0;0;2351;0;0;16675;0,0
SNIG;DatosAnimalesDetallados;2024;15;;AnimalesPorCategoriaPD_PF;16675;0;0;3024;0;0;16675;0,0
SNIG;DatosAnimalesDetallados;2024;15;;Anio;16675;0;0;0;0;0;16675;0,0
SNIG;DatosAnimalesDetallados;2024;15;;AreaEnumeracion;16675;0;0;914;0;0;16675;0,0
SNIG;DatosAnimalesDetallados;2024;15;;AreaSupervision;16675;0;0;914;0;0;16675;0,0
SNIG;DatosAnimalesDetallados;2024;15;;CategoriaCodigo;16675;0;0;0;0;0;16675;0,0
SNIG;DatosAnimalesDetallados;2024;15;;DepartamentoCodigo;16675;0;0;0;0;0;16675;0,0
SNIG;DatosAnimalesDetallados;2024;15;;EspecializacionMGAPCodigo;16675;0;0;0;0;0;16675;0,0
SNIG;DatosAnimalesDetallados;2024;15;;EspecieCodigo;16675;0;0;0;0;0;16675;0,0
SNIG;DatosAnimalesDetallados;2024;15;;EstratoCodigo;16675;0;0;0;0;0;16675;0,0
SNIG;DatosAnimalesDetallados;2024;15;;GiroCodigo;16675;0;0;0;168;0;16675;0,0
SNIG;DatosAnimalesDetallados;2024;15;;ID;16675;0;0;0;0;0;16675;0,0
SNIG;DatosAnimalesDetallados;2024;15;;NaturalezaJuridicaCodigo;16675;0;0;33;0;0;16675;0,0
SNIG;DatosAnimalesDetallados;2024;15;;SeccionalPolicialCodigo;16675;0;0;0;0;0;16675;0,0
SNIG;DatosAnimalesDetallados;2024;15;;TipoProduccionMGAPCodigo;16675;0;0;0;0;0;16675;0,0
SNIG;DatosAnimalesDetallados;2024;18;;ActividadCodigo;21562;0;0;0;21562;0;21562;0,0
SNIG;DatosAnimalesDetallados;2024;18;;AnimalesPorCategoriaPD_AD;21562;0;0;3085;0;0;21562;0,0
SNIG;DatosAnimalesDetallados;2024;18;;AnimalesPorCategoriaPD_PF;21562;0;0;4688;0;0;21562;0,0
SNIG;DatosAnimalesDetallados;2024;18;;Anio;21562;0;0;0;0;0;21562;0,0
SNIG;DatosAnimalesDetallados;2024;18;;AreaEnumeracion;21562;0;0;1346;0;0;21562;0,0
SNIG;DatosAnimalesDetallados;2024;18;;AreaSupervision;21562;0;0;1346;0;0;21562;0,0
SNIG;DatosAnimalesDetallados;2024;18;;CategoriaCodigo;21562;0;0;0;0;0;21562;0,0
SNIG;DatosAnimalesDetallados;2024;18;;DepartamentoCodigo;21562;0;0;0;0;0;21562;0,0
SNIG;DatosAnimalesDetallados;2024;18;;EspecializacionMGAPCodigo;21562;0;0;0;0;0;21562;0,0
SNIG;DatosAnimalesDetallados;2024;18;;EspecieCodigo;21562;0;0;0;0;0;21562;0,0
SNIG;DatosAnimalesDetallados;2024;18;;EstratoCodigo;21562;0;0;0;0;0;21562;0,0
SNIG;DatosAnimalesDetallados;2024;18;;GiroCodigo;21562;0;0;0;526;0;21562;0,0
SNIG;DatosAnimalesDetallados;2024;18;;ID;21562;0;0;0;0;0;21562;0,0
SNIG;DatosAnimalesDetallados;2024;18;;NaturalezaJuridicaCodigo;21562;0;0;39;0;0;21562;0,0
SNIG;DatosAnimalesDetallados;2024;18;;SeccionalPolicialCodigo;21562;0;0;0;0;0;21562;0,0
SNIG;DatosAnimalesDetallados;2024;18;;TipoProduccionMGAPCodigo;21562;0;0;0;0;0;21562;0,0
SNIG;DatosAnimalesDetallados;2024;19;;ActividadCodigo;12513;0;0;0;12513;0;12513;0,0
SNIG;DatosAnimalesDetallados;2024;19;;AnimalesPorCategoriaPD_AD;12513;0;0;1817;0;0;12513;0,0
SNIG;DatosAnimalesDetallados;2024;19;;AnimalesPorCategoriaPD_PF;12513;0;0;2980;0;0;12513;0,0
SNIG;DatosAnimalesDetallados;2024;19;;Anio;12513;0;0;0;0;0;12513;0,0
SNIG;DatosAnimalesDetallados;2024;19;;AreaEnumeracion;12513;0;0;633;0;0;12513;0,0
SNIG;DatosAnimalesDetallados;2024;19;;AreaSupervision;12513;0;0;633;0;0;12513;0,0
SNIG;DatosAnimalesDetallados;2024;19;;CategoriaCodigo;12513;0;0;0;0;0;12513;0,0
SNIG;DatosAnimalesDetallados;2024;19;;DepartamentoCodigo;12513;0;0;0;0;0;12513;0,0
SNIG;DatosAnimalesDetallados;2024;19;;EspecializacionMGAPCodigo;12513;0;0;0;0;0;12513;0,0
SNIG;DatosAnimalesDetallados;2024;19;;EspecieCodigo;12513;0;0;0;0;0;12513;0,0
SNIG;DatosAnimalesDetallados;2024;19;;EstratoCodigo;12513;0;0;0;0;0;12513;0,0
SNIG;DatosAnimalesDetallados;2024;19;;GiroCodigo;12513;0;0;0;18;0;12513;0,0
SNIG;DatosAnimalesDetallados;2024;19;;ID;12513;0;0;0;0;0;12513;0,0
SNIG;DatosAnimalesDetallados;2024;19;;NaturalezaJuridicaCodigo;12513;0;0;8;0;0;12513;0,0
SNIG;DatosAnimalesDetallados;2024;19;;SeccionalPolicialCodigo;12513;0;0;0;0;0;12513;0,0
SNIG;DatosAnimalesDetallados;2024;19;;TipoProduccionMGAPCodigo;12513;0;0;0;0;0;12513;0,0
SNIG;DatosAnimalesDetallados;2024;2;;ActividadCodigo;21330;0;0;0;21330;0;21330;0,0
SNIG;DatosAnimalesDetallados;2024;2;;AnimalesPorCategoriaPD_AD;21330;0;0;1767;0;0;21330;0,0
SNIG;DatosAnimalesDetallados;2024;2;;AnimalesPorCategoriaPD_PF;21330;0;0;1781;0;0;21330;0,0
SNIG;DatosAnimalesDetallados;2024;2;;Anio;21330;0;0;0;0;0;21330;0,0
SNIG;DatosAnimalesDetallados;2024;2;;AreaEnumeracion;21330;0;0;811;0;0;21330;0,0
SNIG;DatosAnimalesDetallados;2024;2;;AreaSupervision;21330;0;0;811;0;0;21330;0,0
SNIG;DatosAnimalesDetallados;2024;2;;CategoriaCodigo;21330;0;0;0;0;0;21330;0,0
SNIG;DatosAnimalesDetallados;2024;2;;DepartamentoCodigo;21330;0;0;0;0;0;21330;0,0
SNIG;DatosAnimalesDetallados;2024;2;;EspecializacionMGAPCodigo;21330;0;0;0;0;0;21330;0,0
SNIG;DatosAnimalesDetallados;2024;2;;EspecieCodigo;21330;0;0;0;0;0;21330;0,0
SNIG;DatosAnimalesDetallados;2024;2;;EstratoCodigo;21330;0;0;0;0;0;21330;0,0
SNIG;DatosAnimalesDetallados;2024;2;;GiroCodigo;21330;0;0;0;28;0;21330;0,0
SNIG;DatosAnimalesDetallados;2024;2;;ID;21330;0;0;0;0;0;21330;0,0
SNIG;DatosAnimalesDetallados;2024;2;;NaturalezaJuridicaCodigo;21330;0;0;5;0;0;21330;0,0
SNIG;DatosAnimalesDetallados;2024;2;;SeccionalPolicialCodigo;21330;0;0;0;0;0;21330;0,0
SNIG;DatosAnimalesDetallados;2024;2;;TipoProduccionMGAPCodigo;21330;0;0;0;0;0;21330;0,0
SNIG;DatosAnimalesDetallados;2024;4;;ActividadCodigo;15146;0;0;0;15146;0;15146;0,0
SNIG;DatosAnimalesDetallados;2024;4;;AnimalesPorCategoriaPD_AD;15146;0;0;1149;0;0;15146;0,0
SNIG;DatosAnimalesDetallados;2024;4;;AnimalesPorCategoriaPD_PF;15146;0;0;1241;0;0;15146;0,0
SNIG;DatosAnimalesDetallados;2024;4;;Anio;15146;0;0;0;0;0;15146;0,0
SNIG;DatosAnimalesDetallados;2024;4;;AreaEnumeracion;15146;0;0;549;0;0;15146;0,0
SNIG;DatosAnimalesDetallados;2024;4;;AreaSupervision;15146;0;0;549;0;0;15146;0,0
SNIG;DatosAnimalesDetallados;2024;4;;CategoriaCodigo;15146;0;0;0;0;0;15146;0,0
SNIG;DatosAnimalesDetallados;2024;4;;DepartamentoCodigo;15146;0;0;0;0;0;15146;0,0
SNIG;DatosAnimalesDetallados;2024;4;;EspecializacionMGAPCodigo;15146;0;0;0;0;0;15146;0,0
SNIG;DatosAnimalesDetallados;2024;4;;EspecieCodigo;15146;0;0;0;0;0;15146;0,0
SNIG;DatosAnimalesDetallados;2024;4;;EstratoCodigo;15146;0;0;0;0;0;15146;0,0
SNIG;DatosAnimalesDetallados;2024;4;;GiroCodigo;15146;0;0;0;7;0;15146;0,0
SNIG;DatosAnimalesDetallados;2024;4;;ID;15146;0;0;0;0;0;15146;0,0
SNIG;DatosAnimalesDetallados;2024;4;;NaturalezaJuridicaCodigo;15146;0;0;17;0;0;15146;0,0
SNIG;DatosAnimalesDetallados;2024;4;;SeccionalPolicialCodigo;15146;0;0;0;0;0;15146;0,0
SNIG;DatosAnimalesDetallados;2024;4;;TipoProduccionMGAPCodigo;15146;0;0;0;0;0;15146;0,0
SNIG;DatosAnimalesDetallados;2025;15;;ActividadCodigo;16611;0;0;0;16611;0;16611;0,0
SNIG;DatosAnimalesDetallados;2025;15;;AnimalesPorCategoriaPD_AD;16611;0;0;2328;0;0;16611;0,0
SNIG;DatosAnimalesDetallados;2025;15;;AnimalesPorCategoriaPD_PF;16611;0;0;3177;0;0;16611;0,0
SNIG;DatosAnimalesDetallados;2025;15;;Anio;16611;0;0;0;0;0;16611;0,0
SNIG;DatosAnimalesDetallados;2025;15;;AreaEnumeracion;16611;0;0;942;0;0;16611;0,0
SNIG;DatosAnimalesDetallados;2025;15;;AreaSupervision;16611;0;0;942;0;0;16611;0,0
SNIG;DatosAnimalesDetallados;2025;15;;CategoriaCodigo;16611;0;0;0;0;0;16611;0,0
SNIG;DatosAnimalesDetallados;2025;15;;DepartamentoCodigo;16611;0;0;0;0;0;16611;0,0
SNIG;DatosAnimalesDetallados;2025;15;;EspecializacionMGAPCodigo;16611;0;0;0;0;0;16611;0,0
SNIG;DatosAnimalesDetallados;2025;15;;EspecieCodigo;16611;0;0;0;0;0;16611;0,0
SNIG;DatosAnimalesDetallados;2025;15;;EstratoCodigo;16611;0;0;0;0;0;16611;0,0
SNIG;DatosAnimalesDetallados;2025;15;;GiroCodigo;16611;0;0;0;348;0;16611;0,0
SNIG;DatosAnimalesDetallados;2025;15;;ID;16611;0;0;0;0;0;16611;0,0
SNIG;DatosAnimalesDetallados;2025;15;;NaturalezaJuridicaCodigo;16611;0;0;34;0;0;16611;0,0
SNIG;DatosAnimalesDetallados;2025;15;;SeccionalPolicialCodigo;16611;0;0;0;0;0;16611;0,0
SNIG;DatosAnimalesDetallados;2025;15;;TipoProduccionMGAPCodigo;16611;0;0;0;0;0;16611;0,0
SNIG;DatosAnimalesDetallados;2025;18;;ActividadCodigo;21089;0;0;0;21089;0;21089;0,0
SNIG;DatosAnimalesDetallados;2025;18;;AnimalesPorCategoriaPD_AD;21089;0;0;2929;0;0;21089;0,0
SNIG;DatosAnimalesDetallados;2025;18;;AnimalesPorCategoriaPD_PF;21089;0;0;4772;0;0;21089;0,0
SNIG;DatosAnimalesDetallados;2025;18;;Anio;21089;0;0;0;0;0;21089;0,0
SNIG;DatosAnimalesDetallados;2025;18;;AreaEnumeracion;21089;0;0;1300;0;0;21089;0,0
SNIG;DatosAnimalesDetallados;2025;18;;AreaSupervision;21089;0;0;1300;0;0;21089;0,0
SNIG;DatosAnimalesDetallados;2025;18;;CategoriaCodigo;21089;0;0;0;0;0;21089;0,0
SNIG;DatosAnimalesDetallados;2025;18;;DepartamentoCodigo;21089;0;0;0;0;0;21089;0,0
SNIG;DatosAnimalesDetallados;2025;18;;EspecializacionMGAPCodigo;21089;0;0;0;0;0;21089;0,0
SNIG;DatosAnimalesDetallados;2025;18;;EspecieCodigo;21089;0;0;0;0;0;21089;0,0
SNIG;DatosAnimalesDetallados;2025;18;;EstratoCodigo;21089;0;0;0;0;0;21089;0,0
SNIG;DatosAnimalesDetallados;2025;18;;GiroCodigo;21089;0;0;0;451;0;21089;0,0
SNIG;DatosAnimalesDetallados;2025;18;;ID;21089;0;0;0;0;0;21089;0,0
SNIG;DatosAnimalesDetallados;2025;18;;NaturalezaJuridicaCodigo;21089;0;0;36;0;0;21089;0,0
SNIG;DatosAnimalesDetallados;2025;18;;SeccionalPolicialCodigo;21089;0;0;0;0;0;21089;0,0
SNIG;DatosAnimalesDetallados;2025;18;;TipoProduccionMGAPCodigo;21089;0;0;0;0;0;21089;0,0
SNIG;DatosAnimalesDetallados;2025;19;;ActividadCodigo;12302;0;0;0;12302;0;12302;0,0
SNIG;DatosAnimalesDetallados;2025;19;;AnimalesPorCategoriaPD_AD;12302;0;0;1876;0;0;12302;0,0
SNIG;DatosAnimalesDetallados;2025;19;;AnimalesPorCategoriaPD_PF;12302;0;0;3136;0;0;12302;0,0
SNIG;DatosAnimalesDetallados;2025;19;;Anio;12302;0;0;0;0;0;12302;0,0
SNIG;DatosAnimalesDetallados;2025;19;;AreaEnumeracion;12302;0;0;612;0;0;12302;0,0
SNIG;DatosAnimalesDetallados;2025;19;;AreaSupervision;12302;0;0;612;0;0;12302;0,0
SNIG;DatosAnimalesDetallados;2025;19;;CategoriaCodigo;12302;0;0;0;0;0;12302;0,0
SNIG;DatosAnimalesDetallados;2025;19;;DepartamentoCodigo;12302;0;0;0;0;0;12302;0,0
SNIG;DatosAnimalesDetallados;2025;19;;EspecializacionMGAPCodigo;12302;0;0;0;0;0;12302;0,0
SNIG;DatosAnimalesDetallados;2025;19;;EspecieCodigo;12302;0;0;0;0;0;12302;0,0
SNIG;DatosAnimalesDetallados;2025;19;;EstratoCodigo;12302;0;0;0;0;0;12302;0,0
SNIG;DatosAnimalesDetallados;2025;19;;GiroCodigo;12302;0;0;0;19;0;12302;0,0
SNIG;DatosAnimalesDetallados;2025;19;;ID;12302;0;0;0;0;0;12302;0,0
SNIG;DatosAnimalesDetallados;2025;19;;NaturalezaJuridicaCodigo;12302;0;0;9;0;0;12302;0,0
SNIG;DatosAnimalesDetallados;2025;19;;SeccionalPolicialCodigo;12302;0;0;0;0;0;12302;0,0
SNIG;DatosAnimalesDetallados;2025;19;;TipoProduccionMGAPCodigo;12302;0;0;0;0;0;12302;0,0
SNIG;DatosAnimalesDetallados;2025;2;;ActividadCodigo;20202;0;0;0;20202;0;20202;0,0
SNIG;DatosAnimalesDetallados;2025;2;;AnimalesPorCategoriaPD_AD;20202;0;0;1701;0;0;20202;0,0
SNIG;DatosAnimalesDetallados;2025;2;;AnimalesPorCategoriaPD_PF;20202;0;0;1935;0;0;20202;0,0
SNIG;DatosAnimalesDetallados;2025;2;;Anio;20202;0;0;0;0;0;20202;0,0
SNIG;DatosAnimalesDetallados;2025;2;;AreaEnumeracion;20202;0;0;811;0;0;20202;0,0
SNIG;DatosAnimalesDetallados;2025;2;;AreaSupervision;20202;0;0;811;0;0;20202;0,0
SNIG;DatosAnimalesDetallados;2025;2;;CategoriaCodigo;20202;0;0;0;0;0;20202;0,0
SNIG;DatosAnimalesDetallados;2025;2;;DepartamentoCodigo;20202;0;0;0;0;0;20202;0,0
SNIG;DatosAnimalesDetallados;2025;2;;EspecializacionMGAPCodigo;20202;0;0;0;0;0;20202;0,0
SNIG;DatosAnimalesDetallados;2025;2;;EspecieCodigo;20202;0;0;0;0;0;20202;0,0
SNIG;DatosAnimalesDetallados;2025;2;;EstratoCodigo;20202;0;0;0;0;0;20202;0,0
SNIG;DatosAnimalesDetallados;2025;2;;GiroCodigo;20202;0;0;0;55;0;20202;0,0
SNIG;DatosAnimalesDetallados;2025;2;;ID;20202;0;0;0;0;0;20202;0,0
SNIG;DatosAnimalesDetallados;2025;2;;NaturalezaJuridicaCodigo;20202;0;0;4;0;0;20202;0,0
SNIG;DatosAnimalesDetallados;2025;2;;SeccionalPolicialCodigo;20202;0;0;0;0;0;20202;0,0
SNIG;DatosAnimalesDetallados;2025;2;;TipoProduccionMGAPCodigo;20202;0;0;0;0;0;20202;0,0
SNIG;DatosAnimalesDetallados;2025;4;;ActividadCodigo;14474;0;0;0;14474;0;14474;0,0
SNIG;DatosAnimalesDetallados;2025;4;;AnimalesPorCategoriaPD_AD;14474;0;0;1067;0;0;14474;0,0
SNIG;DatosAnimalesDetallados;2025;4;;AnimalesPorCategoriaPD_PF;14474;0;0;1323;0;0;14474;0,0
SNIG;DatosAnimalesDetallados;2025;4;;Anio;14474;0;0;0;0;0;14474;0,0
SNIG;DatosAnimalesDetallados;2025;4;;AreaEnumeracion;14474;0;0;527;0;0;14474;0,0
SNIG;DatosAnimalesDetallados;2025;4;;AreaSupervision;14474;0;0;527;0;0;14474;0,0
SNIG;DatosAnimalesDetallados;2025;4;;CategoriaCodigo;14474;0;0;0;0;0;14474;0,0
SNIG;DatosAnimalesDetallados;2025;4;;DepartamentoCodigo;14474;0;0;0;0;0;14474;0,0
SNIG;DatosAnimalesDetallados;2025;4;;EspecializacionMGAPCodigo;14474;0;0;0;0;0;14474;0,0
SNIG;DatosAnimalesDetallados;2025;4;;EspecieCodigo;14474;0;0;0;0;0;14474;0,0
SNIG;DatosAnimalesDetallados;2025;4;;EstratoCodigo;14474;0;0;0;0;0;14474;0,0
SNIG;DatosAnimalesDetallados;2025;4;;GiroCodigo;14474;0;0;0;30;0;14474;0,0
SNIG;DatosAnimalesDetallados;2025;4;;ID;14474;0;0;0;0;0;14474;0,0
SNIG;DatosAnimalesDetallados;2025;4;;NaturalezaJuridicaCodigo;14474;0;0;13;0;0;14474;0,0
SNIG;DatosAnimalesDetallados;2025;4;;SeccionalPolicialCodigo;14474;0;0;0;0;0;14474;0,0
SNIG;DatosAnimalesDetallados;2025;4;;TipoProduccionMGAPCodigo;14474;0;0;0;0;0;14474;0,0
SNIG;DatosGenerales;2016;15;;ActividadCodigo;1516;0;0;3;1464;0;1516;0,0
SNIG;DatosGenerales;2016;15;;Anio;1516;0;0;0;0;0;1516;0,0
SNIG;DatosGenerales;2016;15;;AreaEnumeracion;1516;0;0;389;0;0;1516;0,0
SNIG;DatosGenerales;2016;15;;AreaSupervision;1516;0;0;389;0;0;1516;0,0
SNIG;DatosGenerales;2016;15;;CantidadTenedores;1516;0;0;0;0;0;1516;0,0
SNIG;DatosGenerales;2016;15;;DepartamentoCodigo;1516;0;0;0;0;0;1516;0,0
SNIG;DatosGenerales;2016;15;;EspecializacionMGAPCodigo;1516;1516;0;0;0;1516;0;100,0
SNIG;DatosGenerales;2016;15;;EstratoCodigo;1516;0;0;0;0;0;1516;0,0
SNIG;DatosGenerales;2016;15;;GiroCodigo;1516;0;0;0;136;0;1516;0,0
SNIG;DatosGenerales;2016;15;;ID;1516;0;0;0;0;0;1516;0,0
SNIG;DatosGenerales;2016;15;;NaturalezaJuridicaCodigo;1516;0;0;20;0;0;1516;0,0
SNIG;DatosGenerales;2016;15;;SeccionalPolicialCodigo;1516;0;0;38;0;0;1516;0,0
SNIG;DatosGenerales;2016;15;;Superficie;1516;0;0;265;0;0;1516;0,0
SNIG;DatosGenerales;2016;15;;SuperficieGanadera;1516;0;0;268;0;0;1516;0,0
SNIG;DatosGenerales;2016;15;;TipoProduccionMGAPCodigo;1516;1516;0;0;0;1516;0;100,0
SNIG;DatosGenerales;2016;15;;UnidadesGanaderas;1516;0;0;367;0;0;1516;0,0
SNIG;DatosGenerales;2016;18;;ActividadCodigo;1874;0;0;2;1822;0;1874;0,0
SNIG;DatosGenerales;2016;18;;Anio;1874;0;0;0;0;0;1874;0,0
SNIG;DatosGenerales;2016;18;;AreaEnumeracion;1874;0;0;380;0;0;1874;0,0
SNIG;DatosGenerales;2016;18;;AreaSupervision;1874;0;0;380;0;0;1874;0,0
SNIG;DatosGenerales;2016;18;;CantidadTenedores;1874;0;0;0;0;0;1874;0,0
SNIG;DatosGenerales;2016;18;;DepartamentoCodigo;1874;0;0;0;0;0;1874;0,0
SNIG;DatosGenerales;2016;18;;EspecializacionMGAPCodigo;1874;1874;0;0;0;1874;0;100,0
SNIG;DatosGenerales;2016;18;;EstratoCodigo;1874;0;0;0;0;0;1874;0,0
SNIG;DatosGenerales;2016;18;;GiroCodigo;1874;0;0;0;151;0;1874;0,0
SNIG;DatosGenerales;2016;18;;ID;1874;0;0;0;0;0;1874;0,0
SNIG;DatosGenerales;2016;18;;NaturalezaJuridicaCodigo;1874;0;0;22;0;0;1874;0,0
SNIG;DatosGenerales;2016;18;;SeccionalPolicialCodigo;1874;0;0;34;0;0;1874;0,0
SNIG;DatosGenerales;2016;18;;Superficie;1874;0;0;263;0;0;1874;0,0
SNIG;DatosGenerales;2016;18;;SuperficieGanadera;1874;0;0;263;0;0;1874;0,0
SNIG;DatosGenerales;2016;18;;TipoProduccionMGAPCodigo;1874;1874;0;0;0;1874;0;100,0
SNIG;DatosGenerales;2016;18;;UnidadesGanaderas;1874;0;0;389;0;0;1874;0,0
SNIG;DatosGenerales;2016;19;;ActividadCodigo;1321;0;0;2;1274;0;1321;0,0
SNIG;DatosGenerales;2016;19;;Anio;1321;0;0;0;0;0;1321;0,0
SNIG;DatosGenerales;2016;19;;AreaEnumeracion;1321;0;0;244;0;0;1321;0,0
SNIG;DatosGenerales;2016;19;;AreaSupervision;1321;0;0;244;0;0;1321;0,0
SNIG;DatosGenerales;2016;19;;CantidadTenedores;1321;0;0;0;0;0;1321;0,0
SNIG;DatosGenerales;2016;19;;DepartamentoCodigo;1321;0;0;0;0;0;1321;0,0
SNIG;DatosGenerales;2016;19;;EspecializacionMGAPCodigo;1321;1321;0;0;0;1321;0;100,0
SNIG;DatosGenerales;2016;19;;EstratoCodigo;1321;0;0;0;0;0;1321;0,0
SNIG;DatosGenerales;2016;19;;GiroCodigo;1321;0;0;0;111;0;1321;0,0
SNIG;DatosGenerales;2016;19;;ID;1321;0;0;0;0;0;1321;0,0
SNIG;DatosGenerales;2016;19;;NaturalezaJuridicaCodigo;1321;0;0;20;0;0;1321;0,0
SNIG;DatosGenerales;2016;19;;SeccionalPolicialCodigo;1321;0;0;26;0;0;1321;0,0
SNIG;DatosGenerales;2016;19;;Superficie;1321;0;0;189;0;0;1321;0,0
SNIG;DatosGenerales;2016;19;;SuperficieGanadera;1321;0;0;192;0;0;1321;0,0
SNIG;DatosGenerales;2016;19;;TipoProduccionMGAPCodigo;1321;1321;0;0;0;1321;0;100,0
SNIG;DatosGenerales;2016;19;;UnidadesGanaderas;1321;0;0;306;0;0;1321;0,0
SNIG;DatosGenerales;2016;2;;ActividadCodigo;2930;0;0;8;2882;0;2930;0,0
SNIG;DatosGenerales;2016;2;;Anio;2930;0;0;0;0;0;2930;0,0
SNIG;DatosGenerales;2016;2;;AreaEnumeracion;2930;0;0;375;0;0;2930;0,0
SNIG;DatosGenerales;2016;2;;AreaSupervision;2930;0;0;375;0;0;2930;0,0
SNIG;DatosGenerales;2016;2;;CantidadTenedores;2930;0;0;0;0;0;2930;0,0
SNIG;DatosGenerales;2016;2;;DepartamentoCodigo;2930;0;0;0;0;0;2930;0,0
SNIG;DatosGenerales;2016;2;;EspecializacionMGAPCodigo;2930;2930;0;0;0;2930;0;100,0
SNIG;DatosGenerales;2016;2;;EstratoCodigo;2930;0;0;0;0;0;2930;0,0
SNIG;DatosGenerales;2016;2;;GiroCodigo;2930;0;0;0;278;0;2930;0,0
SNIG;DatosGenerales;2016;2;;ID;2930;0;0;0;0;0;2930;0,0
SNIG;DatosGenerales;2016;2;;NaturalezaJuridicaCodigo;2930;0;0;21;0;0;2930;0,0
SNIG;DatosGenerales;2016;2;;SeccionalPolicialCodigo;2930;0;0;33;0;0;2930;0,0
SNIG;DatosGenerales;2016;2;;Superficie;2930;0;0;241;0;0;2930;0,0
SNIG;DatosGenerales;2016;2;;SuperficieGanadera;2930;0;0;254;0;0;2930;0,0
SNIG;DatosGenerales;2016;2;;TipoProduccionMGAPCodigo;2930;2930;0;0;0;2930;0;100,0
SNIG;DatosGenerales;2016;2;;UnidadesGanaderas;2930;0;0;612;0;0;2930;0,0
SNIG;DatosGenerales;2016;4;;ActividadCodigo;2000;0;0;2;1942;0;2000;0,0
SNIG;DatosGenerales;2016;4;;Anio;2000;0;0;0;0;0;2000;0,0
SNIG;DatosGenerales;2016;4;;AreaEnumeracion;2000;0;0;275;0;0;2000;0,0
SNIG;DatosGenerales;2016;4;;AreaSupervision;2000;0;0;275;0;0;2000;0,0
SNIG;DatosGenerales;2016;4;;CantidadTenedores;2000;0;0;0;0;0;2000;0,0
SNIG;DatosGenerales;2016;4;;DepartamentoCodigo;2000;0;0;0;0;0;2000;0,0
SNIG;DatosGenerales;2016;4;;EspecializacionMGAPCodigo;2000;2000;0;0;0;2000;0;100,0
SNIG;DatosGenerales;2016;4;;EstratoCodigo;2000;0;0;0;0;0;2000;0,0
SNIG;DatosGenerales;2016;4;;GiroCodigo;2000;0;0;0;148;0;2000;0,0
SNIG;DatosGenerales;2016;4;;ID;2000;0;0;0;0;0;2000;0,0
SNIG;DatosGenerales;2016;4;;NaturalezaJuridicaCodigo;2000;0;0;16;0;0;2000;0,0
SNIG;DatosGenerales;2016;4;;SeccionalPolicialCodigo;2000;0;0;44;0;0;2000;0,0
SNIG;DatosGenerales;2016;4;;Superficie;2000;0;0;207;0;0;2000;0,0
SNIG;DatosGenerales;2016;4;;SuperficieGanadera;2000;0;0;226;0;0;2000;0,0
SNIG;DatosGenerales;2016;4;;TipoProduccionMGAPCodigo;2000;2000;0;0;0;2000;0;100,0
SNIG;DatosGenerales;2016;4;;UnidadesGanaderas;2000;0;0;500;0;0;2000;0,0
SNIG;DatosGenerales;2017;15;;ActividadCodigo;1464;0;0;3;1416;0;1464;0,0
SNIG;DatosGenerales;2017;15;;Anio;1464;0;0;0;0;0;1464;0,0
SNIG;DatosGenerales;2017;15;;AreaEnumeracion;1464;0;0;352;0;0;1464;0,0
SNIG;DatosGenerales;2017;15;;AreaSupervision;1464;0;0;352;0;0;1464;0,0
SNIG;DatosGenerales;2017;15;;CantidadTenedores;1464;0;0;0;0;0;1464;0,0
SNIG;DatosGenerales;2017;15;;DepartamentoCodigo;1464;0;0;0;0;0;1464;0,0
SNIG;DatosGenerales;2017;15;;EspecializacionMGAPCodigo;1464;1464;0;0;0;1464;0;100,0
SNIG;DatosGenerales;2017;15;;EstratoCodigo;1464;0;0;0;0;0;1464;0,0
SNIG;DatosGenerales;2017;15;;GiroCodigo;1464;0;0;0;120;0;1464;0,0
SNIG;DatosGenerales;2017;15;;ID;1464;0;0;0;0;0;1464;0,0
SNIG;DatosGenerales;2017;15;;NaturalezaJuridicaCodigo;1464;0;0;21;0;0;1464;0,0
SNIG;DatosGenerales;2017;15;;SeccionalPolicialCodigo;1464;0;0;35;0;0;1464;0,0
SNIG;DatosGenerales;2017;15;;Superficie;1464;0;0;243;0;0;1464;0,0
SNIG;DatosGenerales;2017;15;;SuperficieGanadera;1464;0;0;247;0;0;1464;0,0
SNIG;DatosGenerales;2017;15;;TipoProduccionMGAPCodigo;1464;1464;0;0;0;1464;0;100,0
SNIG;DatosGenerales;2017;15;;UnidadesGanaderas;1464;0;0;342;0;0;1464;0,0
SNIG;DatosGenerales;2017;18;;ActividadCodigo;1889;0;0;2;1837;0;1889;0,0
SNIG;DatosGenerales;2017;18;;Anio;1889;0;0;0;0;0;1889;0,0
SNIG;DatosGenerales;2017;18;;AreaEnumeracion;1889;0;0;367;0;0;1889;0,0
SNIG;DatosGenerales;2017;18;;AreaSupervision;1889;0;0;367;0;0;1889;0,0
SNIG;DatosGenerales;2017;18;;CantidadTenedores;1889;0;0;0;0;0;1889;0,0
SNIG;DatosGenerales;2017;18;;DepartamentoCodigo;1889;0;0;0;0;0;1889;0,0
SNIG;DatosGenerales;2017;18;;EspecializacionMGAPCodigo;1889;1889;0;0;0;1889;0;100,0
SNIG;DatosGenerales;2017;18;;EstratoCodigo;1889;0;0;0;0;0;1889;0,0
SNIG;DatosGenerales;2017;18;;GiroCodigo;1889;0;0;0;163;0;1889;0,0
SNIG;DatosGenerales;2017;18;;ID;1889;0;0;0;0;0;1889;0,0
SNIG;DatosGenerales;2017;18;;NaturalezaJuridicaCodigo;1889;0;0;22;0;0;1889;0,0
SNIG;DatosGenerales;2017;18;;SeccionalPolicialCodigo;1889;0;0;35;0;0;1889;0,0
SNIG;DatosGenerales;2017;18;;Superficie;1889;0;0;249;0;0;1889;0,0
SNIG;DatosGenerales;2017;18;;SuperficieGanadera;1889;0;0;250;0;0;1889;0,0
SNIG;DatosGenerales;2017;18;;TipoProduccionMGAPCodigo;1889;1889;0;0;0;1889;0;100,0
SNIG;DatosGenerales;2017;18;;UnidadesGanaderas;1889;0;0;373;0;0;1889;0,0
SNIG;DatosGenerales;2017;19;;ActividadCodigo;1271;0;0;1;1227;0;1271;0,0
SNIG;DatosGenerales;2017;19;;Anio;1271;0;0;0;0;0;1271;0,0
SNIG;DatosGenerales;2017;19;;AreaEnumeracion;1271;0;0;239;0;0;1271;0,0
SNIG;DatosGenerales;2017;19;;AreaSupervision;1271;0;0;239;0;0;1271;0,0
SNIG;DatosGenerales;2017;19;;CantidadTenedores;1271;0;0;0;0;0;1271;0,0
SNIG;DatosGenerales;2017;19;;DepartamentoCodigo;1271;0;0;0;0;0;1271;0,0
SNIG;DatosGenerales;2017;19;;EspecializacionMGAPCodigo;1271;1271;0;0;0;1271;0;100,0
SNIG;DatosGenerales;2017;19;;EstratoCodigo;1271;0;0;0;0;0;1271;0,0
SNIG;DatosGenerales;2017;19;;GiroCodigo;1271;0;0;0;94;0;1271;0,0
SNIG;DatosGenerales;2017;19;;ID;1271;0;0;0;0;0;1271;0,0
SNIG;DatosGenerales;2017;19;;NaturalezaJuridicaCodigo;1271;0;0;20;0;0;1271;0,0
SNIG;DatosGenerales;2017;19;;SeccionalPolicialCodigo;1271;0;0;26;0;0;1271;0,0
SNIG;DatosGenerales;2017;19;;Superficie;1271;0;0;185;0;0;1271;0,0
SNIG;DatosGenerales;2017;19;;SuperficieGanadera;1271;0;0;189;0;0;1271;0,0
SNIG;DatosGenerales;2017;19;;TipoProduccionMGAPCodigo;1271;1271;0;0;0;1271;0;100,0
SNIG;DatosGenerales;2017;19;;UnidadesGanaderas;1271;0;0;299;0;0;1271;0,0
SNIG;DatosGenerales;2017;2;;ActividadCodigo;2802;0;0;8;2757;0;2802;0,0
SNIG;DatosGenerales;2017;2;;Anio;2802;0;0;0;0;0;2802;0,0
SNIG;DatosGenerales;2017;2;;AreaEnumeracion;2802;0;0;343;0;0;2802;0,0
SNIG;DatosGenerales;2017;2;;AreaSupervision;2802;0;0;343;0;0;2802;0,0
SNIG;DatosGenerales;2017;2;;CantidadTenedores;2802;0;0;0;0;0;2802;0,0
SNIG;DatosGenerales;2017;2;;DepartamentoCodigo;2802;0;0;0;0;0;2802;0,0
SNIG;DatosGenerales;2017;2;;EspecializacionMGAPCodigo;2802;2802;0;0;0;2802;0;100,0
SNIG;DatosGenerales;2017;2;;EstratoCodigo;2802;0;0;0;0;0;2802;0,0
SNIG;DatosGenerales;2017;2;;GiroCodigo;2802;0;0;0;182;0;2802;0,0
SNIG;DatosGenerales;2017;2;;ID;2802;0;0;0;0;0;2802;0,0
SNIG;DatosGenerales;2017;2;;NaturalezaJuridicaCodigo;2802;0;0;21;0;0;2802;0,0
SNIG;DatosGenerales;2017;2;;SeccionalPolicialCodigo;2802;0;0;31;0;0;2802;0,0
SNIG;DatosGenerales;2017;2;;Superficie;2802;0;0;224;0;0;2802;0,0
SNIG;DatosGenerales;2017;2;;SuperficieGanadera;2802;0;0;236;0;0;2802;0,0
SNIG;DatosGenerales;2017;2;;TipoProduccionMGAPCodigo;2802;2802;0;0;0;2802;0;100,0
SNIG;DatosGenerales;2017;2;;UnidadesGanaderas;2802;0;0;610;0;0;2802;0,0
SNIG;DatosGenerales;2017;4;;ActividadCodigo;1969;0;0;2;1914;0;1969;0,0
SNIG;DatosGenerales;2017;4;;Anio;1969;0;0;0;0;0;1969;0,0
SNIG;DatosGenerales;2017;4;;AreaEnumeracion;1969;0;0;272;0;0;1969;0,0
SNIG;DatosGenerales;2017;4;;AreaSupervision;1969;0;0;272;0;0;1969;0,0
SNIG;DatosGenerales;2017;4;;CantidadTenedores;1969;0;0;0;0;0;1969;0,0
SNIG;DatosGenerales;2017;4;;DepartamentoCodigo;1969;0;0;0;0;0;1969;0,0
SNIG;DatosGenerales;2017;4;;EspecializacionMGAPCodigo;1969;1969;0;0;0;1969;0;100,0
SNIG;DatosGenerales;2017;4;;EstratoCodigo;1969;0;0;0;0;0;1969;0,0
SNIG;DatosGenerales;2017;4;;GiroCodigo;1969;0;0;0;151;0;1969;0,0
SNIG;DatosGenerales;2017;4;;ID;1969;0;0;0;0;0;1969;0,0
SNIG;DatosGenerales;2017;4;;NaturalezaJuridicaCodigo;1969;0;0;15;0;0;1969;0,0
SNIG;DatosGenerales;2017;4;;SeccionalPolicialCodigo;1969;0;0;43;0;0;1969;0,0
SNIG;DatosGenerales;2017;4;;Superficie;1969;0;0;204;0;0;1969;0,0
SNIG;DatosGenerales;2017;4;;SuperficieGanadera;1969;0;0;229;0;0;1969;0,0
SNIG;DatosGenerales;2017;4;;TipoProduccionMGAPCodigo;1969;1969;0;0;0;1969;0;100,0
SNIG;DatosGenerales;2017;4;;UnidadesGanaderas;1969;0;0;496;0;0;1969;0,0
SNIG;DatosGenerales;2018;15;;ActividadCodigo;1476;0;0;2;1426;0;1476;0,0
SNIG;DatosGenerales;2018;15;;Anio;1476;0;0;0;0;0;1476;0,0
SNIG;DatosGenerales;2018;15;;AreaEnumeracion;1476;0;0;356;0;0;1476;0,0
SNIG;DatosGenerales;2018;15;;AreaSupervision;1476;0;0;356;0;0;1476;0,0
SNIG;DatosGenerales;2018;15;;CantidadTenedores;1476;0;0;0;0;0;1476;0,0
SNIG;DatosGenerales;2018;15;;DepartamentoCodigo;1476;0;0;0;0;0;1476;0,0
SNIG;DatosGenerales;2018;15;;EspecializacionMGAPCodigo;1476;1476;0;0;0;1476;0;100,0
SNIG;DatosGenerales;2018;15;;EstratoCodigo;1476;0;0;0;0;0;1476;0,0
SNIG;DatosGenerales;2018;15;;GiroCodigo;1476;0;0;0;99;0;1476;0,0
SNIG;DatosGenerales;2018;15;;ID;1476;0;0;0;0;0;1476;0,0
SNIG;DatosGenerales;2018;15;;NaturalezaJuridicaCodigo;1476;0;0;20;0;0;1476;0,0
SNIG;DatosGenerales;2018;15;;SeccionalPolicialCodigo;1476;0;0;35;0;0;1476;0,0
SNIG;DatosGenerales;2018;15;;Superficie;1476;0;0;245;0;0;1476;0,0
SNIG;DatosGenerales;2018;15;;SuperficieGanadera;1476;0;0;249;0;0;1476;0,0
SNIG;DatosGenerales;2018;15;;TipoProduccionMGAPCodigo;1476;1476;0;0;0;1476;0;100,0
SNIG;DatosGenerales;2018;15;;UnidadesGanaderas;1476;0;0;342;0;0;1476;0,0
SNIG;DatosGenerales;2018;18;;ActividadCodigo;1837;0;0;2;1785;0;1837;0,0
SNIG;DatosGenerales;2018;18;;Anio;1837;0;0;0;0;0;1837;0,0
SNIG;DatosGenerales;2018;18;;AreaEnumeracion;1837;0;0;377;0;0;1837;0,0
SNIG;DatosGenerales;2018;18;;AreaSupervision;1837;0;0;377;0;0;1837;0,0
SNIG;DatosGenerales;2018;18;;CantidadTenedores;1837;0;0;0;0;0;1837;0,0
SNIG;DatosGenerales;2018;18;;DepartamentoCodigo;1837;0;0;0;0;0;1837;0,0
SNIG;DatosGenerales;2018;18;;EspecializacionMGAPCodigo;1837;1837;0;0;0;1837;0;100,0
SNIG;DatosGenerales;2018;18;;EstratoCodigo;1837;0;0;0;0;0;1837;0,0
SNIG;DatosGenerales;2018;18;;GiroCodigo;1837;0;0;0;145;0;1837;0,0
SNIG;DatosGenerales;2018;18;;ID;1837;0;0;0;0;0;1837;0,0
SNIG;DatosGenerales;2018;18;;NaturalezaJuridicaCodigo;1837;0;0;19;0;0;1837;0,0
SNIG;DatosGenerales;2018;18;;SeccionalPolicialCodigo;1837;0;0;32;0;0;1837;0,0
SNIG;DatosGenerales;2018;18;;Superficie;1837;0;0;240;0;0;1837;0,0
SNIG;DatosGenerales;2018;18;;SuperficieGanadera;1837;0;0;240;0;0;1837;0,0
SNIG;DatosGenerales;2018;18;;TipoProduccionMGAPCodigo;1837;1837;0;0;0;1837;0;100,0
SNIG;DatosGenerales;2018;18;;UnidadesGanaderas;1837;0;0;369;0;0;1837;0,0
SNIG;DatosGenerales;2018;19;;ActividadCodigo;1224;0;0;1;1184;0;1224;0,0
SNIG;DatosGenerales;2018;19;;Anio;1224;0;0;0;0;0;1224;0,0
SNIG;DatosGenerales;2018;19;;AreaEnumeracion;1224;0;0;228;0;0;1224;0,0
SNIG;DatosGenerales;2018;19;;AreaSupervision;1224;0;0;228;0;0;1224;0,0
SNIG;DatosGenerales;2018;19;;CantidadTenedores;1224;0;0;0;0;0;1224;0,0
SNIG;DatosGenerales;2018;19;;DepartamentoCodigo;1224;0;0;0;0;0;1224;0,0
SNIG;DatosGenerales;2018;19;;EspecializacionMGAPCodigo;1224;1224;0;0;0;1224;0;100,0
SNIG;DatosGenerales;2018;19;;EstratoCodigo;1224;0;0;0;0;0;1224;0,0
SNIG;DatosGenerales;2018;19;;GiroCodigo;1224;0;0;0;59;0;1224;0,0
SNIG;DatosGenerales;2018;19;;ID;1224;0;0;0;0;0;1224;0,0
SNIG;DatosGenerales;2018;19;;NaturalezaJuridicaCodigo;1224;0;0;18;0;0;1224;0,0
SNIG;DatosGenerales;2018;19;;SeccionalPolicialCodigo;1224;0;0;23;0;0;1224;0,0
SNIG;DatosGenerales;2018;19;;Superficie;1224;0;0;167;0;0;1224;0,0
SNIG;DatosGenerales;2018;19;;SuperficieGanadera;1224;0;0;171;0;0;1224;0,0
SNIG;DatosGenerales;2018;19;;TipoProduccionMGAPCodigo;1224;1224;0;0;0;1224;0;100,0
SNIG;DatosGenerales;2018;19;;UnidadesGanaderas;1224;0;0;301;0;0;1224;0,0
SNIG;DatosGenerales;2018;2;;ActividadCodigo;2660;0;0;5;2622;0;2660;0,0
SNIG;DatosGenerales;2018;2;;Anio;2660;0;0;0;0;0;2660;0,0
SNIG;DatosGenerales;2018;2;;AreaEnumeracion;2660;0;0;402;0;0;2660;0,0
SNIG;DatosGenerales;2018;2;;AreaSupervision;2660;0;0;402;0;0;2660;0,0
SNIG;DatosGenerales;2018;2;;CantidadTenedores;2660;0;0;0;0;0;2660;0,0
SNIG;DatosGenerales;2018;2;;DepartamentoCodigo;2660;0;0;0;0;0;2660;0,0
SNIG;DatosGenerales;2018;2;;EspecializacionMGAPCodigo;2660;2660;0;0;0;2660;0;100,0
SNIG;DatosGenerales;2018;2;;EstratoCodigo;2660;0;0;0;0;0;2660;0,0
SNIG;DatosGenerales;2018;2;;GiroCodigo;2660;0;0;0;204;0;2660;0,0
SNIG;DatosGenerales;2018;2;;ID;2660;0;0;0;0;0;2660;0,0
SNIG;DatosGenerales;2018;2;;NaturalezaJuridicaCodigo;2660;0;0;13;0;0;2660;0,0
SNIG;DatosGenerales;2018;2;;SeccionalPolicialCodigo;2660;0;0;24;0;0;2660;0,0
SNIG;DatosGenerales;2018;2;;Superficie;2660;0;0;214;0;0;2660;0,0
SNIG;DatosGenerales;2018;2;;SuperficieGanadera;2660;0;0;226;0;0;2660;0,0
SNIG;DatosGenerales;2018;2;;TipoProduccionMGAPCodigo;2660;2660;0;0;0;2660;0;100,0
SNIG;DatosGenerales;2018;2;;UnidadesGanaderas;2660;0;0;579;0;0;2660;0,0
SNIG;DatosGenerales;2018;4;;ActividadCodigo;1935;0;0;2;1879;0;1935;0,0
SNIG;DatosGenerales;2018;4;;Anio;1935;0;0;0;0;0;1935;0,0
SNIG;DatosGenerales;2018;4;;AreaEnumeracion;1935;0;0;333;0;0;1935;0,0
SNIG;DatosGenerales;2018;4;;AreaSupervision;1935;0;0;333;0;0;1935;0,0
SNIG;DatosGenerales;2018;4;;CantidadTenedores;1935;0;0;0;0;0;1935;0,0
SNIG;DatosGenerales;2018;4;;DepartamentoCodigo;1935;0;0;0;0;0;1935;0,0
SNIG;DatosGenerales;2018;4;;EspecializacionMGAPCodigo;1935;1935;0;0;0;1935;0;100,0
SNIG;DatosGenerales;2018;4;;EstratoCodigo;1935;0;0;0;0;0;1935;0,0
SNIG;DatosGenerales;2018;4;;GiroCodigo;1935;0;0;0;119;0;1935;0,0
SNIG;DatosGenerales;2018;4;;ID;1935;0;0;0;0;0;1935;0,0
SNIG;DatosGenerales;2018;4;;NaturalezaJuridicaCodigo;1935;0;0;8;0;0;1935;0,0
SNIG;DatosGenerales;2018;4;;SeccionalPolicialCodigo;1935;0;0;42;0;0;1935;0,0
SNIG;DatosGenerales;2018;4;;Superficie;1935;0;0;196;0;0;1935;0,0
SNIG;DatosGenerales;2018;4;;SuperficieGanadera;1935;0;0;212;0;0;1935;0,0
SNIG;DatosGenerales;2018;4;;TipoProduccionMGAPCodigo;1935;1935;0;0;0;1935;0;100,0
SNIG;DatosGenerales;2018;4;;UnidadesGanaderas;1935;0;0;499;0;0;1935;0,0
SNIG;DatosGenerales;2019;15;;ActividadCodigo;1414;0;0;3;1363;0;1414;0,0
SNIG;DatosGenerales;2019;15;;Anio;1414;0;0;0;0;0;1414;0,0
SNIG;DatosGenerales;2019;15;;AreaEnumeracion;1414;0;0;318;0;0;1414;0,0
SNIG;DatosGenerales;2019;15;;AreaSupervision;1414;0;0;318;0;0;1414;0,0
SNIG;DatosGenerales;2019;15;;CantidadTenedores;1414;0;0;0;0;0;1414;0,0
SNIG;DatosGenerales;2019;15;;DepartamentoCodigo;1414;0;0;0;0;0;1414;0,0
SNIG;DatosGenerales;2019;15;;EspecializacionMGAPCodigo;1414;1414;0;0;0;1414;0;100,0
SNIG;DatosGenerales;2019;15;;EstratoCodigo;1414;0;0;0;0;0;1414;0,0
SNIG;DatosGenerales;2019;15;;GiroCodigo;1414;0;0;0;69;0;1414;0,0
SNIG;DatosGenerales;2019;15;;ID;1414;0;0;0;0;0;1414;0,0
SNIG;DatosGenerales;2019;15;;NaturalezaJuridicaCodigo;1414;0;0;7;0;0;1414;0,0
SNIG;DatosGenerales;2019;15;;SeccionalPolicialCodigo;1414;0;0;33;0;0;1414;0,0
SNIG;DatosGenerales;2019;15;;Superficie;1414;0;0;213;0;0;1414;0,0
SNIG;DatosGenerales;2019;15;;SuperficieGanadera;1414;0;0;213;0;0;1414;0,0
SNIG;DatosGenerales;2019;15;;TipoProduccionMGAPCodigo;1414;1414;0;0;0;1414;0;100,0
SNIG;DatosGenerales;2019;15;;UnidadesGanaderas;1414;0;0;326;0;0;1414;0,0
SNIG;DatosGenerales;2019;18;;ActividadCodigo;1823;0;0;2;1775;0;1823;0,0
SNIG;DatosGenerales;2019;18;;Anio;1823;0;0;0;0;0;1823;0,0
SNIG;DatosGenerales;2019;18;;AreaEnumeracion;1823;0;0;358;0;0;1823;0,0
SNIG;DatosGenerales;2019;18;;AreaSupervision;1823;0;0;358;0;0;1823;0,0
SNIG;DatosGenerales;2019;18;;CantidadTenedores;1823;0;0;0;0;0;1823;0,0
SNIG;DatosGenerales;2019;18;;DepartamentoCodigo;1823;0;0;0;0;0;1823;0,0
SNIG;DatosGenerales;2019;18;;EspecializacionMGAPCodigo;1823;1823;0;0;0;1823;0;100,0
SNIG;DatosGenerales;2019;18;;EstratoCodigo;1823;0;0;0;0;0;1823;0,0
SNIG;DatosGenerales;2019;18;;GiroCodigo;1823;0;0;0;134;0;1823;0,0
SNIG;DatosGenerales;2019;18;;ID;1823;0;0;0;0;0;1823;0,0
SNIG;DatosGenerales;2019;18;;NaturalezaJuridicaCodigo;1823;0;0;6;0;0;1823;0,0
SNIG;DatosGenerales;2019;18;;SeccionalPolicialCodigo;1823;0;0;30;0;0;1823;0,0
SNIG;DatosGenerales;2019;18;;Superficie;1823;0;0;223;0;0;1823;0,0
SNIG;DatosGenerales;2019;18;;SuperficieGanadera;1823;0;0;223;0;0;1823;0,0
SNIG;DatosGenerales;2019;18;;TipoProduccionMGAPCodigo;1823;1823;0;0;0;1823;0;100,0
SNIG;DatosGenerales;2019;18;;UnidadesGanaderas;1823;0;0;378;0;0;1823;0,0
SNIG;DatosGenerales;2019;19;;ActividadCodigo;1203;0;0;1;1166;0;1203;0,0
SNIG;DatosGenerales;2019;19;;Anio;1203;0;0;0;0;0;1203;0,0
SNIG;DatosGenerales;2019;19;;AreaEnumeracion;1203;0;0;227;0;0;1203;0,0
SNIG;DatosGenerales;2019;19;;AreaSupervision;1203;0;0;227;0;0;1203;0,0
SNIG;DatosGenerales;2019;19;;CantidadTenedores;1203;0;0;0;0;0;1203;0,0
SNIG;DatosGenerales;2019;19;;DepartamentoCodigo;1203;0;0;0;0;0;1203;0,0
SNIG;DatosGenerales;2019;19;;EspecializacionMGAPCodigo;1203;1203;0;0;0;1203;0;100,0
SNIG;DatosGenerales;2019;19;;EstratoCodigo;1203;0;0;0;0;0;1203;0,0
SNIG;DatosGenerales;2019;19;;GiroCodigo;1203;0;0;0;41;0;1203;0,0
SNIG;DatosGenerales;2019;19;;ID;1203;0;0;0;0;0;1203;0,0
SNIG;DatosGenerales;2019;19;;NaturalezaJuridicaCodigo;1203;0;0;6;0;0;1203;0,0
SNIG;DatosGenerales;2019;19;;SeccionalPolicialCodigo;1203;0;0;22;0;0;1203;0,0
SNIG;DatosGenerales;2019;19;;Superficie;1203;0;0;164;0;0;1203;0,0
SNIG;DatosGenerales;2019;19;;SuperficieGanadera;1203;0;0;166;0;0;1203;0,0
SNIG;DatosGenerales;2019;19;;TipoProduccionMGAPCodigo;1203;1203;0;0;0;1203;0;100,0
SNIG;DatosGenerales;2019;19;;UnidadesGanaderas;1203;0;0;309;0;0;1203;0,0
SNIG;DatosGenerales;2019;2;;ActividadCodigo;2531;0;0;8;2489;0;2531;0,0
SNIG;DatosGenerales;2019;2;;Anio;2531;0;0;0;0;0;2531;0,0
SNIG;DatosGenerales;2019;2;;AreaEnumeracion;2531;0;0;369;0;0;2531;0,0
SNIG;DatosGenerales;2019;2;;AreaSupervision;2531;0;0;369;0;0;2531;0,0
SNIG;DatosGenerales;2019;2;;CantidadTenedores;2531;0;0;0;0;0;2531;0,0
SNIG;DatosGenerales;2019;2;;DepartamentoCodigo;2531;0;0;0;0;0;2531;0,0
SNIG;DatosGenerales;2019;2;;EspecializacionMGAPCodigo;2531;2531;0;0;0;2531;0;100,0
SNIG;DatosGenerales;2019;2;;EstratoCodigo;2531;0;0;0;0;0;2531;0,0
SNIG;DatosGenerales;2019;2;;GiroCodigo;2531;0;0;0;145;0;2531;0,0
SNIG;DatosGenerales;2019;2;;ID;2531;0;0;0;0;0;2531;0,0
SNIG;DatosGenerales;2019;2;;NaturalezaJuridicaCodigo;2531;0;0;2;0;0;2531;0,0
SNIG;DatosGenerales;2019;2;;SeccionalPolicialCodigo;2531;0;0;25;0;0;2531;0,0
SNIG;DatosGenerales;2019;2;;Superficie;2531;0;0;198;0;0;2531;0,0
SNIG;DatosGenerales;2019;2;;SuperficieGanadera;2531;0;0;211;0;0;2531;0,0
SNIG;DatosGenerales;2019;2;;TipoProduccionMGAPCodigo;2531;2531;0;0;0;2531;0;100,0
SNIG;DatosGenerales;2019;2;;UnidadesGanaderas;2531;0;0;569;0;0;2531;0,0
SNIG;DatosGenerales;2019;4;;ActividadCodigo;1908;0;0;2;1857;0;1908;0,0
SNIG;DatosGenerales;2019;4;;Anio;1908;0;0;0;0;0;1908;0,0
SNIG;DatosGenerales;2019;4;;AreaEnumeracion;1908;0;0;301;0;0;1908;0,0
SNIG;DatosGenerales;2019;4;;AreaSupervision;1908;0;0;301;0;0;1908;0,0
SNIG;DatosGenerales;2019;4;;CantidadTenedores;1908;0;0;0;0;0;1908;0,0
SNIG;DatosGenerales;2019;4;;DepartamentoCodigo;1908;0;0;0;0;0;1908;0,0
SNIG;DatosGenerales;2019;4;;EspecializacionMGAPCodigo;1908;1908;0;0;0;1908;0;100,0
SNIG;DatosGenerales;2019;4;;EstratoCodigo;1908;0;0;0;0;0;1908;0,0
SNIG;DatosGenerales;2019;4;;GiroCodigo;1908;0;0;0;98;0;1908;0,0
SNIG;DatosGenerales;2019;4;;ID;1908;0;0;0;0;0;1908;0,0
SNIG;DatosGenerales;2019;4;;NaturalezaJuridicaCodigo;1908;0;0;6;0;0;1908;0,0
SNIG;DatosGenerales;2019;4;;SeccionalPolicialCodigo;1908;0;0;37;0;0;1908;0,0
SNIG;DatosGenerales;2019;4;;Superficie;1908;0;0;181;0;0;1908;0,0
SNIG;DatosGenerales;2019;4;;SuperficieGanadera;1908;0;0;199;0;0;1908;0,0
SNIG;DatosGenerales;2019;4;;TipoProduccionMGAPCodigo;1908;1908;0;0;0;1908;0;100,0
SNIG;DatosGenerales;2019;4;;UnidadesGanaderas;1908;0;0;486;0;0;1908;0,0
SNIG;DatosGenerales;2020;15;;ActividadCodigo;1483;0;0;2;1433;0;1483;0,0
SNIG;DatosGenerales;2020;15;;Anio;1483;0;0;0;0;0;1483;0,0
SNIG;DatosGenerales;2020;15;;AreaEnumeracion;1483;0;0;186;0;0;1483;0,0
SNIG;DatosGenerales;2020;15;;AreaSupervision;1483;0;0;186;0;0;1483;0,0
SNIG;DatosGenerales;2020;15;;CantidadTenedores;1483;0;0;0;0;0;1483;0,0
SNIG;DatosGenerales;2020;15;;DepartamentoCodigo;1483;0;0;0;0;0;1483;0,0
SNIG;DatosGenerales;2020;15;;EspecializacionMGAPCodigo;1483;1483;0;0;0;1483;0;100,0
SNIG;DatosGenerales;2020;15;;EstratoCodigo;1483;0;0;0;0;0;1483;0,0
SNIG;DatosGenerales;2020;15;;GiroCodigo;1483;0;0;0;83;0;1483;0,0
SNIG;DatosGenerales;2020;15;;ID;1483;0;0;0;0;0;1483;0,0
SNIG;DatosGenerales;2020;15;;NaturalezaJuridicaCodigo;1483;0;0;7;0;0;1483;0,0
SNIG;DatosGenerales;2020;15;;SeccionalPolicialCodigo;1483;0;0;31;0;0;1483;0,0
SNIG;DatosGenerales;2020;15;;Superficie;1483;0;0;337;0;0;1483;0,0
SNIG;DatosGenerales;2020;15;;SuperficieGanadera;1483;0;0;338;0;0;1483;0,0
SNIG;DatosGenerales;2020;15;;TipoProduccionMGAPCodigo;1483;1483;0;0;0;1483;0;100,0
SNIG;DatosGenerales;2020;15;;UnidadesGanaderas;1483;0;0;402;0;0;1483;0,0
SNIG;DatosGenerales;2020;18;;ActividadCodigo;1838;0;0;1;1791;0;1838;0,0
SNIG;DatosGenerales;2020;18;;Anio;1838;0;0;0;0;0;1838;0,0
SNIG;DatosGenerales;2020;18;;AreaEnumeracion;1838;0;0;193;0;0;1838;0,0
SNIG;DatosGenerales;2020;18;;AreaSupervision;1838;0;0;193;0;0;1838;0,0
SNIG;DatosGenerales;2020;18;;CantidadTenedores;1838;0;0;0;0;0;1838;0,0
SNIG;DatosGenerales;2020;18;;DepartamentoCodigo;1838;0;0;0;0;0;1838;0,0
SNIG;DatosGenerales;2020;18;;EspecializacionMGAPCodigo;1838;1838;0;0;0;1838;0;100,0
SNIG;DatosGenerales;2020;18;;EstratoCodigo;1838;0;0;0;0;0;1838;0,0
SNIG;DatosGenerales;2020;18;;GiroCodigo;1838;0;0;0;122;0;1838;0,0
SNIG;DatosGenerales;2020;18;;ID;1838;0;0;0;0;0;1838;0,0
SNIG;DatosGenerales;2020;18;;NaturalezaJuridicaCodigo;1838;0;0;6;0;0;1838;0,0
SNIG;DatosGenerales;2020;18;;SeccionalPolicialCodigo;1838;0;0;31;0;0;1838;0,0
SNIG;DatosGenerales;2020;18;;Superficie;1838;0;0;331;0;0;1838;0,0
SNIG;DatosGenerales;2020;18;;SuperficieGanadera;1838;0;0;331;0;0;1838;0,0
SNIG;DatosGenerales;2020;18;;TipoProduccionMGAPCodigo;1838;1838;0;0;0;1838;0;100,0
SNIG;DatosGenerales;2020;18;;UnidadesGanaderas;1838;0;0;444;0;0;1838;0,0
SNIG;DatosGenerales;2020;19;;ActividadCodigo;1202;0;0;1;1164;0;1202;0,0
SNIG;DatosGenerales;2020;19;;Anio;1202;0;0;0;0;0;1202;0,0
SNIG;DatosGenerales;2020;19;;AreaEnumeracion;1202;0;0;127;0;0;1202;0,0
SNIG;DatosGenerales;2020;19;;AreaSupervision;1202;0;0;127;0;0;1202;0,0
SNIG;DatosGenerales;2020;19;;CantidadTenedores;1202;0;0;0;0;0;1202;0,0
SNIG;DatosGenerales;2020;19;;DepartamentoCodigo;1202;0;0;0;0;0;1202;0,0
SNIG;DatosGenerales;2020;19;;EspecializacionMGAPCodigo;1202;1202;0;0;0;1202;0;100,0
SNIG;DatosGenerales;2020;19;;EstratoCodigo;1202;0;0;0;0;0;1202;0,0
SNIG;DatosGenerales;2020;19;;GiroCodigo;1202;0;0;0;28;0;1202;0,0
SNIG;DatosGenerales;2020;19;;ID;1202;0;0;0;0;0;1202;0,0
SNIG;DatosGenerales;2020;19;;NaturalezaJuridicaCodigo;1202;0;0;3;0;0;1202;0,0
SNIG;DatosGenerales;2020;19;;SeccionalPolicialCodigo;1202;0;0;21;0;0;1202;0,0
SNIG;DatosGenerales;2020;19;;Superficie;1202;0;0;216;0;0;1202;0,0
SNIG;DatosGenerales;2020;19;;SuperficieGanadera;1202;0;0;217;0;0;1202;0,0
SNIG;DatosGenerales;2020;19;;TipoProduccionMGAPCodigo;1202;1202;0;0;0;1202;0;100,0
SNIG;DatosGenerales;2020;19;;UnidadesGanaderas;1202;0;0;348;0;0;1202;0,0
SNIG;DatosGenerales;2020;2;;ActividadCodigo;2635;0;0;8;2590;0;2635;0,0
SNIG;DatosGenerales;2020;2;;Anio;2635;0;0;0;0;0;2635;0,0
SNIG;DatosGenerales;2020;2;;AreaEnumeracion;2635;0;0;173;0;0;2635;0,0
SNIG;DatosGenerales;2020;2;;AreaSupervision;2635;0;0;173;0;0;2635;0,0
SNIG;DatosGenerales;2020;2;;CantidadTenedores;2635;0;0;0;0;0;2635;0,0
SNIG;DatosGenerales;2020;2;;DepartamentoCodigo;2635;0;0;0;0;0;2635;0,0
SNIG;DatosGenerales;2020;2;;EspecializacionMGAPCodigo;2635;2635;0;0;0;2635;0;100,0
SNIG;DatosGenerales;2020;2;;EstratoCodigo;2635;0;0;0;0;0;2635;0,0
SNIG;DatosGenerales;2020;2;;GiroCodigo;2635;0;0;0;88;0;2635;0,0
SNIG;DatosGenerales;2020;2;;ID;2635;0;0;0;0;0;2635;0,0
SNIG;DatosGenerales;2020;2;;NaturalezaJuridicaCodigo;2635;0;0;2;0;0;2635;0,0
SNIG;DatosGenerales;2020;2;;SeccionalPolicialCodigo;2635;0;0;26;0;0;2635;0,0
SNIG;DatosGenerales;2020;2;;Superficie;2635;0;0;299;0;0;2635;0,0
SNIG;DatosGenerales;2020;2;;SuperficieGanadera;2635;0;0;309;0;0;2635;0,0
SNIG;DatosGenerales;2020;2;;TipoProduccionMGAPCodigo;2635;2635;0;0;0;2635;0;100,0
SNIG;DatosGenerales;2020;2;;UnidadesGanaderas;2635;0;0;658;0;0;2635;0,0
SNIG;DatosGenerales;2020;4;;ActividadCodigo;1863;0;0;2;1808;0;1863;0,0
SNIG;DatosGenerales;2020;4;;Anio;1863;0;0;0;0;0;1863;0,0
SNIG;DatosGenerales;2020;4;;AreaEnumeracion;1863;0;0;149;0;0;1863;0,0
SNIG;DatosGenerales;2020;4;;AreaSupervision;1863;0;0;149;0;0;1863;0,0
SNIG;DatosGenerales;2020;4;;CantidadTenedores;1863;0;0;0;0;0;1863;0,0
SNIG;DatosGenerales;2020;4;;DepartamentoCodigo;1863;0;0;0;0;0;1863;0,0
SNIG;DatosGenerales;2020;4;;EspecializacionMGAPCodigo;1863;1863;0;0;0;1863;0;100,0
SNIG;DatosGenerales;2020;4;;EstratoCodigo;1863;0;0;0;0;0;1863;0,0
SNIG;DatosGenerales;2020;4;;GiroCodigo;1863;0;0;0;92;0;1863;0,0
SNIG;DatosGenerales;2020;4;;ID;1863;0;0;0;0;0;1863;0,0
SNIG;DatosGenerales;2020;4;;NaturalezaJuridicaCodigo;1863;0;0;3;0;0;1863;0,0
SNIG;DatosGenerales;2020;4;;SeccionalPolicialCodigo;1863;0;0;39;0;0;1863;0,0
SNIG;DatosGenerales;2020;4;;Superficie;1863;0;0;223;0;0;1863;0,0
SNIG;DatosGenerales;2020;4;;SuperficieGanadera;1863;0;0;244;0;0;1863;0,0
SNIG;DatosGenerales;2020;4;;TipoProduccionMGAPCodigo;1863;1863;0;0;0;1863;0;100,0
SNIG;DatosGenerales;2020;4;;UnidadesGanaderas;1863;0;0;495;0;0;1863;0,0
SNIG;DatosGenerales;2021;15;;ActividadCodigo;1464;0;0;3;1407;0;1464;0,0
SNIG;DatosGenerales;2021;15;;Anio;1464;0;0;0;0;0;1464;0,0
SNIG;DatosGenerales;2021;15;;AreaEnumeracion;1464;0;0;180;0;0;1464;0,0
SNIG;DatosGenerales;2021;15;;AreaSupervision;1464;0;0;180;0;0;1464;0,0
SNIG;DatosGenerales;2021;15;;CantidadTenedores;1464;0;0;0;0;0;1464;0,0
SNIG;DatosGenerales;2021;15;;DepartamentoCodigo;1464;0;0;0;0;0;1464;0,0
SNIG;DatosGenerales;2021;15;;EspecializacionMGAPCodigo;1464;1464;0;0;0;1464;0;100,0
SNIG;DatosGenerales;2021;15;;EstratoCodigo;1464;0;0;0;0;0;1464;0,0
SNIG;DatosGenerales;2021;15;;GiroCodigo;1464;0;0;0;57;0;1464;0,0
SNIG;DatosGenerales;2021;15;;ID;1464;0;0;0;0;0;1464;0,0
SNIG;DatosGenerales;2021;15;;NaturalezaJuridicaCodigo;1464;0;0;5;0;0;1464;0,0
SNIG;DatosGenerales;2021;15;;SeccionalPolicialCodigo;1464;0;0;20;0;0;1464;0,0
SNIG;DatosGenerales;2021;15;;Superficie;1464;0;0;328;0;0;1464;0,0
SNIG;DatosGenerales;2021;15;;SuperficieGanadera;1464;0;0;328;0;0;1464;0,0
SNIG;DatosGenerales;2021;15;;TipoProduccionMGAPCodigo;1464;1464;0;0;0;1464;0;100,0
SNIG;DatosGenerales;2021;15;;UnidadesGanaderas;1464;0;0;423;0;0;1464;0,0
SNIG;DatosGenerales;2021;18;;ActividadCodigo;1792;0;0;2;1742;0;1792;0,0
SNIG;DatosGenerales;2021;18;;Anio;1792;0;0;0;0;0;1792;0,0
SNIG;DatosGenerales;2021;18;;AreaEnumeracion;1792;0;0;199;0;0;1792;0,0
SNIG;DatosGenerales;2021;18;;AreaSupervision;1792;0;0;199;0;0;1792;0,0
SNIG;DatosGenerales;2021;18;;CantidadTenedores;1792;0;0;0;0;0;1792;0,0
SNIG;DatosGenerales;2021;18;;DepartamentoCodigo;1792;0;0;0;0;0;1792;0,0
SNIG;DatosGenerales;2021;18;;EspecializacionMGAPCodigo;1792;1792;0;0;0;1792;0;100,0
SNIG;DatosGenerales;2021;18;;EstratoCodigo;1792;0;0;0;0;0;1792;0,0
SNIG;DatosGenerales;2021;18;;GiroCodigo;1792;0;0;0;88;0;1792;0,0
SNIG;DatosGenerales;2021;18;;ID;1792;0;0;0;0;0;1792;0,0
SNIG;DatosGenerales;2021;18;;NaturalezaJuridicaCodigo;1792;0;0;5;0;0;1792;0,0
SNIG;DatosGenerales;2021;18;;SeccionalPolicialCodigo;1792;0;0;12;0;0;1792;0,0
SNIG;DatosGenerales;2021;18;;Superficie;1792;0;0;327;0;0;1792;0,0
SNIG;DatosGenerales;2021;18;;SuperficieGanadera;1792;0;0;327;0;0;1792;0,0
SNIG;DatosGenerales;2021;18;;TipoProduccionMGAPCodigo;1792;1792;0;0;0;1792;0;100,0
SNIG;DatosGenerales;2021;18;;UnidadesGanaderas;1792;0;0;460;0;0;1792;0,0
SNIG;DatosGenerales;2021;19;;ActividadCodigo;1182;0;0;1;1146;0;1182;0,0
SNIG;DatosGenerales;2021;19;;Anio;1182;0;0;0;0;0;1182;0,0
SNIG;DatosGenerales;2021;19;;AreaEnumeracion;1182;0;0;132;0;0;1182;0,0
SNIG;DatosGenerales;2021;19;;AreaSupervision;1182;0;0;132;0;0;1182;0,0
SNIG;DatosGenerales;2021;19;;CantidadTenedores;1182;0;0;0;0;0;1182;0,0
SNIG;DatosGenerales;2021;19;;DepartamentoCodigo;1182;0;0;0;0;0;1182;0,0
SNIG;DatosGenerales;2021;19;;EspecializacionMGAPCodigo;1182;1182;0;0;0;1182;0;100,0
SNIG;DatosGenerales;2021;19;;EstratoCodigo;1182;0;0;0;0;0;1182;0,0
SNIG;DatosGenerales;2021;19;;GiroCodigo;1182;0;0;0;15;0;1182;0,0
SNIG;DatosGenerales;2021;19;;ID;1182;0;0;0;0;0;1182;0,0
SNIG;DatosGenerales;2021;19;;NaturalezaJuridicaCodigo;1182;0;0;4;0;0;1182;0,0
SNIG;DatosGenerales;2021;19;;SeccionalPolicialCodigo;1182;0;0;13;0;0;1182;0,0
SNIG;DatosGenerales;2021;19;;Superficie;1182;0;0;209;0;0;1182;0,0
SNIG;DatosGenerales;2021;19;;SuperficieGanadera;1182;0;0;212;0;0;1182;0,0
SNIG;DatosGenerales;2021;19;;TipoProduccionMGAPCodigo;1182;1182;0;0;0;1182;0;100,0
SNIG;DatosGenerales;2021;19;;UnidadesGanaderas;1182;0;0;349;0;0;1182;0,0
SNIG;DatosGenerales;2021;2;;ActividadCodigo;2588;0;0;8;2542;0;2588;0,0
SNIG;DatosGenerales;2021;2;;Anio;2588;0;0;0;0;0;2588;0,0
SNIG;DatosGenerales;2021;2;;AreaEnumeracion;2588;0;0;182;0;0;2588;0,0
SNIG;DatosGenerales;2021;2;;AreaSupervision;2588;0;0;182;0;0;2588;0,0
SNIG;DatosGenerales;2021;2;;CantidadTenedores;2588;0;0;0;0;0;2588;0,0
SNIG;DatosGenerales;2021;2;;DepartamentoCodigo;2588;0;0;0;0;0;2588;0,0
SNIG;DatosGenerales;2021;2;;EspecializacionMGAPCodigo;2588;2588;0;0;0;2588;0;100,0
SNIG;DatosGenerales;2021;2;;EstratoCodigo;2588;0;0;0;0;0;2588;0,0
SNIG;DatosGenerales;2021;2;;GiroCodigo;2588;0;0;0;81;0;2588;0,0
SNIG;DatosGenerales;2021;2;;ID;2588;0;0;0;0;0;2588;0,0
SNIG;DatosGenerales;2021;2;;NaturalezaJuridicaCodigo;2588;0;0;2;0;0;2588;0,0
SNIG;DatosGenerales;2021;2;;SeccionalPolicialCodigo;2588;0;0;13;0;0;2588;0,0
SNIG;DatosGenerales;2021;2;;Superficie;2588;0;0;283;0;0;2588;0,0
SNIG;DatosGenerales;2021;2;;SuperficieGanadera;2588;0;0;290;0;0;2588;0,0
SNIG;DatosGenerales;2021;2;;TipoProduccionMGAPCodigo;2588;2588;0;0;0;2588;0;100,0
SNIG;DatosGenerales;2021;2;;UnidadesGanaderas;2588;0;0;645;0;0;2588;0,0
SNIG;DatosGenerales;2021;4;;ActividadCodigo;1825;0;0;2;1770;0;1825;0,0
SNIG;DatosGenerales;2021;4;;Anio;1825;0;0;0;0;0;1825;0,0
SNIG;DatosGenerales;2021;4;;AreaEnumeracion;1825;0;0;145;0;0;1825;0,0
SNIG;DatosGenerales;2021;4;;AreaSupervision;1825;0;0;145;0;0;1825;0,0
SNIG;DatosGenerales;2021;4;;CantidadTenedores;1825;0;0;0;0;0;1825;0,0
SNIG;DatosGenerales;2021;4;;DepartamentoCodigo;1825;0;0;0;0;0;1825;0,0
SNIG;DatosGenerales;2021;4;;EspecializacionMGAPCodigo;1825;1825;0;0;0;1825;0;100,0
SNIG;DatosGenerales;2021;4;;EstratoCodigo;1825;0;0;0;0;0;1825;0,0
SNIG;DatosGenerales;2021;4;;GiroCodigo;1825;0;0;0;62;0;1825;0,0
SNIG;DatosGenerales;2021;4;;ID;1825;0;0;0;0;0;1825;0,0
SNIG;DatosGenerales;2021;4;;NaturalezaJuridicaCodigo;1825;0;0;3;0;0;1825;0,0
SNIG;DatosGenerales;2021;4;;SeccionalPolicialCodigo;1825;0;0;14;0;0;1825;0,0
SNIG;DatosGenerales;2021;4;;Superficie;1825;0;0;219;0;0;1825;0,0
SNIG;DatosGenerales;2021;4;;SuperficieGanadera;1825;0;0;234;0;0;1825;0,0
SNIG;DatosGenerales;2021;4;;TipoProduccionMGAPCodigo;1825;1825;0;0;0;1825;0;100,0
SNIG;DatosGenerales;2021;4;;UnidadesGanaderas;1825;0;0;490;0;0;1825;0,0
SNIG;DatosGenerales;2022;15;;ActividadCodigo;1963;0;0;3;1909;0;1963;0,0
SNIG;DatosGenerales;2022;15;;Anio;1963;0;0;0;0;0;1963;0,0
SNIG;DatosGenerales;2022;15;;AreaEnumeracion;1963;0;0;189;0;0;1963;0,0
SNIG;DatosGenerales;2022;15;;AreaSupervision;1963;0;0;189;0;0;1963;0,0
SNIG;DatosGenerales;2022;15;;CantidadTenedores;1963;0;0;0;0;0;1963;0,0
SNIG;DatosGenerales;2022;15;;DepartamentoCodigo;1963;0;0;0;0;0;1963;0,0
SNIG;DatosGenerales;2022;15;;EspecializacionMGAPCodigo;1963;0;0;0;0;0;1963;0,0
SNIG;DatosGenerales;2022;15;;EstratoCodigo;1963;0;0;0;0;0;1963;0,0
SNIG;DatosGenerales;2022;15;;GiroCodigo;1963;0;0;0;75;0;1963;0,0
SNIG;DatosGenerales;2022;15;;ID;1963;0;0;0;0;0;1963;0,0
SNIG;DatosGenerales;2022;15;;NaturalezaJuridicaCodigo;1963;0;0;5;0;0;1963;0,0
SNIG;DatosGenerales;2022;15;;SeccionalPolicialCodigo;1963;0;0;20;0;0;1963;0,0
SNIG;DatosGenerales;2022;15;;Superficie;1963;0;0;330;0;0;1963;0,0
SNIG;DatosGenerales;2022;15;;SuperficieGanadera;1963;0;0;331;0;0;1963;0,0
SNIG;DatosGenerales;2022;15;;TipoProduccionMGAPCodigo;1963;0;0;0;0;0;1963;0,0
SNIG;DatosGenerales;2022;15;;UnidadesGanaderas;1963;0;0;501;0;0;1963;0,0
SNIG;DatosGenerales;2022;18;;ActividadCodigo;2460;0;0;2;2411;0;2460;0,0
SNIG;DatosGenerales;2022;18;;Anio;2460;0;0;0;0;0;2460;0,0
SNIG;DatosGenerales;2022;18;;AreaEnumeracion;2460;0;0;185;0;0;2460;0,0
SNIG;DatosGenerales;2022;18;;AreaSupervision;2460;0;0;185;0;0;2460;0,0
SNIG;DatosGenerales;2022;18;;CantidadTenedores;2460;0;0;0;0;0;2460;0,0
SNIG;DatosGenerales;2022;18;;DepartamentoCodigo;2460;0;0;0;0;0;2460;0,0
SNIG;DatosGenerales;2022;18;;EspecializacionMGAPCodigo;2460;0;0;0;0;0;2460;0,0
SNIG;DatosGenerales;2022;18;;EstratoCodigo;2460;0;0;0;0;0;2460;0,0
SNIG;DatosGenerales;2022;18;;GiroCodigo;2460;0;0;0;55;0;2460;0,0
SNIG;DatosGenerales;2022;18;;ID;2460;0;0;0;0;0;2460;0,0
SNIG;DatosGenerales;2022;18;;NaturalezaJuridicaCodigo;2460;0;0;4;0;0;2460;0,0
SNIG;DatosGenerales;2022;18;;SeccionalPolicialCodigo;2460;0;0;12;0;0;2460;0,0
SNIG;DatosGenerales;2022;18;;Superficie;2460;0;0;334;0;0;2460;0,0
SNIG;DatosGenerales;2022;18;;SuperficieGanadera;2460;0;0;335;0;0;2460;0,0
SNIG;DatosGenerales;2022;18;;TipoProduccionMGAPCodigo;2460;0;0;0;0;0;2460;0,0
SNIG;DatosGenerales;2022;18;;UnidadesGanaderas;2460;0;0;621;0;0;2460;0,0
SNIG;DatosGenerales;2022;19;;ActividadCodigo;1586;0;0;1;1551;0;1586;0,0
SNIG;DatosGenerales;2022;19;;Anio;1586;0;0;0;0;0;1586;0,0
SNIG;DatosGenerales;2022;19;;AreaEnumeracion;1586;0;0;129;0;0;1586;0,0
SNIG;DatosGenerales;2022;19;;AreaSupervision;1586;0;0;129;0;0;1586;0,0
SNIG;DatosGenerales;2022;19;;CantidadTenedores;1586;0;0;0;0;0;1586;0,0
SNIG;DatosGenerales;2022;19;;DepartamentoCodigo;1586;0;0;0;0;0;1586;0,0
SNIG;DatosGenerales;2022;19;;EspecializacionMGAPCodigo;1586;0;0;0;0;0;1586;0,0
SNIG;DatosGenerales;2022;19;;EstratoCodigo;1586;0;0;0;0;0;1586;0,0
SNIG;DatosGenerales;2022;19;;GiroCodigo;1586;0;0;0;12;0;1586;0,0
SNIG;DatosGenerales;2022;19;;ID;1586;0;0;0;0;0;1586;0,0
SNIG;DatosGenerales;2022;19;;NaturalezaJuridicaCodigo;1586;0;0;5;0;0;1586;0,0
SNIG;DatosGenerales;2022;19;;SeccionalPolicialCodigo;1586;0;0;12;0;0;1586;0,0
SNIG;DatosGenerales;2022;19;;Superficie;1586;0;0;216;0;0;1586;0,0
SNIG;DatosGenerales;2022;19;;SuperficieGanadera;1586;0;0;217;0;0;1586;0,0
SNIG;DatosGenerales;2022;19;;TipoProduccionMGAPCodigo;1586;0;0;0;0;0;1586;0,0
SNIG;DatosGenerales;2022;19;;UnidadesGanaderas;1586;0;0;489;0;0;1586;0,0
SNIG;DatosGenerales;2022;2;;ActividadCodigo;3864;0;0;8;3816;0;3864;0,0
SNIG;DatosGenerales;2022;2;;Anio;3864;0;0;0;0;0;3864;0,0
SNIG;DatosGenerales;2022;2;;AreaEnumeracion;3864;0;0;169;0;0;3864;0,0
SNIG;DatosGenerales;2022;2;;AreaSupervision;3864;0;0;169;0;0;3864;0,0
SNIG;DatosGenerales;2022;2;;CantidadTenedores;3864;0;0;0;0;0;3864;0,0
SNIG;DatosGenerales;2022;2;;DepartamentoCodigo;3864;0;0;0;0;0;3864;0,0
SNIG;DatosGenerales;2022;2;;EspecializacionMGAPCodigo;3864;0;0;0;0;0;3864;0,0
SNIG;DatosGenerales;2022;2;;EstratoCodigo;3864;0;0;0;0;0;3864;0,0
SNIG;DatosGenerales;2022;2;;GiroCodigo;3864;0;0;0;34;0;3864;0,0
SNIG;DatosGenerales;2022;2;;ID;3864;0;0;0;0;0;3864;0,0
SNIG;DatosGenerales;2022;2;;NaturalezaJuridicaCodigo;3864;0;0;1;0;0;3864;0,0
SNIG;DatosGenerales;2022;2;;SeccionalPolicialCodigo;3864;0;0;15;0;0;3864;0,0
SNIG;DatosGenerales;2022;2;;Superficie;3864;0;0;287;0;0;3864;0,0
SNIG;DatosGenerales;2022;2;;SuperficieGanadera;3864;0;0;295;0;0;3864;0,0
SNIG;DatosGenerales;2022;2;;TipoProduccionMGAPCodigo;3864;0;0;0;0;0;3864;0,0
SNIG;DatosGenerales;2022;2;;UnidadesGanaderas;3864;0;0;864;0;0;3864;0,0
SNIG;DatosGenerales;2022;4;;ActividadCodigo;2518;0;0;2;2462;0;2518;0,0
SNIG;DatosGenerales;2022;4;;Anio;2518;0;0;0;0;0;2518;0,0
SNIG;DatosGenerales;2022;4;;AreaEnumeracion;2518;0;0;141;0;0;2518;0,0
SNIG;DatosGenerales;2022;4;;AreaSupervision;2518;0;0;141;0;0;2518;0,0
SNIG;DatosGenerales;2022;4;;CantidadTenedores;2518;0;0;0;0;0;2518;0,0
SNIG;DatosGenerales;2022;4;;DepartamentoCodigo;2518;0;0;0;0;0;2518;0,0
SNIG;DatosGenerales;2022;4;;EspecializacionMGAPCodigo;2518;0;0;0;0;0;2518;0,0
SNIG;DatosGenerales;2022;4;;EstratoCodigo;2518;0;0;0;0;0;2518;0,0
SNIG;DatosGenerales;2022;4;;GiroCodigo;2518;0;0;0;14;0;2518;0,0
SNIG;DatosGenerales;2022;4;;ID;2518;0;0;0;0;0;2518;0,0
SNIG;DatosGenerales;2022;4;;NaturalezaJuridicaCodigo;2518;0;0;3;0;0;2518;0,0
SNIG;DatosGenerales;2022;4;;SeccionalPolicialCodigo;2518;0;0;15;0;0;2518;0,0
SNIG;DatosGenerales;2022;4;;Superficie;2518;0;0;218;0;0;2518;0,0
SNIG;DatosGenerales;2022;4;;SuperficieGanadera;2518;0;0;240;0;0;2518;0,0
SNIG;DatosGenerales;2022;4;;TipoProduccionMGAPCodigo;2518;0;0;0;0;0;2518;0,0
SNIG;DatosGenerales;2022;4;;UnidadesGanaderas;2518;0;0;640;0;0;2518;0,0
SNIG;DatosGenerales;2023;15;;ActividadCodigo;1901;0;0;3;1846;0;1901;0,0
SNIG;DatosGenerales;2023;15;;Anio;1901;0;0;0;0;0;1901;0,0
SNIG;DatosGenerales;2023;15;;AreaEnumeracion;1901;0;0;169;0;0;1901;0,0
SNIG;DatosGenerales;2023;15;;AreaSupervision;1901;0;0;169;0;0;1901;0,0
SNIG;DatosGenerales;2023;15;;CantidadTenedores;1901;0;0;0;0;0;1901;0,0
SNIG;DatosGenerales;2023;15;;DepartamentoCodigo;1901;0;0;0;0;0;1901;0,0
SNIG;DatosGenerales;2023;15;;EspecializacionMGAPCodigo;1901;0;0;0;0;0;1901;0,0
SNIG;DatosGenerales;2023;15;;EstratoCodigo;1901;0;0;0;0;0;1901;0,0
SNIG;DatosGenerales;2023;15;;GiroCodigo;1901;0;0;0;8;0;1901;0,0
SNIG;DatosGenerales;2023;15;;ID;1901;0;0;0;0;0;1901;0,0
SNIG;DatosGenerales;2023;15;;NaturalezaJuridicaCodigo;1901;0;0;4;0;0;1901;0,0
SNIG;DatosGenerales;2023;15;;SeccionalPolicialCodigo;1901;0;0;20;0;0;1901;0,0
SNIG;DatosGenerales;2023;15;;Superficie;1901;0;0;290;0;0;1901;0,0
SNIG;DatosGenerales;2023;15;;SuperficieGanadera;1901;0;0;291;0;0;1901;0,0
SNIG;DatosGenerales;2023;15;;TipoProduccionMGAPCodigo;1901;0;0;0;0;0;1901;0,0
SNIG;DatosGenerales;2023;15;;UnidadesGanaderas;1901;0;0;477;0;0;1901;0,0
SNIG;DatosGenerales;2023;18;;ActividadCodigo;2390;0;0;2;2342;0;2390;0,0
SNIG;DatosGenerales;2023;18;;Anio;2390;0;0;0;0;0;2390;0,0
SNIG;DatosGenerales;2023;18;;AreaEnumeracion;2390;0;0;171;0;0;2390;0,0
SNIG;DatosGenerales;2023;18;;AreaSupervision;2390;0;0;171;0;0;2390;0,0
SNIG;DatosGenerales;2023;18;;CantidadTenedores;2390;0;0;0;0;0;2390;0,0
SNIG;DatosGenerales;2023;18;;DepartamentoCodigo;2390;0;0;0;0;0;2390;0,0
SNIG;DatosGenerales;2023;18;;EspecializacionMGAPCodigo;2390;0;0;0;0;0;2390;0,0
SNIG;DatosGenerales;2023;18;;EstratoCodigo;2390;0;0;0;0;0;2390;0,0
SNIG;DatosGenerales;2023;18;;GiroCodigo;2390;0;0;0;6;0;2390;0,0
SNIG;DatosGenerales;2023;18;;ID;2390;0;0;0;0;0;2390;0,0
SNIG;DatosGenerales;2023;18;;NaturalezaJuridicaCodigo;2390;0;0;4;0;0;2390;0,0
SNIG;DatosGenerales;2023;18;;SeccionalPolicialCodigo;2390;0;0;12;0;0;2390;0,0
SNIG;DatosGenerales;2023;18;;Superficie;2390;0;0;284;0;0;2390;0,0
SNIG;DatosGenerales;2023;18;;SuperficieGanadera;2390;0;0;284;0;0;2390;0,0
SNIG;DatosGenerales;2023;18;;TipoProduccionMGAPCodigo;2390;0;0;0;0;0;2390;0,0
SNIG;DatosGenerales;2023;18;;UnidadesGanaderas;2390;0;0;548;0;0;2390;0,0
SNIG;DatosGenerales;2023;19;;ActividadCodigo;1533;0;0;1;1499;0;1533;0,0
SNIG;DatosGenerales;2023;19;;Anio;1533;0;0;0;0;0;1533;0,0
SNIG;DatosGenerales;2023;19;;AreaEnumeracion;1533;0;0;119;0;0;1533;0,0
SNIG;DatosGenerales;2023;19;;AreaSupervision;1533;0;0;119;0;0;1533;0,0
SNIG;DatosGenerales;2023;19;;CantidadTenedores;1533;0;0;0;0;0;1533;0,0
SNIG;DatosGenerales;2023;19;;DepartamentoCodigo;1533;0;0;0;0;0;1533;0,0
SNIG;DatosGenerales;2023;19;;EspecializacionMGAPCodigo;1533;0;0;0;0;0;1533;0,0
SNIG;DatosGenerales;2023;19;;EstratoCodigo;1533;0;0;0;0;0;1533;0,0
SNIG;DatosGenerales;2023;19;;GiroCodigo;1533;0;0;0;3;0;1533;0,0
SNIG;DatosGenerales;2023;19;;ID;1533;0;0;0;0;0;1533;0,0
SNIG;DatosGenerales;2023;19;;NaturalezaJuridicaCodigo;1533;0;0;5;0;0;1533;0,0
SNIG;DatosGenerales;2023;19;;SeccionalPolicialCodigo;1533;0;0;13;0;0;1533;0,0
SNIG;DatosGenerales;2023;19;;Superficie;1533;0;0;198;0;0;1533;0,0
SNIG;DatosGenerales;2023;19;;SuperficieGanadera;1533;0;0;199;0;0;1533;0,0
SNIG;DatosGenerales;2023;19;;TipoProduccionMGAPCodigo;1533;0;0;0;0;0;1533;0,0
SNIG;DatosGenerales;2023;19;;UnidadesGanaderas;1533;0;0;441;0;0;1533;0,0
SNIG;DatosGenerales;2023;2;;ActividadCodigo;3801;0;0;8;3753;0;3801;0,0
SNIG;DatosGenerales;2023;2;;Anio;3801;0;0;0;0;0;3801;0,0
SNIG;DatosGenerales;2023;2;;AreaEnumeracion;3801;0;0;164;0;0;3801;0,0
SNIG;DatosGenerales;2023;2;;AreaSupervision;3801;0;0;164;0;0;3801;0,0
SNIG;DatosGenerales;2023;2;;CantidadTenedores;3801;0;0;0;0;0;3801;0,0
SNIG;DatosGenerales;2023;2;;DepartamentoCodigo;3801;0;0;0;0;0;3801;0,0
SNIG;DatosGenerales;2023;2;;EspecializacionMGAPCodigo;3801;0;0;0;0;0;3801;0,0
SNIG;DatosGenerales;2023;2;;EstratoCodigo;3801;0;0;0;0;0;3801;0,0
SNIG;DatosGenerales;2023;2;;GiroCodigo;3801;0;0;0;4;0;3801;0,0
SNIG;DatosGenerales;2023;2;;ID;3801;0;0;0;0;0;3801;0,0
SNIG;DatosGenerales;2023;2;;NaturalezaJuridicaCodigo;3801;0;0;2;0;0;3801;0,0
SNIG;DatosGenerales;2023;2;;SeccionalPolicialCodigo;3801;0;0;16;0;0;3801;0,0
SNIG;DatosGenerales;2023;2;;Superficie;3801;0;0;273;0;0;3801;0,0
SNIG;DatosGenerales;2023;2;;SuperficieGanadera;3801;0;0;275;0;0;3801;0,0
SNIG;DatosGenerales;2023;2;;TipoProduccionMGAPCodigo;3801;0;0;0;0;0;3801;0,0
SNIG;DatosGenerales;2023;2;;UnidadesGanaderas;3801;0;0;837;0;0;3801;0,0
SNIG;DatosGenerales;2023;4;;ActividadCodigo;2471;0;0;2;2419;0;2471;0,0
SNIG;DatosGenerales;2023;4;;Anio;2471;0;0;0;0;0;2471;0,0
SNIG;DatosGenerales;2023;4;;AreaEnumeracion;2471;0;0;136;0;0;2471;0,0
SNIG;DatosGenerales;2023;4;;AreaSupervision;2471;0;0;136;0;0;2471;0,0
SNIG;DatosGenerales;2023;4;;CantidadTenedores;2471;0;0;0;0;0;2471;0,0
SNIG;DatosGenerales;2023;4;;DepartamentoCodigo;2471;0;0;0;0;0;2471;0,0
SNIG;DatosGenerales;2023;4;;EspecializacionMGAPCodigo;2471;0;0;0;0;0;2471;0,0
SNIG;DatosGenerales;2023;4;;EstratoCodigo;2471;0;0;0;0;0;2471;0,0
SNIG;DatosGenerales;2023;4;;GiroCodigo;2471;0;0;0;3;0;2471;0,0
SNIG;DatosGenerales;2023;4;;ID;2471;0;0;0;0;0;2471;0,0
SNIG;DatosGenerales;2023;4;;NaturalezaJuridicaCodigo;2471;0;0;5;0;0;2471;0,0
SNIG;DatosGenerales;2023;4;;SeccionalPolicialCodigo;2471;0;0;17;0;0;2471;0,0
SNIG;DatosGenerales;2023;4;;Superficie;2471;0;0;208;0;0;2471;0,0
SNIG;DatosGenerales;2023;4;;SuperficieGanadera;2471;0;0;235;0;0;2471;0,0
SNIG;DatosGenerales;2023;4;;TipoProduccionMGAPCodigo;2471;0;0;0;0;0;2471;0,0
SNIG;DatosGenerales;2023;4;;UnidadesGanaderas;2471;0;0;639;0;0;2471;0,0
SNIG;DatosGenerales;2024;15;;ActividadCodigo;1918;0;0;2;1866;0;1918;0,0
SNIG;DatosGenerales;2024;15;;Anio;1918;0;0;0;0;0;1918;0,0
SNIG;DatosGenerales;2024;15;;AreaEnumeracion;1918;0;0;165;0;0;1918;0,0
SNIG;DatosGenerales;2024;15;;AreaSupervision;1918;0;0;165;0;0;1918;0,0
SNIG;DatosGenerales;2024;15;;CantidadTenedores;1918;0;0;0;0;0;1918;0,0
SNIG;DatosGenerales;2024;15;;DepartamentoCodigo;1918;0;0;0;0;0;1918;0,0
SNIG;DatosGenerales;2024;15;;EspecializacionMGAPCodigo;1918;0;0;0;0;0;1918;0,0
SNIG;DatosGenerales;2024;15;;EstratoCodigo;1918;0;0;0;0;0;1918;0,0
SNIG;DatosGenerales;2024;15;;GiroCodigo;1918;0;0;0;23;0;1918;0,0
SNIG;DatosGenerales;2024;15;;ID;1918;0;0;0;0;0;1918;0,0
SNIG;DatosGenerales;2024;15;;NaturalezaJuridicaCodigo;1918;0;0;4;0;0;1918;0,0
SNIG;DatosGenerales;2024;15;;SeccionalPolicialCodigo;1918;0;0;19;0;0;1918;0,0
SNIG;DatosGenerales;2024;15;;Superficie;1918;0;0;282;0;0;1918;0,0
SNIG;DatosGenerales;2024;15;;SuperficieGanadera;1918;0;0;283;0;0;1918;0,0
SNIG;DatosGenerales;2024;15;;TipoProduccionMGAPCodigo;1918;0;0;0;0;0;1918;0,0
SNIG;DatosGenerales;2024;15;;UnidadesGanaderas;1918;0;0;482;0;0;1918;0,0
SNIG;DatosGenerales;2024;18;;ActividadCodigo;2450;0;0;2;2401;0;2450;0,0
SNIG;DatosGenerales;2024;18;;Anio;2450;0;0;0;0;0;2450;0,0
SNIG;DatosGenerales;2024;18;;AreaEnumeracion;2450;0;0;180;0;0;2450;0,0
SNIG;DatosGenerales;2024;18;;AreaSupervision;2450;0;0;180;0;0;2450;0,0
SNIG;DatosGenerales;2024;18;;CantidadTenedores;2450;0;0;0;0;0;2450;0,0
SNIG;DatosGenerales;2024;18;;DepartamentoCodigo;2450;0;0;0;0;0;2450;0,0
SNIG;DatosGenerales;2024;18;;EspecializacionMGAPCodigo;2450;0;0;0;0;0;2450;0,0
SNIG;DatosGenerales;2024;18;;EstratoCodigo;2450;0;0;0;0;0;2450;0,0
SNIG;DatosGenerales;2024;18;;GiroCodigo;2450;0;0;0;72;0;2450;0,0
SNIG;DatosGenerales;2024;18;;ID;2450;0;0;0;0;0;2450;0,0
SNIG;DatosGenerales;2024;18;;NaturalezaJuridicaCodigo;2450;0;0;4;0;0;2450;0,0
SNIG;DatosGenerales;2024;18;;SeccionalPolicialCodigo;2450;0;0;11;0;0;2450;0,0
SNIG;DatosGenerales;2024;18;;Superficie;2450;0;0;299;0;0;2450;0,0
SNIG;DatosGenerales;2024;18;;SuperficieGanadera;2450;0;0;299;0;0;2450;0,0
SNIG;DatosGenerales;2024;18;;TipoProduccionMGAPCodigo;2450;0;0;0;0;0;2450;0,0
SNIG;DatosGenerales;2024;18;;UnidadesGanaderas;2450;0;0;620;0;0;2450;0,0
SNIG;DatosGenerales;2024;19;;ActividadCodigo;1556;0;0;1;1522;0;1556;0,0
SNIG;DatosGenerales;2024;19;;Anio;1556;0;0;0;0;0;1556;0,0
SNIG;DatosGenerales;2024;19;;AreaEnumeracion;1556;0;0;113;0;0;1556;0,0
SNIG;DatosGenerales;2024;19;;AreaSupervision;1556;0;0;113;0;0;1556;0,0
SNIG;DatosGenerales;2024;19;;CantidadTenedores;1556;0;0;0;0;0;1556;0,0
SNIG;DatosGenerales;2024;19;;DepartamentoCodigo;1556;0;0;0;0;0;1556;0,0
SNIG;DatosGenerales;2024;19;;EspecializacionMGAPCodigo;1556;0;0;0;0;0;1556;0,0
SNIG;DatosGenerales;2024;19;;EstratoCodigo;1556;0;0;0;0;0;1556;0,0
SNIG;DatosGenerales;2024;19;;GiroCodigo;1556;0;0;0;4;0;1556;0,0
SNIG;DatosGenerales;2024;19;;ID;1556;0;0;0;0;0;1556;0,0
SNIG;DatosGenerales;2024;19;;NaturalezaJuridicaCodigo;1556;0;0;3;0;0;1556;0,0
SNIG;DatosGenerales;2024;19;;SeccionalPolicialCodigo;1556;0;0;12;0;0;1556;0,0
SNIG;DatosGenerales;2024;19;;Superficie;1556;0;0;189;0;0;1556;0,0
SNIG;DatosGenerales;2024;19;;SuperficieGanadera;1556;0;0;190;0;0;1556;0,0
SNIG;DatosGenerales;2024;19;;TipoProduccionMGAPCodigo;1556;0;0;0;0;0;1556;0,0
SNIG;DatosGenerales;2024;19;;UnidadesGanaderas;1556;0;0;447;0;0;1556;0,0
SNIG;DatosGenerales;2024;2;;ActividadCodigo;3853;0;0;8;3804;0;3853;0,0
SNIG;DatosGenerales;2024;2;;Anio;3853;0;0;0;0;0;3853;0,0
SNIG;DatosGenerales;2024;2;;AreaEnumeracion;3853;0;0;167;0;0;3853;0,0
SNIG;DatosGenerales;2024;2;;AreaSupervision;3853;0;0;167;0;0;3853;0,0
SNIG;DatosGenerales;2024;2;;CantidadTenedores;3853;0;0;0;0;0;3853;0,0
SNIG;DatosGenerales;2024;2;;DepartamentoCodigo;3853;0;0;0;0;0;3853;0,0
SNIG;DatosGenerales;2024;2;;EspecializacionMGAPCodigo;3853;0;0;0;0;0;3853;0,0
SNIG;DatosGenerales;2024;2;;EstratoCodigo;3853;0;0;0;0;0;3853;0,0
SNIG;DatosGenerales;2024;2;;GiroCodigo;3853;0;0;0;16;0;3853;0,0
SNIG;DatosGenerales;2024;2;;ID;3853;0;0;0;0;0;3853;0,0
SNIG;DatosGenerales;2024;2;;NaturalezaJuridicaCodigo;3853;0;0;1;0;0;3853;0,0
SNIG;DatosGenerales;2024;2;;SeccionalPolicialCodigo;3853;0;0;15;0;0;3853;0,0
SNIG;DatosGenerales;2024;2;;Superficie;3853;0;0;274;0;0;3853;0,0
SNIG;DatosGenerales;2024;2;;SuperficieGanadera;3853;0;0;275;0;0;3853;0,0
SNIG;DatosGenerales;2024;2;;TipoProduccionMGAPCodigo;3853;0;0;0;0;0;3853;0,0
SNIG;DatosGenerales;2024;2;;UnidadesGanaderas;3853;0;0;886;0;0;3853;0,0
SNIG;DatosGenerales;2024;4;;ActividadCodigo;2458;0;0;1;2407;0;2458;0,0
SNIG;DatosGenerales;2024;4;;Anio;2458;0;0;0;0;0;2458;0,0
SNIG;DatosGenerales;2024;4;;AreaEnumeracion;2458;0;0;132;0;0;2458;0,0
SNIG;DatosGenerales;2024;4;;AreaSupervision;2458;0;0;132;0;0;2458;0,0
SNIG;DatosGenerales;2024;4;;CantidadTenedores;2458;0;0;0;0;0;2458;0,0
SNIG;DatosGenerales;2024;4;;DepartamentoCodigo;2458;0;0;0;0;0;2458;0,0
SNIG;DatosGenerales;2024;4;;EspecializacionMGAPCodigo;2458;0;0;0;0;0;2458;0,0
SNIG;DatosGenerales;2024;4;;EstratoCodigo;2458;0;0;0;0;0;2458;0,0
SNIG;DatosGenerales;2024;4;;GiroCodigo;2458;0;0;0;3;0;2458;0,0
SNIG;DatosGenerales;2024;4;;ID;2458;0;0;0;0;0;2458;0,0
SNIG;DatosGenerales;2024;4;;NaturalezaJuridicaCodigo;2458;0;0;3;0;0;2458;0,0
SNIG;DatosGenerales;2024;4;;SeccionalPolicialCodigo;2458;0;0;15;0;0;2458;0,0
SNIG;DatosGenerales;2024;4;;Superficie;2458;0;0;203;0;0;2458;0,0
SNIG;DatosGenerales;2024;4;;SuperficieGanadera;2458;0;0;231;0;0;2458;0,0
SNIG;DatosGenerales;2024;4;;TipoProduccionMGAPCodigo;2458;0;0;0;0;0;2458;0,0
SNIG;DatosGenerales;2024;4;;UnidadesGanaderas;2458;0;0;636;0;0;2458;0,0
SNIG;DatosGenerales;2025;15;;ActividadCodigo;1882;0;0;1;1830;0;1882;0,0
SNIG;DatosGenerales;2025;15;;Anio;1882;0;0;0;0;0;1882;0,0
SNIG;DatosGenerales;2025;15;;AreaEnumeracion;1882;0;0;166;0;0;1882;0,0
SNIG;DatosGenerales;2025;15;;AreaSupervision;1882;0;0;166;0;0;1882;0,0
SNIG;DatosGenerales;2025;15;;CantidadTenedores;1882;0;0;0;0;0;1882;0,0
SNIG;DatosGenerales;2025;15;;DepartamentoCodigo;1882;0;0;0;0;0;1882;0,0
SNIG;DatosGenerales;2025;15;;EspecializacionMGAPCodigo;1882;0;0;0;0;0;1882;0,0
SNIG;DatosGenerales;2025;15;;EstratoCodigo;1882;0;0;0;0;0;1882;0,0
SNIG;DatosGenerales;2025;15;;GiroCodigo;1882;0;0;0;55;0;1882;0,0
SNIG;DatosGenerales;2025;15;;ID;1882;0;0;0;0;0;1882;0,0
SNIG;DatosGenerales;2025;15;;NaturalezaJuridicaCodigo;1882;0;0;4;0;0;1882;0,0
SNIG;DatosGenerales;2025;15;;SeccionalPolicialCodigo;1882;0;0;19;0;0;1882;0,0
SNIG;DatosGenerales;2025;15;;Superficie;1882;0;0;282;0;0;1882;0,0
SNIG;DatosGenerales;2025;15;;SuperficieGanadera;1882;0;0;282;0;0;1882;0,0
SNIG;DatosGenerales;2025;15;;TipoProduccionMGAPCodigo;1882;0;0;0;0;0;1882;0,0
SNIG;DatosGenerales;2025;15;;UnidadesGanaderas;1882;0;0;483;0;0;1882;0,0
SNIG;DatosGenerales;2025;18;;ActividadCodigo;2394;0;0;2;2350;0;2394;0,0
SNIG;DatosGenerales;2025;18;;Anio;2394;0;0;0;0;0;2394;0,0
SNIG;DatosGenerales;2025;18;;AreaEnumeracion;2394;0;0;180;0;0;2394;0,0
SNIG;DatosGenerales;2025;18;;AreaSupervision;2394;0;0;180;0;0;2394;0,0
SNIG;DatosGenerales;2025;18;;CantidadTenedores;2394;0;0;0;0;0;2394;0,0
SNIG;DatosGenerales;2025;18;;DepartamentoCodigo;2394;0;0;0;0;0;2394;0,0
SNIG;DatosGenerales;2025;18;;EspecializacionMGAPCodigo;2394;0;0;0;0;0;2394;0,0
SNIG;DatosGenerales;2025;18;;EstratoCodigo;2394;0;0;0;0;0;2394;0,0
SNIG;DatosGenerales;2025;18;;GiroCodigo;2394;0;0;0;67;0;2394;0,0
SNIG;DatosGenerales;2025;18;;ID;2394;0;0;0;0;0;2394;0,0
SNIG;DatosGenerales;2025;18;;NaturalezaJuridicaCodigo;2394;0;0;4;0;0;2394;0,0
SNIG;DatosGenerales;2025;18;;SeccionalPolicialCodigo;2394;0;0;10;0;0;2394;0,0
SNIG;DatosGenerales;2025;18;;Superficie;2394;0;0;298;0;0;2394;0,0
SNIG;DatosGenerales;2025;18;;SuperficieGanadera;2394;0;0;298;0;0;2394;0,0
SNIG;DatosGenerales;2025;18;;TipoProduccionMGAPCodigo;2394;0;0;0;0;0;2394;0,0
SNIG;DatosGenerales;2025;18;;UnidadesGanaderas;2394;0;0;599;0;0;2394;0,0
SNIG;DatosGenerales;2025;19;;ActividadCodigo;1536;0;0;1;1504;0;1536;0,0
SNIG;DatosGenerales;2025;19;;Anio;1536;0;0;0;0;0;1536;0,0
SNIG;DatosGenerales;2025;19;;AreaEnumeracion;1536;0;0;110;0;0;1536;0,0
SNIG;DatosGenerales;2025;19;;AreaSupervision;1536;0;0;110;0;0;1536;0,0
SNIG;DatosGenerales;2025;19;;CantidadTenedores;1536;0;0;0;0;0;1536;0,0
SNIG;DatosGenerales;2025;19;;DepartamentoCodigo;1536;0;0;0;0;0;1536;0,0
SNIG;DatosGenerales;2025;19;;EspecializacionMGAPCodigo;1536;0;0;0;0;0;1536;0,0
SNIG;DatosGenerales;2025;19;;EstratoCodigo;1536;0;0;0;0;0;1536;0,0
SNIG;DatosGenerales;2025;19;;GiroCodigo;1536;0;0;0;4;0;1536;0,0
SNIG;DatosGenerales;2025;19;;ID;1536;0;0;0;0;0;1536;0,0
SNIG;DatosGenerales;2025;19;;NaturalezaJuridicaCodigo;1536;0;0;3;0;0;1536;0,0
SNIG;DatosGenerales;2025;19;;SeccionalPolicialCodigo;1536;0;0;11;0;0;1536;0,0
SNIG;DatosGenerales;2025;19;;Superficie;1536;0;0;181;0;0;1536;0,0
SNIG;DatosGenerales;2025;19;;SuperficieGanadera;1536;0;0;181;0;0;1536;0,0
SNIG;DatosGenerales;2025;19;;TipoProduccionMGAPCodigo;1536;0;0;0;0;0;1536;0,0
SNIG;DatosGenerales;2025;19;;UnidadesGanaderas;1536;0;0;435;0;0;1536;0,0
SNIG;DatosGenerales;2025;2;;ActividadCodigo;3718;0;0;8;3670;0;3718;0,0
SNIG;DatosGenerales;2025;2;;Anio;3718;0;0;0;0;0;3718;0,0
SNIG;DatosGenerales;2025;2;;AreaEnumeracion;3718;0;0;166;0;0;3718;0,0
SNIG;DatosGenerales;2025;2;;AreaSupervision;3718;0;0;166;0;0;3718;0,0
SNIG;DatosGenerales;2025;2;;CantidadTenedores;3718;0;0;0;0;0;3718;0,0
SNIG;DatosGenerales;2025;2;;DepartamentoCodigo;3718;0;0;0;0;0;3718;0,0
SNIG;DatosGenerales;2025;2;;EspecializacionMGAPCodigo;3718;0;0;0;0;0;3718;0,0
SNIG;DatosGenerales;2025;2;;EstratoCodigo;3718;0;0;0;0;0;3718;0,0
SNIG;DatosGenerales;2025;2;;GiroCodigo;3718;0;0;0;18;0;3718;0,0
SNIG;DatosGenerales;2025;2;;ID;3718;0;0;0;0;0;3718;0,0
SNIG;DatosGenerales;2025;2;;NaturalezaJuridicaCodigo;3718;0;0;1;0;0;3718;0,0
SNIG;DatosGenerales;2025;2;;SeccionalPolicialCodigo;3718;0;0;15;0;0;3718;0,0
SNIG;DatosGenerales;2025;2;;Superficie;3718;0;0;260;0;0;3718;0,0
SNIG;DatosGenerales;2025;2;;SuperficieGanadera;3718;0;0;264;0;0;3718;0,0
SNIG;DatosGenerales;2025;2;;TipoProduccionMGAPCodigo;3718;0;0;0;0;0;3718;0,0
SNIG;DatosGenerales;2025;2;;UnidadesGanaderas;3718;0;0;885;0;0;3718;0,0
SNIG;DatosGenerales;2025;4;;ActividadCodigo;2372;0;0;1;2327;0;2372;0,0
SNIG;DatosGenerales;2025;4;;Anio;2372;0;0;0;0;0;2372;0,0
SNIG;DatosGenerales;2025;4;;AreaEnumeracion;2372;0;0;124;0;0;2372;0,0
SNIG;DatosGenerales;2025;4;;AreaSupervision;2372;0;0;124;0;0;2372;0,0
SNIG;DatosGenerales;2025;4;;CantidadTenedores;2372;0;0;0;0;0;2372;0,0
SNIG;DatosGenerales;2025;4;;DepartamentoCodigo;2372;0;0;0;0;0;2372;0,0
SNIG;DatosGenerales;2025;4;;EspecializacionMGAPCodigo;2372;0;0;0;0;0;2372;0,0
SNIG;DatosGenerales;2025;4;;EstratoCodigo;2372;0;0;0;0;0;2372;0,0
SNIG;DatosGenerales;2025;4;;GiroCodigo;2372;0;0;0;7;0;2372;0,0
SNIG;DatosGenerales;2025;4;;ID;2372;0;0;0;0;0;2372;0,0
SNIG;DatosGenerales;2025;4;;NaturalezaJuridicaCodigo;2372;0;0;3;0;0;2372;0,0
SNIG;DatosGenerales;2025;4;;SeccionalPolicialCodigo;2372;0;0;12;0;0;2372;0,0
SNIG;DatosGenerales;2025;4;;Superficie;2372;0;0;185;0;0;2372;0,0
SNIG;DatosGenerales;2025;4;;SuperficieGanadera;2372;0;0;206;0;0;2372;0,0
SNIG;DatosGenerales;2025;4;;TipoProduccionMGAPCodigo;2372;0;0;0;0;0;2372;0,0
SNIG;DatosGenerales;2025;4;;UnidadesGanaderas;2372;0;0;615;0;0;2372;0,0
