ID;Anio;DepartamentoCodigo;SeccionalPolicialCodigo;AreaSupervision;AreaEnumeracion;ActividadCodigo;GiroCodigo;NaturalezaJuridicaCodigo;EstratoCodigo;EspecieCodigo;ProductoCodigo;Litros;EspecializacionMGAPCodigo;TipoProduccionMGAPCodigo;EspecializacionMGAPConfianza;TipoProduccionMGAPConfianza
0;2016;1;2;0;0;-;18;5;1;11;8;14600;1;1;0.891765;0.864431
1;2016;2;3;303;303004;-;02;5;2;11;8;5000;2;3;0.980673;0.948012
2;2016;2;3;304;304002;-;40;11;2;4;8;1538;4;3;0.518055;0.356671
3;2016;2;6;318;318003;-;02;11;2;11;8;20000;2;3;0.992923;0.988506
4;2016;2;6;318;318003;-;40;5;2;4;8;240;4;9;0.499055;0.420303
5;2016;2;6;319;319005;-;02;8;2;11;8;133250;2;3;0.993643;0.971501
6;2016;2;8;0;0;-;18;5;1;11;8;30000;1;1;0.848340;0.707932
7;2016;2;8;314;314001;-;01;5;2;11;8;30000;2;3;0.826820;0.767002
8;2016;2;8;314;314008;-;01;5;2;11;8;36500;2;3;0.826820;0.767002
9;2016;2;10;307;307002;-;02;11;3;11;8;3000;2;3;0.983190;0.973962
10;2016;2;10;308;308002;-;16;5;2;11;8;70000;2;3;0.615094;0.545823
11;2016;2;10;308;308005;-;02;11;2;11;8;70000;2;3;0.994647;0.983474
12;2016;2;10;309;309003;-;02;5;2;11;8;4000;2;3;0.980673;0.948012
13;2016;2;10;309;309004;-;02;5;2;11;8;1800;2;3;0.978557;0.955967
14;2016;2;10;309;309004;-;02;11;2;11;8;22500;2;3;0.996495;0.988506
15;2016;2;10;309;309005;-;02;11;2;11;8;2550;2;3;0.983804;0.971441
16;2016;2;19;315;315008;-;02;9;2;11;8;40000;2;3;0.991575;0.977657
17;2016;3;2;0;0;-;18;5;1;11;8;92000;1;1;0.856579;0.869154
18;2016;4;0;0;0;-;-;0;1;11;8;364000;1;1;0.609889;0.599640
19;2016;4;2;505;505004;-;02;5;3;11;8;110000;2;3;0.977752;0.967450
20;2016;4;2;505;505006;-;02;5;4;11;8;141350;2;3;0.984369;0.972985
21;2016;4;2;505;505006;-;02;11;2;11;8;76650;2;3;0.939608;0.915161
22;2016;4;2;505;505006;-;02;11;3;11;8;70000;2;3;0.990864;0.973837
23;2016;4;2;505;505006;-;02;11;4;11;8;198800;2;3;0.975446;0.957688
24;2016;4;5;0;0;-;-;5;1;11;8;50200;1;1;0.664192;0.590467
25;2016;4;5;503;503006;-;03;11;4;11;8;4380;2;3;0.797698;0.759194
26;2016;4;5;505;505003;-;01;11;3;11;8;183000;2;3;0.959230;0.927642
27;2016;4;5;505;505003;-;02;11;3;11;8;27200;2;3;0.990864;0.980087
28;2016;4;5;505;505005;-;02;5;3;11;8;55200;2;3;0.950421;0.972562
29;2016;4;5;505;505005;-;02;5;6;11;8;566081;2;3;0.982030;0.977411
30;2016;4;5;505;505005;-;02;11;4;11;8;122519;2;3;0.976016;0.961124
31;2016;4;5;505;505005;-;02;11;5;11;8;376000;2;3;0.975308;0.973180
32;2016;4;5;506;506005;-;01;11;2;11;8;66200;2;3;0.951343;0.891401
33;2016;4;5;506;506005;-;02;5;2;11;8;49275;2;3;0.963336;0.968268
34;2016;4;5;506;506005;-;02;5;3;11;8;214600;2;3;0.986985;0.977308
35;2016;4;5;506;506005;-;02;5;4;11;8;529347;2;3;0.984672;0.973428
36;2016;4;5;506;506005;-;02;11;3;11;8;649281;2;3;0.984666;0.983521
37;2016;4;5;506;506005;-;02;11;4;11;8;264000;2;3;0.782606;0.790787
38;2016;4;5;506;506005;-;02;11;5;11;8;508500;2;3;0.981023;0.974456
39;2016;4;5;506;506006;-;02;1;4;11;8;228517;2;3;0.987121;0.968967
40;2016;4;5;506;506006;-;02;1;4;11;9;12028;2;3;0.948758;0.895066
41;2016;4;5;506;506006;-;02;5;2;11;8;45990;2;3;0.969169;0.968268
42;2016;4;5;506;506006;-;02;5;3;11;8;230400;2;3;0.986985;0.977308
43;2016;4;5;506;506006;-;02;11;3;11;8;260000;2;3;0.925880;0.930529
44;2016;4;6;0;0;-;02;9;2;11;8;25144;2;3;0.978500;0.956537
45;2016;4;6;0;0;-;02;9;2;11;9;2620;2;3;0.932527;0.908022
46;2016;4;6;501;501004;-;02;5;2;11;8;9000;2;3;0.967024;0.973815
47;2016;4;6;506;506003;-;01;11;2;11;8;60000;2;3;0.951343;0.890405
48;2016;4;6;506;506003;-;02;5;2;11;8;189090;2;3;0.971433;0.957591
49;2016;4;6;506;506003;-;02;5;3;11;8;6000;2;3;0.970720;0.973296
50;2016;4;6;506;506004;-;01;5;2;11;8;5400;2;3;0.719700;0.777865
51;2016;4;6;506;506004;-;01;11;5;11;8;286000;2;3;0.955601;0.942427
52;2016;4;6;506;506004;-;02;5;2;11;8;32560;2;3;0.974169;0.968268
53;2016;4;6;506;506004;-;40;5;2;4;8;3300;4;3;0.522779;0.344022
54;2016;4;6;506;506004;-;40;5;2;4;9;1700;4;3;0.481020;0.352923
55;2016;4;6;506;506005;-;01;11;3;4;8;1350;2;3;0.730811;0.687643
56;2016;4;6;506;506005;-;02;5;2;11;8;146000;2;3;0.958868;0.952752
57;2016;4;6;506;506005;-;02;5;3;11;8;214220;2;3;0.986985;0.977308
58;2016;4;6;506;506005;-;02;11;3;11;8;130600;2;3;0.989779;0.977735
59;2016;4;6;506;506005;-;02;11;4;11;8;236000;2;3;0.957553;0.937521
60;2016;4;6;506;506009;-;01;11;4;11;8;180000;2;3;0.962106;0.929313
61;2016;4;6;506;506009;-;02;5;3;11;8;30000;2;3;0.978713;0.970911
62;2016;4;6;506;506009;-;02;8;2;11;8;177500;2;3;0.987371;0.969075
63;2016;4;7;504;504001;-;02;11;3;11;8;143835;2;3;0.989779;0.977735
64;2016;4;7;504;504003;-;02;5;2;11;8;148200;2;3;0.965976;0.956410
65;2016;4;8;0;0;-;18;5;1;11;8;69610;1;1;0.876401;0.833460
66;2016;4;9;502;502003;-;01;5;3;11;8;127000;2;3;0.819482;0.827652
67;2016;4;9;502;502003;-;02;8;3;11;8;138200;2;3;0.992847;0.984892
68;2016;4;9;502;502003;-;02;11;3;11;8;92700;2;3;0.990052;0.977735
69;2016;4;9;502;502004;-;01;5;3;11;8;42700;2;3;0.879661;0.884208
70;2016;4;10;501;501004;-;01;8;5;11;8;164000;2;3;0.944140;0.929183
71;2016;4;10;501;501006;-;02;5;2;11;8;230000;2;3;0.971433;0.957591
72;2016;4;11;501;501002;-;02;5;2;11;8;320000;2;3;0.970962;0.958716
73;2016;4;12;0;0;-;02;5;2;11;8;48500;2;3;0.963336;0.968268
74;2016;4;12;502;502003;-;02;5;2;11;8;92000;2;3;0.904109;0.898313
75;2016;4;12;502;502004;-;01;11;3;11;8;290000;2;3;0.949223;0.931015
76;2016;4;12;503;503002;-;02;5;2;11;8;80180;2;3;0.835328;0.859365
77;2016;4;13;502;502006;-;02;11;4;11;8;72000;2;3;0.980455;0.955444
78;2016;4;13;503;503002;-;03;11;2;11;8;70000;2;3;0.731960;0.736510
79;2016;4;13;503;503003;-;02;5;2;11;8;514800;2;3;0.970962;0.958917
80;2016;4;13;503;503003;-;02;5;3;11;8;110000;2;3;0.977752;0.967450
81;2016;4;13;503;503003;-;02;5;4;11;8;109500;2;3;0.976309;0.962053
82;2016;4;13;503;503003;-;02;5;5;11;8;29200;2;3;0.974155;0.956597
83;2016;4;13;503;503003;-;03;5;3;11;8;51100;2;3;0.684512;0.689887
84;2016;4;13;503;503004;-;02;5;2;11;8;54750;2;3;0.925556;0.911749
85;2016;4;13;503;503007;-;02;5;2;11;8;99161;2;3;0.916251;0.938512
86;2016;4;13;503;503007;-;02;5;3;11;8;291800;2;3;0.986514;0.978145
87;2016;4;13;503;503007;-;02;5;4;11;8;715000;2;3;0.984672;0.973428
88;2016;4;13;503;503007;-;02;11;2;11;8;240000;2;3;0.985570;0.969017
89;2016;4;13;503;503007;-;02;11;3;11;8;71540;2;3;0.990864;0.964551
90;2016;4;13;503;503007;-;02;11;5;11;8;488340;2;3;0.981023;0.974456
91;2016;4;14;502;502006;-;01;5;2;11;8;9125;2;3;0.709150;0.761130
92;2016;4;14;503;503004;-;02;5;4;11;8;65700;2;3;0.955382;0.963218
93;2016;4;14;503;503004;-;02;5;6;11;8;949000;2;3;0.976030;0.977411
94;2016;4;14;503;503004;-;02;11;2;11;8;175200;2;3;0.982486;0.965340
95;2016;4;14;503;503004;-;02;11;4;11;8;649000;2;3;0.970080;0.965110
96;2016;4;14;504;504002;-;-;5;2;11;8;54000;2;3;0.541096;0.532299
97;2016;4;14;504;504002;-;02;11;4;11;8;106215;2;3;0.976288;0.964874
98;2016;4;14;504;504004;-;-;5;2;11;8;152270;2;3;0.557870;0.501260
99;2016;4;14;506;506001;-;01;5;5;11;8;320000;2;3;0.846659;0.846026
100;2016;4;14;506;506001;-;02;5;2;11;8;36500;2;3;0.974169;0.968268
101;2016;4;14;506;506001;-;02;5;4;11;8;210000;2;3;0.983152;0.972957
102;2016;4;14;506;506001;-;02;11;5;11;8;183000;2;3;0.982813;0.970828
103;2016;4;15;504;504004;-;02;5;2;11;8;135050;2;3;0.964020;0.952752
104;2016;4;15;504;504007;-;01;5;3;11;8;7800;2;3;0.867449;0.858419
105;2016;4;16;0;0;-;-;0;1;11;8;181800;1;1;0.599604;0.572956
106;2016;4;16;501;501002;-;-;13;2;11;8;20000;2;3;0.560905;0.557401
107;2016;4;16;504;504006;-;02;2;4;11;8;100000;2;3;0.983997;0.975224
108;2016;4;16;504;504006;-;02;5;2;11;8;74800;2;3;0.795931;0.770400
109;2016;4;16;504;504006;-;02;11;5;11;9;332539;2;3;0.942003;0.927558
110;2016;4;16;504;504006;-;02;12;5;11;8;726210;2;3;0.986029;0.989093
111;2016;4;16;506;506001;-;01;5;4;11;8;50362;2;3;0.890320;0.887282
112;2016;4;16;506;506002;-;02;8;4;11;9;1500;2;3;0.950690;0.906591
113;2016;4;16;506;506002;-;02;11;5;11;8;118000;2;3;0.980802;0.974264
114;2016;4;16;506;506007;-;02;5;3;11;8;164400;2;3;0.979790;0.970781
115;2016;4;16;506;506007;-;02;11;2;11;8;32300;2;3;0.986457;0.972751
116;2016;4;16;506;506007;-;02;11;3;11;8;468015;2;3;0.984666;0.983521
117;2016;4;16;506;506007;-;02;11;4;11;8;719050;2;3;0.970080;0.965110
118;2016;4;16;506;506008;-;01;5;2;11;8;185000;2;3;0.677624;0.650774
119;2016;4;16;506;506008;-;01;11;3;11;8;6900;2;3;0.926841;0.918739
120;2016;4;16;506;506008;-;02;5;2;11;8;54000;2;3;0.925556;0.911749
121;2016;4;16;506;506008;-;02;5;3;11;8;367008;2;3;0.986514;0.978145
122;2016;4;17;0;0;-;-;0;1;11;8;104025;1;1;0.599672;0.572790
123;2016;4;17;503;503005;-;01;5;3;11;8;27000;2;3;0.875528;0.878391
124;2016;4;17;503;503005;-;02;5;3;11;8;127613;2;3;0.979304;0.953603
125;2016;4;17;503;503005;-;02;11;2;11;8;85000;2;3;0.976615;0.954908
126;2016;4;17;503;503006;-;-;8;4;11;8;113880;2;3;0.786174;0.717461
127;2016;4;17;503;503006;-;01;5;2;11;8;36400;2;3;0.701750;0.755286
128;2016;4;17;503;503006;-;01;5;4;11;8;419750;2;3;0.866349;0.838361
129;2016;4;17;503;503006;-;01;5;6;11;8;186650;2;3;0.842588;0.848437
130;2016;4;17;503;503006;-;01;11;3;11;8;288350;2;3;0.949223;0.931015
131;2016;4;17;503;503006;-;01;11;4;11;8;28000;2;3;0.968361;0.947819
132;2016;4;17;503;503006;-;01;11;5;11;8;5440;2;3;0.933577;0.908489
133;2016;4;17;503;503006;-;02;5;2;11;8;34890;2;3;0.974169;0.968268
134;2016;4;17;503;503006;-;02;5;3;11;8;427500;2;3;0.986514;0.978145
135;2016;4;17;503;503006;-;02;5;4;11;8;127200;2;3;0.976154;0.957429
136;2016;4;17;503;503006;-;02;8;2;11;8;45000;2;3;0.989771;0.976049
137;2016;4;17;503;503007;-;02;5;3;11;8;51000;2;3;0.978713;0.976728
138;2016;4;17;503;503007;-;02;11;2;11;8;36000;2;3;0.986457;0.972751
139;2016;4;17;505;505001;-;01;5;2;11;8;13400;2;3;0.709150;0.761130
140;2016;4;17;505;505001;-;01;5;3;11;8;35420;2;3;0.879661;0.884208
141;2016;4;17;505;505001;-;01;11;3;11;8;120000;2;3;0.965705;0.928704
142;2016;4;17;505;505001;-;02;5;2;11;8;35000;2;3;0.974169;0.968268
143;2016;4;17;505;505001;-;02;5;4;11;8;296000;2;3;0.980486;0.972053
144;2016;4;17;505;505001;-;02;5;5;11;8;398000;2;3;0.982030;0.976036
145;2016;4;17;505;505001;-;02;11;3;11;8;185000;2;3;0.989458;0.983092
146;2016;4;17;505;505004;-;01;5;4;11;8;48000;2;3;0.890320;0.887282
147;2016;4;17;505;505004;-;01;11;2;11;8;16000;2;3;0.951581;0.917646
148;2016;4;17;505;505004;-;01;11;4;11;8;547500;2;3;0.956455;0.938859
149;2016;4;17;505;505004;-;02;5;3;11;8;210240;2;3;0.986985;0.977308
150;2016;4;17;505;505004;-;02;11;4;11;8;233450;2;3;0.957553;0.937521
151;2016;4;17;505;505006;-;01;11;2;11;8;4950;2;3;0.911196;0.881585
152;2016;4;17;505;505006;-;01;11;3;11;8;18684;2;3;0.968034;0.938573
153;2016;4;17;505;505006;-;02;5;5;11;8;265720;2;3;0.966733;0.975693
154;2016;4;17;506;506001;-;-;11;4;11;8;83950;2;3;0.750121;0.719484
155;2016;4;17;506;506001;-;02;5;2;11;8;287600;2;3;0.970962;0.958716
156;2016;4;17;506;506001;-;02;8;4;11;8;271500;2;3;0.953787;0.951647
157;2016;4;18;0;0;-;-;11;1;11;8;52000;1;1;0.586419;0.556936
158;2016;4;18;0;0;-;18;5;1;11;8;248000;1;1;0.846104;0.844816
159;2016;4;18;0;0;-;18;11;1;11;8;102220;1;1;0.818895;0.784355
160;2016;4;18;501;501002;-;02;5;4;11;8;97800;2;3;0.971309;0.969830
161;2016;4;18;503;503006;-;01;5;5;11;8;102500;2;3;0.859657;0.844773
162;2016;4;18;505;505001;-;01;5;2;11;8;130000;2;3;0.568762;0.521333
163;2016;4;18;505;505001;-;01;11;2;11;8;159962;2;3;0.898343;0.877620
164;2016;4;18;505;505001;-;01;11;4;11;8;109500;2;3;0.966543;0.937523
165;2016;4;18;505;505001;-;01;11;5;11;8;320121;2;3;0.955601;0.942427
166;2016;4;18;505;505001;-;02;5;4;11;8;349000;2;3;0.980486;0.972053
167;2016;4;18;505;505001;-;02;11;4;11;8;108000;2;3;0.976288;0.964874
168;2016;4;18;505;505001;-;02;11;5;11;8;80000;2;3;0.983659;0.966196
169;2016;4;18;505;505001;-;16;5;3;11;8;102102;2;3;0.650956;0.611484
170;2016;4;18;505;505002;-;01;5;3;11;8;92000;2;3;0.833798;0.833482
171;2016;4;18;505;505002;-;01;5;6;11;8;144000;2;3;0.831259;0.813314
172;2016;4;18;505;505002;-;01;11;2;11;8;74270;2;3;0.925033;0.858669
173;2016;4;18;505;505002;-;01;11;3;11;8;421322;2;3;0.949223;0.931015
174;2016;4;18;505;505002;-;01;11;4;11;8;528504;2;3;0.956455;0.938859
175;2016;4;18;505;505002;-;01;14;7;11;8;160750;2;3;0.912841;0.909900
176;2016;4;18;505;505002;-;02;5;5;11;8;401500;2;3;0.982030;0.976036
177;2016;4;18;505;505002;-;02;8;4;11;8;423752;2;3;0.977771;0.980433
178;2016;4;18;505;505002;-;02;11;2;11;8;165700;2;3;0.979500;0.963816
179;2016;4;18;505;505002;-;02;11;5;11;8;766500;2;3;0.981023;0.974456
180;2016;4;18;505;505002;-;04;11;3;11;8;100000;2;3;0.751205;0.711956
181;2016;4;18;505;505003;-;01;5;4;11;8;175000;2;3;0.867061;0.835790
182;2016;4;18;505;505003;-;01;5;5;11;8;76200;2;3;0.850927;0.825476
183;2016;4;18;505;505003;-;01;5;6;11;8;915380;2;3;0.856038;0.839872
184;2016;4;18;505;505003;-;01;8;2;11;8;185121;2;3;0.852206;0.831414
185;2016;4;18;505;505003;-;01;11;2;11;8;75233;2;3;0.918367;0.858669
186;2016;4;18;505;505003;-;01;11;4;11;8;55402;2;3;0.968361;0.947819
187;2016;4;18;505;505003;-;01;11;5;11;8;248000;2;3;0.953855;0.942575
188;2016;4;18;505;505003;-;02;5;2;11;8;217133;2;3;0.971433;0.957591
189;2016;4;18;505;505003;-;02;5;3;11;8;141000;2;3;0.988343;0.969158
190;2016;4;18;505;505003;-;02;5;4;11;8;133200;2;3;0.976154;0.957429
191;2016;4;18;505;505003;-;02;11;4;11;8;579990;2;3;0.970080;0.965110
192;2016;4;18;505;505003;-;02;11;5;11;8;148600;2;3;0.983386;0.974097
193;2016;4;18;505;505005;-;-;11;3;11;8;62210;2;3;0.763023;0.713565
194;2016;4;18;505;505005;-;01;5;4;11;8;115102;2;3;0.854231;0.854654
195;2016;4;18;505;505005;-;01;11;2;11;8;25000;2;3;0.951343;0.910210
196;2016;4;18;505;505005;-;01;11;4;11;8;262000;2;3;0.953955;0.933069
197;2016;4;18;505;505005;-;01;11;5;11;8;49750;2;3;0.967136;0.943863
198;2016;4;18;505;505005;-;02;5;2;11;8;181102;2;3;0.966152;0.957708
199;2016;4;18;505;505005;-;02;5;3;11;8;547500;2;3;0.986514;0.978346
200;2016;4;18;505;505005;-;02;11;2;11;8;50122;2;3;0.986457;0.972751
201;2016;4;18;505;505005;-;02;11;3;11;8;195000;2;3;0.989458;0.983092
202;2016;4;18;505;505005;-;02;11;4;11;8;625220;2;3;0.970080;0.965110
203;2016;5;2;601;601004;-;02;12;8;11;9;63712956;2;3;0.969326;0.943584
204;2016;5;4;0;0;-;18;5;1;11;8;70000;1;1;0.867552;0.864476
205;2016;5;13;601;601006;-;02;5;2;11;8;43500;2;3;0.986694;0.985213
206;2016;5;14;604;604004;-;02;11;2;11;8;7200;2;3;0.974007;0.979337
207;2016;5;15;601;601005;-;02;5;4;11;8;63700;2;3;0.982359;0.962740
208;2016;6;2;702;702002;-;02;5;3;11;8;58400;2;3;0.995115;0.984906
209;2016;6;2;702;702002;-;02;5;3;11;9;24000;2;3;0.956926;0.890925
210;2016;6;3;702;702001;-;01;11;4;11;8;89500;2;3;0.931292;0.957700
211;2016;6;4;0;0;-;-;0;1;11;8;5000;1;1;0.612454;0.640094
212;2016;6;4;701;701002;-;01;14;4;11;8;8295;2;3;0.912111;0.922576
213;2016;6;4;701;701003;-;01;5;5;11;8;90000;2;3;0.842686;0.818097
214;2016;6;4;701;701003;-;01;11;4;11;8;22000;2;3;0.957762;0.962282
215;2016;6;4;701;701003;-;02;5;2;11;8;108000;2;3;0.980989;0.981672
216;2016;6;4;701;701004;-;02;5;4;11;8;55800;2;3;0.982725;0.976020
217;2016;6;4;701;701005;-;01;5;4;11;8;50000;2;3;0.881680;0.896102
218;2016;6;4;701;701005;-;02;5;3;11;8;197400;2;3;0.990353;0.987813
219;2016;6;5;702;702005;-;02;5;3;11;8;32850;2;3;0.995115;0.982256
220;2016;6;5;702;702005;-;02;11;2;11;8;18000;2;3;0.986416;0.989865
221;2016;6;7;702;702001;-;01;5;3;11;8;23000;2;3;0.892791;0.876790
222;2016;6;7;702;702001;-;02;5;2;11;8;65256;2;3;0.988649;0.987407
223;2016;6;9;701;701004;-;01;5;4;11;8;100000;2;3;0.847183;0.841756
224;2016;6;9;701;701004;-;01;12;4;11;8;90000;2;3;0.920757;0.930258
225;2016;6;9;701;701004;-;02;5;3;11;8;84000;2;3;0.993526;0.987834
226;2016;7;2;804;804003;-;02;5;2;11;8;98550;2;3;0.976937;0.976996
227;2016;7;2;804;804003;-;02;11;5;11;8;530000;2;3;0.989029;0.991247
228;2016;7;2;804;804004;-;01;5;2;11;8;77800;2;3;0.729306;0.701411
229;2016;7;2;804;804004;-;02;8;4;11;9;2325000;2;3;0.942361;0.926097
230;2016;7;2;804;804004;-;02;11;2;11;8;87600;2;3;0.982251;0.993305
231;2016;7;3;805;805002;-;02;11;2;11;8;26000;2;3;0.997433;0.995522
232;2016;7;4;801;801003;-;02;5;3;11;8;22700;2;3;0.987337;0.988944
233;2016;7;5;804;804006;-;02;5;2;11;8;43021;2;3;0.990088;0.984864
234;2016;7;5;805;805007;-;01;0;2;11;8;3;2;3;0.869192;0.866471
235;2016;7;5;805;805007;-;02;9;3;11;8;65000;2;3;0.988674;0.996784
236;2016;7;6;803;803003;-;01;11;2;11;8;1200;2;3;0.923739;0.922366
237;2016;7;7;805;805005;-;02;5;2;11;8;50000;2;3;0.990088;0.984864
238;2016;7;8;804;804001;-;01;11;2;11;8;29500;2;3;0.954543;0.953538
239;2016;7;8;804;804001;-;02;5;2;11;8;22000;2;3;0.985955;0.987144
240;2016;7;8;805;805003;-;02;11;3;11;8;50000;2;3;0.996894;0.997551
241;2016;7;9;804;804002;-;02;11;4;11;8;54750;2;3;0.991842;0.991257
242;2016;7;13;0;0;-;02;5;1;11;8;4850;2;3;0.612236;0.605223
243;2016;7;13;801;801006;-;-;11;4;11;8;8500;2;3;0.811559;0.715343
244;2016;7;16;0;0;-;02;5;1;11;8;7300;2;3;0.612236;0.627170
245;2016;7;16;0;0;-;18;5;1;11;8;10000;1;1;0.870620;0.835978
246;2016;8;3;0;0;-;18;5;1;11;8;22800;1;1;0.801445;0.838460
247;2016;8;3;904;904003;-;01;5;2;11;8;2790;2;3;0.613737;0.594683
248;2016;8;3;905;905003;-;-;8;3;11;8;48000;2;3;0.577656;0.533762
249;2016;8;3;905;905003;-;01;5;3;11;8;36000;2;3;0.652859;0.653479
250;2016;8;3;905;905003;-;02;5;2;11;8;70000;2;3;0.819631;0.878012
251;2016;8;3;905;905003;-;02;5;3;11;8;55000;2;3;0.825578;0.873850
252;2016;8;4;903;903005;-;02;13;5;11;8;92190;2;3;0.583543;0.688645
253;2016;8;4;903;903005;-;02;13;5;11;9;4866;2;3;0.525296;0.578173
254;2016;8;13;906;906001;-;01;11;2;4;8;8000;4;4;0.730853;0.682019
255;2016;9;2;1002;1002002;-;-;5;3;11;8;44636;2;3;0.584948;0.494570
256;2016;9;3;1004;1004004;-;02;5;3;4;8;450;2;3;0.799443;0.722255
257;2016;9;6;1004;1004004;-;-;2;5;11;6;29480;2;3;0.684404;0.572418
258;2016;9;6;1004;1004004;-;-;2;5;11;7;58959;2;3;0.684740;0.571974
259;2016;9;6;1004;1004004;-;-;2;5;11;8;949247;2;3;0.658481;0.553541
260;2016;9;6;1004;1004004;-;-;2;5;11;9;245664;2;3;0.665219;0.612869
261;2016;9;8;1001;1001002;-;01;11;3;11;8;70000;2;3;0.879314;0.826056
262;2016;9;11;1004;1004005;-;02;12;5;11;8;20970;2;3;0.936585;0.879670
263;2016;10;18;101;101002;-;02;5;2;11;8;33000;2;3;0.984515;0.983584
264;2016;10;24;102;102005;-;40;5;2;4;8;2000;4;9;0.550780;0.328779
265;2016;11;1;0;0;-;18;5;1;11;8;100000;1;1;0.846102;0.866325
266;2016;11;6;0;0;-;-;5;1;11;8;13800;1;1;0.684081;0.652453
267;2016;11;6;0;0;-;18;5;1;11;8;64982;1;1;0.857075;0.863048
268;2016;11;6;1101;1101004;-;01;5;2;11;8;70000;2;3;0.734405;0.751437
269;2016;11;6;1101;1101004;-;01;5;4;11;8;60880;2;3;0.757132;0.801091
270;2016;11;6;1101;1101005;-;01;5;4;11;8;6400;2;3;0.790220;0.847577
271;2016;11;6;1101;1101005;-;16;5;2;11;8;13800;2;3;0.636575;0.569877
272;2016;11;9;0;0;-;01;5;3;11;8;6000;2;3;0.816801;0.836051
273;2016;11;9;0;0;-;01;5;5;11;8;122745;2;3;0.658731;0.647506
274;2016;11;9;1103;1103002;-;01;5;5;11;8;69000;2;3;0.738525;0.745336
275;2016;12;2;0;0;-;18;5;1;11;8;9680;1;1;0.859484;0.805326
276;2016;12;3;0;0;-;01;5;3;11;8;27375;2;3;0.850327;0.860304
277;2016;12;3;0;0;-;02;5;1;11;8;55870;2;3;0.619449;0.586957
278;2016;12;3;0;0;-;18;5;1;11;8;14235;1;1;0.859484;0.805326
279;2016;12;3;1203;1203004;-;01;5;3;11;8;48200;2;3;0.842549;0.860304
280;2016;12;3;1203;1203004;-;01;11;4;11;8;89900;2;3;0.935760;0.912838
281;2016;12;3;1203;1203005;-;02;5;3;11;8;43200;2;3;0.959171;0.946213
282;2016;12;4;0;0;-;18;5;1;11;8;84700;1;1;0.847554;0.841689
283;2016;12;5;0;0;-;18;11;1;11;8;125900;1;1;0.816362;0.824196
284;2016;12;5;1201;1201001;-;01;5;3;11;9;800;2;3;0.817657;0.760021
285;2016;12;5;1201;1201001;-;02;11;3;11;8;46090;2;3;0.984892;0.961643
286;2016;14;3;1401;1401006;-;02;5;3;11;8;109500;2;3;0.993160;0.984011
287;2016;14;4;1402;1402006;-;01;5;2;11;8;71600;2;3;0.809664;0.774586
288;2016;14;4;1402;1402006;-;01;5;5;11;8;135000;2;3;0.846643;0.826602
289;2016;14;4;1402;1402006;-;02;5;2;11;8;12000;2;3;0.987764;0.989383
290;2016;14;4;1404;1404003;-;01;5;3;11;8;54000;2;3;0.913921;0.896844
291;2016;14;4;1404;1404007;-;01;5;2;11;8;97200;2;3;0.805573;0.764391
292;2016;14;4;1404;1404007;-;01;5;4;11;8;43200;2;3;0.919222;0.897450
293;2016;14;10;1403;1403006;-;02;11;5;11;8;200750;2;3;0.990751;0.989903
294;2016;14;10;1403;1403007;-;02;5;4;11;8;89260;2;3;0.984911;0.976192
295;2016;14;12;1405;1405005;-;02;1;4;11;8;76046;2;3;0.935565;0.977799
296;2016;15;7;1503;1503004;-;02;5;5;11;8;129300;2;3;0.974446;0.973549
297;2016;15;9;1503;1503005;-;01;8;3;11;8;250000;2;3;0.911223;0.898532
298;2016;15;9;1503;1503005;-;02;11;4;11;8;35000;2;3;0.989288;0.987186
299;2016;16;1;1604;1604002;-;02;5;2;11;8;35000;2;3;0.970073;0.969018
300;2016;16;1;1605;1605001;-;02;11;3;11;8;210000;2;3;0.992695;0.990066
301;2016;16;1;1605;1605002;-;01;5;2;11;8;69900;2;3;0.797863;0.718682
302;2016;16;1;1605;1605002;-;02;5;2;11;8;17800;2;3;0.964977;0.965551
303;2016;16;1;1605;1605002;-;02;11;2;11;8;25000;2;3;0.989898;0.974365
304;2016;16;2;0;0;-;02;5;1;11;8;1200;2;3;0.614367;0.606050
305;2016;16;3;0;0;-;-;5;1;11;8;47450;1;1;0.609659;0.598296
306;2016;16;3;1601;1601001;-;02;5;3;11;8;65000;2;3;0.978530;0.976911
307;2016;16;3;1601;1601002;-;02;5;4;11;8;182500;2;3;0.939354;0.932073
308;2016;16;3;1601;1601003;-;-;5;2;11;8;9000;2;3;0.574690;0.527376
309;2016;16;3;1601;1601003;-;02;2;4;11;8;73000;2;3;0.976346;0.971983
310;2016;16;3;1601;1601003;-;02;5;2;11;8;614110;2;3;0.977801;0.974684
311;2016;16;3;1601;1601003;-;02;5;3;11;8;1460840;2;3;0.975784;0.975808
312;2016;16;3;1601;1601003;-;02;5;4;11;8;167960;2;3;0.930062;0.919156
313;2016;16;3;1601;1601003;-;02;5;5;11;8;241200;2;3;0.962676;0.958469
314;2016;16;3;1601;1601003;-;02;11;2;11;8;434135;2;3;0.992492;0.989084
315;2016;16;3;1601;1601003;-;02;11;3;11;8;285000;2;3;0.992288;0.990190
316;2016;16;3;1601;1601003;-;02;11;4;11;8;365000;2;3;0.978047;0.980618
317;2016;16;3;1601;1601004;-;02;5;2;11;8;378800;2;3;0.977648;0.974483
318;2016;16;3;1601;1601004;-;02;5;3;11;8;132000;2;3;0.967014;0.972957
319;2016;16;3;1601;1601004;-;02;11;2;11;8;186150;2;3;0.992898;0.988960
320;2016;16;3;1601;1601005;-;01;11;4;11;8;220000;2;3;0.919093;0.912422
321;2016;16;3;1601;1601005;-;02;5;2;11;8;57100;2;3;0.970073;0.951600
322;2016;16;3;1601;1601005;-;02;5;3;11;8;90100;2;3;0.970820;0.970332
323;2016;16;3;1601;1601005;-;02;5;4;11;8;546450;2;3;0.961319;0.957159
324;2016;16;3;1601;1601005;-;02;8;2;11;8;54750;2;3;0.989672;0.979477
325;2016;16;3;1601;1601005;-;02;11;2;11;8;32000;2;3;0.992849;0.990201
326;2016;16;3;1601;1601006;-;02;5;2;11;8;106850;2;3;0.965610;0.970576
327;2016;16;3;1601;1601006;-;02;5;3;11;8;105850;2;3;0.970423;0.971531
328;2016;16;3;1601;1601006;-;02;5;4;11;8;615500;2;3;0.961319;0.957159
329;2016;16;3;1601;1601006;-;02;11;2;11;8;95000;2;3;0.991045;0.984981
330;2016;16;3;1601;1601006;-;02;11;3;11;8;325000;2;3;0.992288;0.990190
331;2016;16;3;1602;1602004;-;01;5;2;11;8;36500;2;3;0.828879;0.766139
332;2016;16;3;1602;1602004;-;01;5;3;11;8;33000;2;3;0.886156;0.873449
333;2016;16;3;1602;1602004;-;02;5;2;11;8;1743838;2;3;0.963938;0.974803
334;2016;16;3;1602;1602004;-;02;5;3;11;8;378200;2;3;0.979478;0.975165
335;2016;16;3;1602;1602004;-;02;5;4;11;8;258670;2;3;0.934328;0.941124
336;2016;16;3;1602;1602004;-;02;5;5;11;8;209100;2;3;0.962991;0.958469
337;2016;16;3;1602;1602004;-;02;11;2;11;8;173850;2;3;0.986658;0.987704
338;2016;16;3;1602;1602004;-;02;11;3;11;8;105850;2;3;0.991968;0.988581
339;2016;16;3;1605;1605003;-;02;11;2;11;8;36500;2;3;0.992849;0.990201
340;2016;16;3;1605;1605004;-;02;5;2;11;8;102600;2;3;0.965610;0.970576
341;2016;16;3;1605;1605004;-;02;11;2;11;8;70700;2;3;0.991001;0.990991
342;2016;16;4;1601;1601001;-;01;5;2;11;8;134500;2;3;0.697756;0.679151
343;2016;16;4;1601;1601001;-;01;5;3;11;8;230000;2;3;0.871990;0.872590
344;2016;16;4;1601;1601001;-;01;5;4;11;8;73000;2;3;0.850175;0.866887
345;2016;16;4;1601;1601001;-;02;5;2;11;8;254965;2;3;0.977272;0.975016
346;2016;16;4;1601;1601001;-;02;5;3;11;8;657670;2;3;0.980725;0.975808
347;2016;16;4;1601;1601001;-;02;5;4;11;8;234775;2;3;0.948073;0.938545
348;2016;16;4;1601;1601001;-;02;5;5;11;8;69200;2;3;0.936564;0.929631
349;2016;16;4;1601;1601001;-;02;8;2;11;8;83080;2;3;0.987893;0.986880
350;2016;16;4;1601;1601001;-;02;9;5;11;8;219000;2;3;0.977396;0.979994
351;2016;16;4;1601;1601001;-;02;11;2;11;8;98550;2;3;0.983267;0.984981
352;2016;16;4;1601;1601001;-;02;11;4;11;8;234300;2;3;0.982043;0.983329
353;2016;16;4;1601;1601002;-;01;5;2;11;8;14680;2;3;0.836510;0.798486
354;2016;16;4;1601;1601002;-;01;11;3;11;8;100000;2;3;0.884881;0.918990
355;2016;16;4;1601;1601002;-;01;11;5;11;8;73950;2;3;0.945836;0.947344
356;2016;16;4;1601;1601002;-;02;5;2;11;8;270100;2;3;0.975444;0.974483
357;2016;16;4;1601;1601002;-;02;5;3;11;8;613489;2;3;0.980725;0.975808
358;2016;16;4;1601;1601002;-;02;5;4;11;8;534750;2;3;0.955605;0.957159
359;2016;16;4;1601;1601002;-;02;8;3;11;8;164250;2;3;0.984368;0.988529
360;2016;16;4;1601;1601002;-;02;11;2;11;8;152500;2;3;0.990647;0.987443
361;2016;16;4;1601;1601002;-;02;11;4;11;8;170000;2;3;0.979280;0.981976
362;2016;16;4;1601;1601003;-;02;11;3;11;8;150000;2;3;0.992018;0.989523
363;2016;16;4;1602;1602004;-;01;5;2;11;8;9100;2;3;0.836510;0.798486
364;2016;16;4;1602;1602004;-;02;5;2;11;8;215800;2;3;0.977272;0.975016
365;2016;16;4;1602;1602004;-;16;5;2;11;8;178850;2;3;0.566067;0.511281
366;2016;16;5;0;0;-;-;0;1;11;8;6500;1;1;0.587305;0.602082
367;2016;16;5;0;0;-;-;5;1;11;8;199837;1;1;0.604819;0.620943
368;2016;16;5;0;0;-;02;5;2;11;8;334000;2;3;0.977648;0.974483
369;2016;16;5;0;0;-;02;5;3;11;8;18950;2;3;0.971616;0.970233
370;2016;16;5;0;0;-;18;5;1;11;8;55000;1;1;0.815580;0.827259
371;2016;16;5;1601;1601003;-;02;5;4;11;8;186200;2;3;0.941721;0.938545
372;2016;16;5;1604;1604001;-;-;11;4;11;8;325000;2;3;0.707022;0.709252
373;2016;16;5;1604;1604001;-;01;5;3;11;8;40600;2;3;0.886156;0.879266
374;2016;16;5;1604;1604001;-;01;5;4;11;8;21600;2;3;0.882102;0.890812
375;2016;16;5;1604;1604001;-;01;5;5;11;8;231610;2;3;0.858253;0.859634
376;2016;16;5;1604;1604001;-;01;11;2;11;8;25500;2;3;0.950093;0.942948
377;2016;16;5;1604;1604001;-;01;11;3;11;8;105120;2;3;0.892261;0.919232
378;2016;16;5;1604;1604001;-;01;11;4;11;8;402233;2;3;0.892009;0.897739
379;2016;16;5;1604;1604001;-;01;11;5;11;8;390000;2;3;0.921536;0.923535
380;2016;16;5;1604;1604001;-;02;5;2;11;8;281150;2;3;0.977648;0.974483
381;2016;16;5;1604;1604001;-;02;5;3;11;8;547300;2;3;0.980725;0.975808
382;2016;16;5;1604;1604001;-;02;5;4;11;8;396240;2;3;0.910365;0.899797
383;2016;16;5;1604;1604001;-;02;5;5;11;8;493200;2;3;0.956843;0.946354
384;2016;16;5;1604;1604001;-;02;11;2;11;8;286402;2;3;0.992492;0.989084
385;2016;16;5;1604;1604001;-;02;11;3;11;8;290000;2;3;0.992288;0.990190
386;2016;16;5;1604;1604001;-;02;11;4;11;8;140000;2;3;0.984608;0.981715
387;2016;16;5;1604;1604001;-;02;11;5;11;8;926525;2;3;0.988539;0.985282
388;2016;16;5;1604;1604001;-;16;5;3;11;8;90532;2;3;0.595986;0.597213
389;2016;16;5;1604;1604002;-;01;5;2;11;8;25000;2;3;0.829511;0.781216
390;2016;16;5;1604;1604002;-;02;5;2;11;8;245900;2;3;0.977272;0.975016
391;2016;16;5;1604;1604002;-;02;5;4;11;8;406850;2;3;0.877047;0.880880
392;2016;16;5;1604;1604002;-;02;11;2;11;8;497710;2;3;0.992166;0.989084
393;2016;16;5;1604;1604002;-;02;11;3;11;8;185180;2;3;0.992695;0.990066
394;2016;16;5;1604;1604002;-;02;11;4;11;8;85000;2;3;0.979885;0.979635
395;2016;16;5;1604;1604003;-;-;5;4;11;8;220000;2;3;0.610771;0.607820
396;2016;16;5;1604;1604003;-;01;5;2;11;8;90080;2;3;0.662213;0.622355
397;2016;16;5;1604;1604003;-;02;2;4;11;8;640000;2;3;0.978413;0.975405
398;2016;16;5;1604;1604003;-;02;5;2;11;8;434600;2;3;0.977648;0.974483
399;2016;16;5;1604;1604003;-;02;5;3;11;8;888576;2;3;0.980784;0.975808
400;2016;16;5;1604;1604003;-;02;5;4;11;8;875850;2;3;0.961379;0.957159
401;2016;16;5;1604;1604003;-;02;8;5;11;8;657000;2;3;0.986056;0.988779
402;2016;16;5;1604;1604003;-;02;11;2;11;8;197000;2;3;0.992898;0.988960
403;2016;16;5;1604;1604003;-;02;11;4;11;8;90000;2;3;0.979885;0.975393
404;2016;16;5;1604;1604003;-;02;11;5;11;8;195000;2;3;0.987366;0.985549
405;2016;16;5;1604;1604004;-;01;5;4;11;8;55000;2;3;0.878774;0.882672
406;2016;16;5;1604;1604004;-;01;11;2;11;8;7500;2;3;0.907519;0.918782
407;2016;16;5;1604;1604004;-;02;5;2;11;8;351425;2;3;0.977648;0.974483
408;2016;16;5;1604;1604004;-;02;5;3;11;8;231000;2;3;0.979417;0.975986
409;2016;16;5;1604;1604004;-;02;5;4;11;8;1075600;2;3;0.961379;0.957159
410;2016;16;5;1604;1604004;-;02;11;2;11;8;130729;2;3;0.990647;0.987443
411;2016;16;5;1604;1604004;-;02;11;3;11;8;159436;2;3;0.976764;0.989784
412;2016;16;5;1604;1604004;-;02;11;4;11;8;150000;2;3;0.984608;0.981715
413;2016;16;5;1604;1604004;-;18;5;3;11;8;157100;2;1;0.401589;0.410019
414;2016;16;5;1604;1604005;-;02;5;2;11;8;381670;2;3;0.977648;0.974483
415;2016;16;5;1604;1604005;-;02;5;3;11;8;264500;2;3;0.972274;0.975453
416;2016;16;5;1604;1604005;-;02;5;4;11;8;535000;2;3;0.955605;0.957159
417;2016;16;5;1604;1604005;-;02;11;2;11;8;73000;2;3;0.983223;0.984741
418;2016;16;5;1604;1604005;-;02;11;3;11;8;357000;2;3;0.992288;0.990190
419;2016;16;5;1604;1604005;-;02;11;4;11;8;319000;2;3;0.978047;0.980618
420;2016;16;5;1604;1604006;-;01;5;2;11;8;2900;2;3;0.843034;0.799583
421;2016;16;5;1604;1604006;-;01;5;3;11;8;43800;2;3;0.886156;0.879266
422;2016;16;5;1604;1604006;-;02;5;2;11;8;349200;2;3;0.977648;0.974483
423;2016;16;5;1604;1604006;-;02;5;3;11;8;41000;2;3;0.979106;0.973230
424;2016;16;5;1604;1604006;-;02;5;4;11;8;233000;2;3;0.948073;0.938545
425;2016;16;5;1604;1604006;-;02;5;5;11;8;125000;2;3;0.926507;0.928521
426;2016;16;5;1604;1604006;-;02;8;2;11;8;36500;2;3;0.989672;0.987635
427;2016;16;5;1604;1604006;-;02;11;2;11;8;26000;2;3;0.989898;0.990201
428;2016;16;5;1604;1604006;-;02;11;3;11;8;147000;2;3;0.992018;0.989523
429;2016;16;5;1604;1604006;-;16;5;5;11;8;966000;2;3;0.653978;0.614496
430;2016;16;5;1604;1604007;-;-;11;3;11;8;270000;2;3;0.712218;0.706835
431;2016;16;5;1604;1604007;-;01;11;5;11;8;700000;2;3;0.911536;0.881048
432;2016;16;5;1604;1604007;-;02;5;2;11;8;558829;2;3;0.977801;0.974684
433;2016;16;5;1604;1604007;-;02;5;3;11;8;800200;2;3;0.980784;0.975808
434;2016;16;5;1604;1604007;-;02;5;5;11;8;165000;2;3;0.958661;0.952906
435;2016;16;5;1604;1604007;-;02;11;2;11;8;13000;2;3;0.986453;0.988486
436;2016;16;5;1604;1604007;-;02;14;2;11;8;73000;2;3;0.949918;0.954737
437;2016;16;5;1605;1605004;-;02;5;2;11;8;14400;2;3;0.971131;0.973972
438;2016;16;5;1605;1605004;-;02;11;4;11;8;180000;2;3;0.986072;0.981976
439;2016;16;5;1605;1605005;-;02;5;2;11;8;109500;2;3;0.960610;0.970576
440;2016;16;6;0;0;-;02;5;1;11;8;16425;2;3;0.602853;0.595366
441;2016;16;6;0;0;-;02;5;2;11;8;47300;2;3;0.970073;0.969018
442;2016;16;6;0;0;-;18;5;1;11;8;4580;1;1;0.850568;0.844103
443;2016;16;6;1601;1601004;-;02;11;5;11;8;835450;2;3;0.988539;0.985282
444;2016;16;6;1605;1605001;-;02;5;2;11;8;30400;2;3;0.970073;0.969018
445;2016;16;6;1605;1605001;-;02;5;3;11;8;49710;2;3;0.979106;0.973230
446;2016;16;6;1605;1605001;-;02;11;2;11;8;119000;2;3;0.990647;0.976610
447;2016;16;6;1605;1605002;-;02;5;2;11;8;8200;2;3;0.936041;0.941029
448;2016;16;6;1605;1605003;-;01;5;2;11;8;18000;2;3;0.830356;0.798486
449;2016;16;6;1605;1605003;-;01;5;3;11;8;14800;2;3;0.890205;0.890528
450;2016;16;6;1605;1605003;-;02;5;2;11;8;107165;2;3;0.965610;0.970576
451;2016;16;6;1605;1605004;-;02;5;3;11;8;59000;2;3;0.979106;0.973230
452;2016;16;6;1605;1605004;-;02;11;2;11;8;22650;2;3;0.989898;0.988486
453;2016;16;6;1605;1605005;-;02;5;2;11;8;21000;2;3;0.969297;0.972397
454;2016;16;6;1605;1605006;-;01;5;2;11;8;5470;2;3;0.841817;0.803229
455;2016;16;6;1605;1605006;-;02;2;3;11;8;365000;2;3;0.989935;0.974729
456;2016;16;6;1605;1605006;-;02;11;3;11;8;12000;2;3;0.986370;0.989155
457;2016;16;6;1606;1606003;-;02;5;2;11;8;5000;2;3;0.965089;0.958275
458;2016;16;6;1606;1606005;-;01;5;2;11;8;72840;2;3;0.717779;0.675218
459;2016;16;6;1606;1606005;-;01;5;3;11;8;252700;2;3;0.870164;0.847175
460;2016;16;6;1606;1606005;-;02;5;2;11;8;573386;2;3;0.977801;0.974684
461;2016;16;6;1606;1606005;-;02;5;3;11;8;441000;2;3;0.959469;0.975165
462;2016;16;6;1606;1606005;-;50;5;3;11;8;41600;2;3;0.594805;0.606134
463;2016;16;7;1605;1605004;-;02;5;2;11;8;72270;2;3;0.970978;0.968414
464;2016;16;7;1605;1605006;-;02;2;3;11;8;182500;2;3;0.989964;0.980425
465;2016;16;7;1606;1606004;-;01;5;3;11;8;43420;2;3;0.886156;0.879266
466;2016;16;8;0;0;-;02;5;2;11;8;23100;2;3;0.969297;0.947049
467;2016;16;8;0;0;-;02;8;2;11;8;96000;2;3;0.980115;0.986880
468;2016;16;8;1602;1602003;-;02;5;2;11;8;24780;2;3;0.969297;0.947049
469;2016;16;8;1603;1603001;-;02;5;2;11;8;346750;2;3;0.977648;0.974483
470;2016;16;8;1603;1603001;-;16;5;2;11;8;111000;2;3;0.527274;0.471775
471;2016;16;8;1603;1603002;-;01;5;2;11;8;179970;2;3;0.779054;0.714436
472;2016;16;8;1603;1603002;-;02;5;2;11;8;74800;2;3;0.957594;0.961313
473;2016;16;8;1603;1603002;-;02;11;4;11;8;217800;2;3;0.985793;0.983329
474;2016;16;8;1603;1603003;-;-;5;2;4;8;16000;2;3;0.531110;0.460010
475;2016;16;8;1603;1603003;-;-;5;2;4;9;2000;2;3;0.515275;0.394607
476;2016;16;8;1603;1603003;-;-;5;2;11;8;24485;2;3;0.536881;0.502659
477;2016;16;8;1603;1603003;-;01;5;2;11;8;49170;2;3;0.822213;0.766139
478;2016;16;8;1603;1603003;-;01;5;3;11;8;183000;2;3;0.867642;0.848917
479;2016;16;8;1603;1603003;-;02;5;2;11;8;115750;2;3;0.946115;0.963076
480;2016;16;8;1603;1603004;-;01;5;3;11;8;96548;2;3;0.804823;0.822642
481;2016;16;8;1603;1603004;-;02;2;3;11;8;80000;2;3;0.990788;0.981045
482;2016;16;8;1603;1603004;-;02;11;3;11;8;127630;2;3;0.992018;0.989523
483;2016;16;8;1603;1603005;-;01;5;3;11;8;71355;2;3;0.873477;0.873599
484;2016;16;8;1603;1603006;-;01;3;2;11;8;17300;2;3;0.910920;0.905270
485;2016;16;8;1603;1603006;-;01;5;2;11;8;32100;2;3;0.828879;0.766139
486;2016;16;8;1603;1603006;-;02;5;2;11;8;19000;2;3;0.964977;0.965551
487;2016;16;8;1603;1603006;-;02;5;4;11;8;18000;2;3;0.911062;0.902897
488;2016;16;8;1606;1606001;-;02;5;2;11;8;61200;2;3;0.965604;0.963537
489;2016;16;8;1607;1607003;-;02;5;2;11;8;65700;2;3;0.970978;0.975914
490;2016;16;8;1607;1607003;-;02;11;2;11;8;13320;2;3;0.986453;0.988486
491;2016;16;9;1602;1602001;-;02;5;3;11;8;107100;2;3;0.970423;0.971531
492;2016;16;9;1602;1602001;-;02;5;6;11;8;140000;2;3;0.940857;0.944000
493;2016;16;9;1602;1602001;-;02;11;2;11;8;81600;2;3;0.983267;0.989224
494;2016;16;9;1602;1602001;-;02;11;4;11;8;53800;2;3;0.986501;0.980963
495;2016;16;9;1602;1602002;-;02;5;2;11;8;109500;2;3;0.960610;0.970576
496;2016;16;9;1602;1602002;-;02;5;3;11;8;260000;2;3;0.966930;0.975453
497;2016;16;9;1602;1602002;-;02;5;4;11;8;547500;2;3;0.961319;0.957159
498;2016;16;9;1602;1602002;-;02;11;4;11;8;167900;2;3;0.979280;0.981976
499;2016;16;9;1602;1602003;-;01;5;2;11;8;30650;2;3;0.828879;0.783939
500;2016;16;9;1602;1602003;-;02;5;2;11;8;289785;2;3;0.977648;0.974483
501;2016;16;9;1602;1602003;-;02;5;3;11;8;311800;2;3;0.979478;0.975165
502;2016;16;9;1602;1602003;-;02;11;2;11;8;355850;2;3;0.992492;0.989084
503;2016;16;9;1602;1602003;-;02;11;4;11;8;145600;2;3;0.984608;0.981715
504;2016;16;10;0;0;-;02;5;1;11;8;106584;2;3;0.621933;0.594368
505;2016;17;0;0;0;-;-;0;1;11;8;20000;1;1;0.597409;0.607458
506;2016;17;1;0;0;-;18;11;1;11;8;18250;1;1;0.782292;0.785203
507;2016;17;3;1701;1701001;-;02;5;4;11;8;240;2;3;0.939953;0.944680
508;2016;17;3;1701;1701004;-;01;5;4;11;8;18200;2;3;0.864675;0.890490
509;2016;17;3;1701;1701004;-;01;11;2;11;8;36000;2;3;0.938217;0.940302
510;2016;17;3;1701;1701004;-;02;5;3;11;8;133000;2;3;0.977901;0.978152
511;2016;17;5;1702;1702002;-;02;11;4;11;8;161804;2;3;0.980717;0.988723
512;2016;17;7;1701;1701001;-;03;4;6;11;6;776;2;3;0.808449;0.816121
513;2016;17;7;1701;1701001;-;03;4;6;11;7;1220;2;3;0.857839;0.869855
514;2016;17;7;1701;1701001;-;03;4;6;11;8;78750;2;3;0.845102;0.819501
515;2016;17;7;1701;1701001;-;03;4;6;11;9;11000;2;3;0.849734;0.796196
516;2016;17;8;0;0;-;01;0;2;11;8;31755;2;3;0.891940;0.898762
517;2016;17;8;1701;1701004;-;01;5;2;11;8;39000;2;3;0.771241;0.777145
518;2016;17;8;1702;1702005;-;01;5;3;11;8;198400;2;3;0.799791;0.806754
519;2016;17;8;1702;1702005;-;01;8;4;11;8;70000;2;3;0.920457;0.945800
520;2016;17;8;1702;1702005;-;01;11;2;11;8;32563;2;3;0.938217;0.940302
521;2016;17;8;1702;1702005;-;02;5;2;11;8;295000;2;3;0.905929;0.901697
522;2016;17;8;1702;1702005;-;02;5;3;11;8;197100;2;3;0.966224;0.973836
523;2016;17;8;1702;1702005;-;02;11;2;11;8;176400;2;3;0.979377;0.961100
524;2016;17;8;1702;1702005;-;02;11;3;11;8;36500;2;3;0.991780;0.992237
525;2016;17;8;1702;1702005;-;02;11;4;11;8;250000;2;3;0.975310;0.988723
526;2016;17;8;1703;1703005;-;01;5;4;11;8;100000;2;3;0.844981;0.846696
527;2016;17;8;1704;1704006;-;01;5;2;11;8;6500;2;3;0.784286;0.800911
528;2016;17;9;1704;1704003;-;02;5;4;11;8;227124;2;3;0.961734;0.965047
529;2016;17;9;1704;1704006;-;02;11;3;11;8;182500;2;3;0.983422;0.991934
530;2016;17;10;0;0;-;01;5;1;11;8;993692;1;1;0.790361;0.730280
531;2016;17;10;0;0;-;01;11;2;11;8;121000;2;3;0.905171;0.905332
532;2016;17;10;1702;1702002;-;01;5;3;11;8;90000;2;3;0.850537;0.862696
533;2016;17;10;1702;1702002;-;01;5;4;11;8;41500;2;3;0.874326;0.886353
534;2016;17;10;1702;1702002;-;02;5;2;11;8;21500;2;3;0.965120;0.983110
535;2016;17;10;1702;1702005;-;-;5;2;11;8;24917;2;3;0.596370;0.567809
536;2016;17;10;1702;1702005;-;02;5;5;11;8;136875;2;3;0.963811;0.965246
537;2016;17;10;1702;1702006;-;01;5;3;11;8;99000;2;3;0.844981;0.856030
538;2016;17;10;1702;1702006;-;02;11;6;11;8;116370;2;3;0.987679;0.989854
539;2016;17;10;1703;1703003;-;01;5;2;11;8;22850;2;3;0.770690;0.783120
540;2016;17;10;1703;1703006;-;02;11;3;11;8;90000;2;3;0.991704;0.988013
541;2016;17;11;1702;1702003;-;01;5;2;11;8;6000;2;3;0.784286;0.795340
542;2016;17;11;1702;1702003;-;01;5;3;11;8;55000;2;3;0.869461;0.895687
543;2016;17;11;1702;1702003;-;01;5;4;11;8;5000;2;3;0.874748;0.870288
544;2016;17;11;1702;1702003;-;01;11;4;11;8;60000;2;3;0.956178;0.958445
545;2016;17;11;1702;1702003;-;02;5;2;11;8;65000;2;3;0.967405;0.972784
546;2016;17;11;1702;1702003;-;02;5;3;11;8;70000;2;3;0.978224;0.973457
547;2016;17;11;1702;1702003;-;02;5;4;11;8;182500;2;3;0.950944;0.958547
548;2016;17;11;1702;1702003;-;02;11;2;11;8;40000;2;3;0.987463;0.988284
549;2016;17;11;1702;1702004;-;01;5;4;11;8;124750;2;3;0.836871;0.845939
550;2016;17;11;1702;1702004;-;02;5;2;11;8;93700;2;3;0.962772;0.966191
551;2016;17;11;1702;1702004;-;02;11;2;11;8;50000;2;3;0.987463;0.988284
552;2016;17;11;1702;1702004;-;02;11;4;11;8;109500;2;3;0.987726;0.989044
553;2016;17;11;1702;1702008;-;01;3;5;11;8;3100;2;3;0.907532;0.916721
554;2016;17;11;1703;1703005;-;01;5;3;11;8;45000;2;3;0.874326;0.895687
555;2016;18;6;1802;1802001;-;02;5;2;11;8;31120;2;3;0.969357;0.970570
556;2016;18;6;1802;1802002;-;01;5;2;11;9;20200;2;3;0.757709;0.690419
557;2016;18;11;1805;1805005;-;-;5;4;11;8;38000;2;3;0.637557;0.614425
558;2016;18;11;1805;1805005;-;-;5;4;11;9;2300;2;3;0.640434;0.522960
559;2016;18;16;1806;1806002;-;01;8;5;11;8;36500;2;3;0.937362;0.907239
560;2016;19;7;1901;1901005;-;02;11;2;11;8;61500;2;3;0.983411;0.983770
561;2016;19;7;1903;1903004;-;01;5;2;11;8;30000;2;3;0.822643;0.810815
562;2016;19;9;1904;1904003;-;02;11;5;11;8;10800;2;3;0.968217;0.978309
563;2016;19;10;0;0;-;02;5;1;11;8;40;2;3;0.635410;0.576362
564;2017;1;2;0;0;-;18;5;1;11;8;14600;1;1;0.891765;0.864431
565;2017;2;2;302;302002;-;02;11;2;11;8;15360;2;3;0.992923;0.988506
566;2017;2;3;303;303004;-;02;5;2;11;8;5000;2;3;0.980673;0.948012
567;2017;2;3;304;304002;-;40;11;2;4;8;23070;4;9;0.533521;0.354417
568;2017;2;6;318;318003;-;02;11;2;11;8;10000;2;3;0.992923;0.988506
569;2017;2;7;316;316004;-;40;5;2;4;8;1000;4;9;0.539055;0.424741
570;2017;2;8;0;0;-;18;5;1;11;8;15500;1;1;0.858120;0.706491
571;2017;2;8;314;314001;-;01;5;2;11;8;31000;2;3;0.826820;0.767002
572;2017;2;8;314;314008;-;01;5;2;11;8;36500;2;3;0.826820;0.767002
573;2017;2;10;307;307002;-;02;11;3;11;8;30000;2;3;0.996168;0.994336
574;2017;2;10;308;308002;-;-;5;2;11;8;70000;2;3;0.595094;0.526035
575;2017;2;10;308;308005;-;02;11;2;11;8;7000;2;3;0.978953;0.974395
576;2017;2;10;309;309003;-;02;5;2;11;8;37000;2;3;0.982837;0.950029
577;2017;2;10;309;309004;-;01;11;2;11;8;150;2;3;0.924583;0.870852
578;2017;2;10;309;309004;-;02;5;2;11;8;1800;2;3;0.978557;0.955967
579;2017;2;10;309;309004;-;02;11;2;11;8;57000;2;3;0.996495;0.976093
580;2017;2;10;309;309005;-;01;11;2;11;8;8000;2;3;0.899611;0.885511
581;2017;2;10;312;312002;-;02;8;2;11;8;17250;2;3;0.984592;0.978323
582;2017;2;11;307;307001;-;02;5;2;11;8;30850;2;3;0.982837;0.950029
583;2017;2;19;315;315008;-;02;9;2;11;8;40000;2;3;0.991575;0.977657
584;2017;3;2;0;0;-;18;5;1;11;8;109800;1;1;0.856579;0.869154
585;2017;4;2;505;505006;-;02;5;4;11;8;112537;2;3;0.976309;0.962053
586;2017;4;2;505;505006;-;02;11;2;11;9;43000;2;3;0.948388;0.905529
587;2017;4;2;505;505006;-;02;11;4;11;8;187200;2;3;0.975446;0.957688
588;2017;4;2;506;506001;-;02;11;3;11;8;159000;2;3;0.974912;0.978866
589;2017;4;5;0;0;-;-;0;1;11;8;94900;1;1;0.599672;0.572790
590;2017;4;5;503;503006;-;03;11;4;11;8;7500;2;3;0.813146;0.754771
591;2017;4;5;505;505003;-;02;11;3;11;8;245600;2;3;0.989458;0.983092
592;2017;4;5;505;505005;-;02;5;3;11;8;56500;2;3;0.950421;0.972562
593;2017;4;5;505;505005;-;02;5;6;11;8;700000;2;3;0.982030;0.977411
594;2017;4;5;505;505005;-;02;11;4;11;8;288000;2;3;0.881011;0.889767
595;2017;4;5;505;505005;-;02;11;5;11;8;352000;2;3;0.975308;0.973180
596;2017;4;5;506;506005;-;01;11;2;11;8;65800;2;3;0.951343;0.891401
597;2017;4;5;506;506005;-;02;5;2;11;8;47900;2;3;0.963336;0.968268
598;2017;4;5;506;506005;-;02;5;3;11;8;204000;2;3;0.986985;0.977308
599;2017;4;5;506;506005;-;02;5;4;11;8;571064;2;3;0.984672;0.973428
600;2017;4;5;506;506005;-;02;11;3;11;8;676309;2;3;0.984666;0.983521
601;2017;4;5;506;506005;-;02;11;4;11;8;292000;2;3;0.881011;0.889767
602;2017;4;5;506;506005;-;02;11;5;11;8;516000;2;3;0.981023;0.974456
603;2017;4;5;506;506006;-;02;1;4;11;8;173101;2;3;0.981528;0.975940
604;2017;4;5;506;506006;-;02;1;4;11;9;19233;2;3;0.936890;0.895066
605;2017;4;5;506;506006;-;02;5;2;11;8;39800;2;3;0.974169;0.968268
606;2017;4;5;506;506006;-;02;5;3;11;8;232000;2;3;0.986985;0.977308
607;2017;4;5;506;506006;-;02;11;3;11;8;175000;2;3;0.986101;0.980390
608;2017;4;6;0;0;-;-;5;1;4;8;3000;1;1;0.562290;0.480373
609;2017;4;6;0;0;-;-;5;1;4;9;1000;1;1;0.571654;0.485812
610;2017;4;6;0;0;-;02;9;2;11;8;23360;2;3;0.978500;0.956537
611;2017;4;6;0;0;-;02;9;2;11;9;1810;2;3;0.932527;0.908022
612;2017;4;6;501;501004;-;02;5;2;11;8;11000;2;3;0.971104;0.973815
613;2017;4;6;506;506003;-;01;11;2;11;8;73000;2;3;0.925033;0.858669
614;2017;4;6;506;506003;-;02;5;2;11;8;80000;2;3;0.835328;0.859365
615;2017;4;6;506;506003;-;02;5;3;11;8;5200;2;3;0.970720;0.973296
616;2017;4;6;506;506003;-;16;11;2;11;8;78500;2;3;0.699389;0.677582
617;2017;4;6;506;506004;-;01;5;2;11;8;6000;2;3;0.721290;0.777865
618;2017;4;6;506;506004;-;01;11;5;11;8;275000;2;3;0.955601;0.941637
619;2017;4;6;506;506004;-;02;5;2;11;8;32800;2;3;0.974169;0.968268
620;2017;4;6;506;506005;-;01;11;3;4;8;1420;2;3;0.730811;0.687643
621;2017;4;6;506;506005;-;02;5;2;11;8;164250;2;3;0.962995;0.957708
622;2017;4;6;506;506005;-;02;5;3;11;8;236450;2;3;0.986985;0.977308
623;2017;4;6;506;506005;-;02;11;3;11;8;42000;2;3;0.990864;0.980087
624;2017;4;6;506;506009;-;01;11;4;11;8;90000;2;3;0.966543;0.937523
625;2017;4;6;506;506009;-;02;8;2;11;8;165000;2;3;0.984215;0.966575
626;2017;4;7;504;504001;-;02;11;3;11;8;590000;2;3;0.984666;0.983521
627;2017;4;7;504;504001;-;02;12;3;11;8;120000;2;3;0.986177;0.984997
628;2017;4;7;504;504007;-;02;5;2;11;8;100700;2;3;0.927918;0.938512
629;2017;4;9;502;502003;-;01;5;3;11;8;146000;2;3;0.819305;0.805340
630;2017;4;9;502;502003;-;02;8;3;11;8;138200;2;3;0.992847;0.984892
631;2017;4;9;502;502003;-;02;11;3;11;8;85700;2;3;0.990052;0.977735
632;2017;4;9;502;502004;-;01;5;3;11;8;40300;2;3;0.879661;0.884208
633;2017;4;10;501;501004;-;02;8;5;11;8;100000;2;3;0.991055;0.986479
634;2017;4;10;501;501004;-;02;8;5;11;9;82500;2;3;0.956146;0.928229
635;2017;4;10;501;501006;-;02;5;3;11;8;260000;2;3;0.965271;0.971298
636;2017;4;11;501;501002;-;02;5;2;11;8;320000;2;3;0.970962;0.958716
637;2017;4;12;0;0;-;02;5;2;11;8;72000;2;3;0.820212;0.811390
638;2017;4;12;502;502003;-;02;5;2;11;8;80000;2;3;0.835328;0.859365
639;2017;4;12;503;503001;-;02;11;4;11;8;90000;2;3;0.976288;0.964874
640;2017;4;12;503;503002;-;02;5;2;11;8;92350;2;3;0.904109;0.898313
641;2017;4;13;0;0;-;-;0;1;11;8;109500;1;1;0.599672;0.572790
642;2017;4;13;502;502006;-;02;11;4;11;8;36000;2;3;0.980455;0.970975
643;2017;4;13;503;503002;-;03;11;2;11;8;70000;2;3;0.731960;0.736510
644;2017;4;13;503;503003;-;02;5;2;11;8;570550;2;3;0.970962;0.952042
645;2017;4;13;503;503003;-;02;5;3;11;8;43800;2;3;0.978713;0.976728
646;2017;4;13;503;503003;-;02;5;4;11;8;73000;2;3;0.954776;0.937956
647;2017;4;13;503;503007;-;02;5;2;11;8;61780;2;3;0.918175;0.906458
648;2017;4;13;503;503007;-;02;5;3;11;8;414750;2;3;0.986514;0.978145
649;2017;4;13;503;503007;-;02;5;4;11;8;372800;2;3;0.980486;0.972053
650;2017;4;13;503;503007;-;02;11;2;11;8;200000;2;3;0.985570;0.969017
651;2017;4;13;503;503007;-;02;11;3;11;8;54750;2;3;0.990864;0.980087
652;2017;4;13;503;503007;-;02;11;5;11;8;719000;2;3;0.981023;0.974456
653;2017;4;14;502;502006;-;02;5;2;11;8;16425;2;3;0.971104;0.973815
654;2017;4;14;503;503004;-;02;11;2;11;8;146000;2;3;0.979240;0.962685
655;2017;4;14;504;504002;-;02;5;5;11;8;949000;2;3;0.976030;0.977411
656;2017;4;14;504;504002;-;02;11;4;11;8;107675;2;3;0.976288;0.964874
657;2017;4;14;504;504004;-;-;5;2;11;8;161000;2;3;0.555805;0.502557
658;2017;4;14;506;506001;-;-;5;5;11;8;312000;2;3;0.647344;0.613177
659;2017;4;14;506;506001;-;02;5;2;11;8;36500;2;3;0.974169;0.968268
660;2017;4;14;506;506001;-;02;5;4;11;8;219000;2;3;0.983152;0.972957
661;2017;4;14;506;506001;-;02;11;5;11;8;185000;2;3;0.982813;0.970828
662;2017;4;15;504;504004;-;02;5;2;11;8;110960;2;3;0.940775;0.938512
663;2017;4;15;504;504007;-;01;5;3;11;8;9540;2;3;0.883479;0.885464
664;2017;4;16;501;501002;-;02;13;2;11;8;20000;2;3;0.844292;0.856319
665;2017;4;16;504;504006;-;02;2;4;11;8;1300000;2;3;0.983086;0.975797
666;2017;4;16;504;504006;-;02;5;2;11;8;95200;2;3;0.916251;0.938512
667;2017;4;16;504;504006;-;02;5;4;11;8;20000;2;3;0.972755;0.975368
668;2017;4;16;504;504006;-;02;12;5;11;8;576000;2;3;0.986029;0.989093
669;2017;4;16;506;506001;-;01;5;4;11;8;66625;2;3;0.872661;0.873526
670;2017;4;16;506;506007;-;02;5;2;11;8;144300;2;3;0.964020;0.952752
671;2017;4;16;506;506007;-;02;11;2;11;8;211500;2;3;0.985570;0.969017
672;2017;4;16;506;506007;-;02;11;3;11;8;622360;2;3;0.984666;0.983521
673;2017;4;16;506;506007;-;02;11;4;11;8;930525;2;3;0.970080;0.965110
674;2017;4;16;506;506007;-;02;11;5;11;8;310000;2;3;0.974197;0.973180
675;2017;4;16;506;506008;-;-;11;3;11;8;6900;2;3;0.785701;0.710897
676;2017;4;16;506;506008;-;01;5;2;11;8;169750;2;3;0.681672;0.632234
677;2017;4;16;506;506008;-;02;5;2;11;8;54000;2;3;0.925556;0.911749
678;2017;4;16;506;506008;-;02;5;3;11;8;428300;2;3;0.986514;0.978145
679;2017;4;17;0;0;-;-;0;1;11;8;120450;1;1;0.599672;0.572790
680;2017;4;17;503;503005;-;01;2;7;11;9;4500;2;3;0.863763;0.821298
681;2017;4;17;503;503005;-;02;5;2;11;8;36000;2;3;0.974169;0.968268
682;2017;4;17;503;503005;-;02;5;3;11;8;172005;2;3;0.979790;0.970781
683;2017;4;17;503;503005;-;02;11;2;11;8;97000;2;3;0.984392;0.962685
684;2017;4;17;503;503005;-;17;5;2;11;8;4000;2;3;0.609782;0.560184
685;2017;4;17;503;503006;-;-;8;3;11;8;108000;2;3;0.767495;0.708222
686;2017;4;17;503;503006;-;01;5;4;11;8;351000;2;3;0.862138;0.838361
687;2017;4;17;503;503006;-;01;5;6;11;8;195000;2;3;0.850088;0.852961
688;2017;4;17;503;503006;-;01;11;3;11;8;273750;2;3;0.949223;0.931015
689;2017;4;17;503;503006;-;01;11;4;11;8;317200;2;3;0.956455;0.938859
690;2017;4;17;503;503006;-;01;11;5;11;8;36500;2;3;0.967136;0.943863
691;2017;4;17;503;503006;-;02;5;2;11;8;34890;2;3;0.974169;0.968268
692;2017;4;17;503;503006;-;02;5;3;11;8;513500;2;3;0.986514;0.978346
693;2017;4;17;503;503006;-;02;5;4;11;8;98700;2;3;0.971309;0.969830
694;2017;4;17;503;503006;-;02;8;2;11;8;40000;2;3;0.989771;0.976049
695;2017;4;17;503;503006;-;02;11;2;11;8;127000;2;3;0.984392;0.962685
696;2017;4;17;503;503007;-;02;5;2;11;8;58400;2;3;0.923890;0.903343
697;2017;4;17;503;503007;-;02;5;3;11;8;50000;2;3;0.978713;0.976728
698;2017;4;17;503;503007;-;02;11;2;11;8;36000;2;3;0.986457;0.972751
699;2017;4;17;505;505001;-;01;5;2;11;8;13400;2;3;0.709150;0.761130
700;2017;4;17;505;505001;-;01;5;3;11;8;34920;2;3;0.879661;0.884208
701;2017;4;17;505;505001;-;01;11;3;11;8;150000;2;3;0.965139;0.922866
702;2017;4;17;505;505001;-;02;5;2;11;8;43000;2;3;0.974169;0.968268
703;2017;4;17;505;505001;-;02;5;4;11;8;255500;2;3;0.983152;0.957528
704;2017;4;17;505;505001;-;02;5;5;11;8;418000;2;3;0.982030;0.976036
705;2017;4;17;505;505001;-;02;11;3;11;8;176000;2;3;0.986101;0.980390
706;2017;4;17;505;505004;-;01;11;2;11;8;18500;2;3;0.951581;0.917646
707;2017;4;17;505;505004;-;01;11;4;11;8;587000;2;3;0.956455;0.934859
708;2017;4;17;505;505004;-;02;5;3;11;8;182500;2;3;0.982946;0.970781
709;2017;4;17;505;505004;-;02;11;4;11;8;178700;2;3;0.972089;0.958779
710;2017;4;17;505;505006;-;-;5;3;11;8;255000;2;3;0.643582;0.612599
711;2017;4;17;505;505006;-;01;11;3;11;8;150500;2;3;0.965139;0.922866
712;2017;4;17;505;505006;-;02;5;5;11;8;305000;2;3;0.982030;0.976036
713;2017;4;17;506;506001;-;02;5;2;11;8;216000;2;3;0.971433;0.957591
714;2017;4;17;506;506001;-;02;8;4;11;8;272600;2;3;0.967216;0.960933
715;2017;4;17;506;506001;-;02;11;2;11;8;217000;2;3;0.985570;0.969017
716;2017;4;18;0;0;-;-;11;1;11;8;50000;1;1;0.586419;0.556936
717;2017;4;18;0;0;-;18;11;1;11;8;118450;1;1;0.818895;0.784355
718;2017;4;18;505;505001;-;01;11;2;11;8;159500;2;3;0.898343;0.877620
719;2017;4;18;505;505001;-;01;11;3;11;8;109500;2;3;0.965978;0.928704
720;2017;4;18;505;505001;-;01;11;5;11;8;335000;2;3;0.947601;0.942427
721;2017;4;18;505;505001;-;02;5;2;11;8;150000;2;3;0.965976;0.956410
722;2017;4;18;505;505001;-;02;5;4;11;8;347500;2;3;0.980486;0.972053
723;2017;4;18;505;505001;-;02;11;4;11;8;120000;2;3;0.976016;0.961124
724;2017;4;18;505;505001;-;02;11;5;11;8;90000;2;3;0.983659;0.974264
725;2017;4;18;505;505002;-;01;5;3;11;8;90000;2;3;0.833798;0.833160
726;2017;4;18;505;505002;-;01;5;6;11;8;144000;2;3;0.831259;0.813314
727;2017;4;18;505;505002;-;01;11;2;11;8;50000;2;3;0.951343;0.916271
728;2017;4;18;505;505002;-;01;11;3;11;8;411000;2;3;0.949223;0.931015
729;2017;4;18;505;505002;-;01;11;4;11;8;592421;2;3;0.956455;0.934859
730;2017;4;18;505;505002;-;01;14;7;11;8;159840;2;3;0.912841;0.909900
731;2017;4;18;505;505002;-;02;5;2;11;8;167900;2;3;0.962995;0.957708
732;2017;4;18;505;505002;-;02;5;5;11;8;401500;2;3;0.982030;0.976036
733;2017;4;18;505;505002;-;02;8;4;11;8;204509;2;3;0.988866;0.977922
734;2017;4;18;505;505002;-;02;11;2;11;8;133100;2;3;0.984392;0.962685
735;2017;4;18;505;505002;-;02;11;4;11;8;620000;2;3;0.970080;0.965110
736;2017;4;18;505;505003;-;01;5;4;11;8;287800;2;3;0.856138;0.836853
737;2017;4;18;505;505003;-;01;5;5;11;8;180000;2;3;0.837175;0.830831
738;2017;4;18;505;505003;-;01;8;2;11;8;185000;2;3;0.852206;0.831414
739;2017;4;18;505;505003;-;01;11;2;11;8;760000;2;3;0.877693;0.887262
740;2017;4;18;505;505003;-;02;5;3;11;8;144000;2;3;0.988343;0.969158
741;2017;4;18;505;505003;-;02;5;4;11;8;136000;2;3;0.984369;0.972985
742;2017;4;18;505;505003;-;02;11;4;11;8;578350;2;3;0.970080;0.965110
743;2017;4;18;505;505003;-;02;11;5;11;8;292000;2;3;0.957673;0.965402
744;2017;4;18;505;505003;-;03;5;6;11;8;934810;2;3;0.707002;0.653886
745;2017;4;18;505;505005;-;01;5;4;11;8;146000;2;3;0.836631;0.806575
746;2017;4;18;505;505005;-;01;11;2;11;8;13000;2;3;0.951581;0.917646
747;2017;4;18;505;505005;-;01;11;4;11;8;395500;2;3;0.956455;0.938859
748;2017;4;18;505;505005;-;01;11;5;11;8;45760;2;3;0.967136;0.943863
749;2017;4;18;505;505005;-;02;5;2;11;8;229620;2;3;0.971433;0.957591
750;2017;4;18;505;505005;-;02;5;3;11;9;511100;2;3;0.924225;0.903438
751;2017;4;18;505;505005;-;02;11;3;11;8;197000;2;3;0.989458;0.983092
752;2017;4;18;505;505005;-;02;11;4;11;8;490000;2;3;0.970080;0.965110
753;2017;5;2;601;601004;-;02;12;8;11;9;96593085;2;3;0.969326;0.943584
754;2017;5;4;0;0;-;18;5;1;11;8;75000;1;1;0.867552;0.869154
755;2017;5;13;601;601006;-;02;5;2;11;8;50000;2;3;0.986694;0.985213
756;2017;5;14;604;604004;-;02;11;2;11;8;7000;2;3;0.974007;0.979337
757;2017;5;15;601;601005;-;02;5;4;11;8;36000;2;3;0.982359;0.970869
758;2017;6;2;702;702002;-;02;5;3;11;8;44000;2;3;0.995115;0.988073
759;2017;6;2;702;702002;-;02;5;3;11;9;36400;2;3;0.969498;0.912865
760;2017;6;3;702;702001;-;01;11;4;11;8;88000;2;3;0.931292;0.957700
761;2017;6;4;701;701002;-;01;14;4;11;8;8295;2;3;0.912111;0.922576
762;2017;6;4;701;701003;-;01;11;3;11;8;35000;2;3;0.956611;0.961011
763;2017;6;4;701;701003;-;02;5;2;11;8;108000;2;3;0.980989;0.981672
764;2017;6;4;701;701004;-;-;5;3;11;8;15000;2;3;0.692224;0.619906
765;2017;6;4;701;701004;-;02;5;4;11;8;50800;2;3;0.982725;0.979186
766;2017;6;4;701;701005;-;01;5;5;11;8;91000;2;3;0.842686;0.818420
767;2017;6;4;701;701005;-;02;5;3;11;8;103400;2;3;0.993526;0.984790
768;2017;6;5;702;702005;-;02;5;3;11;8;32850;2;3;0.995115;0.982256
769;2017;6;5;702;702005;-;16;11;2;11;8;18000;2;3;0.797030;0.705959
770;2017;6;7;702;702001;-;01;5;3;11;8;96000;2;3;0.869564;0.847817
771;2017;6;7;702;702001;-;02;5;2;11;8;70208;2;3;0.988649;0.987407
772;2017;6;9;701;701004;-;01;5;4;11;8;110000;2;3;0.855516;0.845999
773;2017;6;9;701;701004;-;02;5;3;11;8;99400;2;3;0.993526;0.983591
774;2017;6;9;701;701005;-;02;11;2;11;8;40000;2;3;0.986416;0.982592
775;2017;7;2;804;804003;-;02;5;2;11;8;98550;2;3;0.976937;0.976996
776;2017;7;2;804;804003;-;02;11;5;11;8;530000;2;3;0.989029;0.991247
777;2017;7;2;804;804004;-;01;5;2;11;8;86200;2;3;0.729306;0.707125
778;2017;7;2;804;804004;-;02;8;4;11;9;315000;2;3;0.935184;0.921097
779;2017;7;2;804;804004;-;02;11;2;11;8;82450;2;3;0.982251;0.993305
780;2017;7;3;805;805002;-;-;11;2;11;8;26000;2;3;0.775539;0.693980
781;2017;7;3;805;805006;-;02;9;5;11;8;72000;2;3;0.984358;0.984818
782;2017;7;4;801;801003;-;02;5;3;11;8;25600;2;3;0.987337;0.970121
783;2017;7;5;804;804006;-;02;5;2;11;8;42821;2;3;0.990088;0.984864
784;2017;7;5;805;805007;-;02;9;3;11;8;51100;2;3;0.997942;0.996946
785;2017;7;7;805;805003;-;02;11;2;11;8;18250;2;3;0.993862;0.993807
786;2017;7;8;804;804001;-;01;11;2;11;8;10000;2;3;0.954781;0.951347
787;2017;7;8;804;804001;-;02;5;2;11;8;22000;2;3;0.985955;0.987144
788;2017;7;9;804;804002;-;02;11;4;11;8;43800;2;3;0.991842;0.991257
789;2017;7;13;0;0;-;02;5;1;11;8;4900;2;3;0.612236;0.605223
790;2017;7;13;801;801006;-;01;11;4;11;8;87000;2;3;0.961084;0.956597
791;2017;7;16;0;0;-;02;5;1;11;8;8000;2;3;0.583188;0.617587
792;2017;8;3;0;0;-;18;5;1;11;8;22000;1;1;0.801445;0.838460
793;2017;8;3;904;904003;-;01;5;2;11;8;20500;2;3;0.624276;0.604340
794;2017;8;3;905;905003;-;-;8;3;11;8;10000;2;3;0.550425;0.514589
795;2017;8;3;905;905003;-;01;5;3;11;8;36000;2;3;0.652859;0.653479
796;2017;8;3;905;905003;-;02;5;2;11;8;65000;2;3;0.819631;0.887512
797;2017;8;3;905;905003;-;02;5;3;11;8;65000;2;3;0.820737;0.876594
798;2017;8;4;903;903005;-;02;13;5;11;8;138270;2;3;0.582612;0.689529
799;2017;8;4;903;903005;-;02;13;5;11;9;6230;2;3;0.525296;0.576269
800;2017;8;13;906;906001;-;01;11;2;4;8;8000;4;4;0.730853;0.682019
801;2017;8;13;906;906001;-;01;11;4;11;8;15000;2;3;0.575225;0.587883
802;2017;8;13;906;906001;-;01;11;4;11;9;2000;2;3;0.549438;0.527832
803;2017;9;2;1002;1002002;-;02;5;3;11;8;42350;2;3;0.927884;0.861267
804;2017;9;2;1003;1003004;-;01;5;3;4;8;260;2;3;0.637174;0.563465
805;2017;9;3;1004;1004004;-;02;5;3;4;8;300;2;3;0.813443;0.722255
806;2017;9;6;1004;1004004;-;02;2;5;11;6;57671;2;3;0.929385;0.893307
807;2017;9;6;1004;1004004;-;02;2;5;11;8;8049809;2;3;0.936030;0.904334
808;2017;9;11;1004;1004005;-;02;12;5;11;8;15300;2;3;0.945642;0.879670
809;2017;10;18;101;101002;-;02;5;2;11;8;27000;2;3;0.980382;0.983584
810;2017;10;24;102;102005;-;40;5;2;4;8;2000;4;9;0.550780;0.328779
811;2017;11;1;0;0;-;18;5;1;11;8;177600;1;1;0.854435;0.883645
812;2017;11;6;0;0;-;18;5;1;11;8;13800;1;1;0.870973;0.845978
813;2017;11;6;1101;1101004;-;01;5;2;11;8;52000;2;3;0.756797;0.804620
814;2017;11;6;1101;1101004;-;01;5;5;11;8;54380;2;3;0.738525;0.776127
815;2017;11;6;1101;1101005;-;01;5;3;11;6;1030;2;3;0.755227;0.770680
816;2017;11;6;1101;1101005;-;01;5;4;11;8;10800;2;3;0.776177;0.843963
817;2017;11;6;1101;1101005;-;16;5;2;11;8;13800;2;3;0.636575;0.569877
818;2017;11;6;1101;1101006;-;01;11;5;11;6;2006;2;3;0.851535;0.880246
819;2017;11;11;0;0;-;01;5;3;11;8;6000;2;3;0.816801;0.836051
820;2017;11;11;0;0;-;01;5;5;11;8;141200;2;3;0.587284;0.606065
821;2017;11;11;1103;1103002;-;01;5;5;11;8;69000;2;3;0.738525;0.745336
822;2017;12;2;0;0;-;18;5;1;11;8;9680;1;1;0.859484;0.805326
823;2017;12;3;0;0;-;01;5;1;11;8;14235;1;1;0.585223;0.520927
824;2017;12;3;0;0;-;01;5;3;11;8;27375;2;3;0.850327;0.860304
825;2017;12;3;1203;1203004;-;01;5;3;11;8;49100;2;3;0.842549;0.860304
826;2017;12;3;1203;1203004;-;01;11;4;11;8;106280;2;3;0.935760;0.912838
827;2017;12;3;1203;1203005;-;02;5;3;11;8;47400;2;3;0.959171;0.946213
828;2017;12;3;1203;1203005;-;03;5;2;11;8;56000;2;3;0.626919;0.560589
829;2017;12;4;0;0;-;18;5;1;11;8;84700;1;1;0.847554;0.841689
830;2017;12;5;0;0;-;-;0;1;11;9;800;1;1;0.606871;0.572044
831;2017;12;5;0;0;-;18;11;1;11;8;125900;1;1;0.816362;0.824196
832;2017;12;5;1201;1201001;-;02;11;3;11;8;53376;2;3;0.984892;0.961643
833;2017;14;3;1401;1401006;-;02;5;3;11;8;109500;2;3;0.993160;0.984011
834;2017;14;4;1402;1402006;-;01;5;2;11;8;65400;2;3;0.851415;0.796244
835;2017;14;4;1402;1402006;-;02;5;2;11;8;36000;2;3;0.991042;0.987103
836;2017;14;4;1402;1402006;-;02;5;5;11;8;135000;2;3;0.987043;0.977251
837;2017;14;4;1404;1404003;-;01;5;3;11;8;54000;2;3;0.913921;0.896844
838;2017;14;4;1404;1404007;-;01;5;2;11;8;97200;2;3;0.805573;0.764391
839;2017;14;4;1404;1404007;-;01;5;4;11;8;43200;2;3;0.919222;0.897450
840;2017;14;10;1403;1403004;-;02;5;4;11;6;3;2;3;0.916036;0.943912
841;2017;14;10;1403;1403007;-;02;5;4;11;8;90000;2;3;0.984911;0.971950
842;2017;14;10;1403;1403007;-;02;8;5;11;8;200750;2;3;0.994065;0.996305
843;2017;14;12;1405;1405005;-;02;1;4;11;8;65542;2;3;0.982824;0.991945
844;2017;15;4;0;0;-;18;5;1;11;8;27250;1;1;0.865670;0.846887
845;2017;15;4;0;0;-;18;5;1;11;9;250;1;1;0.924035;0.944788
846;2017;15;4;1505;1505003;-;02;5;2;11;8;10500;2;3;0.983581;0.988439
847;2017;15;7;1503;1503004;-;02;5;5;11;8;129300;2;3;0.974446;0.973549
848;2017;15;9;1503;1503005;-;02;8;3;11;8;43680;2;3;0.997517;0.997481
849;2017;15;9;1503;1503005;-;02;11;4;11;8;4000;2;3;0.970894;0.959951
850;2017;16;1;1605;1605001;-;02;11;3;11;8;245000;2;3;0.992695;0.990066
851;2017;16;1;1605;1605002;-;01;5;2;11;8;69900;2;3;0.797863;0.718682
852;2017;16;1;1605;1605002;-;02;5;2;11;8;9700;2;3;0.971131;0.973972
853;2017;16;1;1605;1605002;-;02;11;2;11;8;25000;2;3;0.989898;0.974365
854;2017;16;2;0;0;-;02;5;1;11;8;1200;2;3;0.614367;0.606050
855;2017;16;3;0;0;-;02;5;2;11;8;15000;2;3;0.971131;0.973972
856;2017;16;3;1601;1601001;-;02;5;3;11;8;65000;2;3;0.978530;0.976911
857;2017;16;3;1601;1601002;-;02;5;4;11;8;250000;2;3;0.948073;0.938545
858;2017;16;3;1601;1601003;-;-;5;2;11;8;16000;2;3;0.573429;0.527376
859;2017;16;3;1601;1601003;-;02;2;4;11;8;73000;2;3;0.976346;0.971983
860;2017;16;3;1601;1601003;-;02;5;2;11;8;666355;2;3;0.977801;0.974684
861;2017;16;3;1601;1601003;-;02;5;3;11;8;1204425;2;3;0.980784;0.975808
862;2017;16;3;1601;1601003;-;02;5;4;11;8;199400;2;3;0.941721;0.938545
863;2017;16;3;1601;1601003;-;02;5;5;11;8;230000;2;3;0.962991;0.958469
864;2017;16;3;1601;1601003;-;02;11;2;11;8;142600;2;3;0.990647;0.987443
865;2017;16;3;1601;1601003;-;02;11;3;11;8;125000;2;3;0.992018;0.989523
866;2017;16;3;1601;1601003;-;17;14;2;11;8;50000;2;3;0.675070;0.646612
867;2017;16;3;1601;1601004;-;02;5;2;11;8;335551;2;3;0.977648;0.974483
868;2017;16;3;1601;1601004;-;02;5;3;11;8;140000;2;3;0.967014;0.972957
869;2017;16;3;1601;1601004;-;02;11;2;11;8;160200;2;3;0.977241;0.987704
870;2017;16;3;1601;1601005;-;02;5;2;11;8;47990;2;3;0.970073;0.969018
871;2017;16;3;1601;1601005;-;02;5;3;11;8;104200;2;3;0.970423;0.971531
872;2017;16;3;1601;1601005;-;02;5;4;11;8;559750;2;3;0.961319;0.957159
873;2017;16;3;1601;1601005;-;02;8;2;11;8;40100;2;3;0.989672;0.987635
874;2017;16;3;1601;1601005;-;02;11;2;11;8;32000;2;3;0.992849;0.990201
875;2017;16;3;1601;1601006;-;02;5;2;11;8;82320;2;3;0.965272;0.972428
876;2017;16;3;1601;1601006;-;02;5;3;11;8;140500;2;3;0.967014;0.972957
877;2017;16;3;1601;1601006;-;02;5;4;11;8;600000;2;3;0.961319;0.957159
878;2017;16;3;1601;1601006;-;02;11;2;11;8;117530;2;3;0.990647;0.984029
879;2017;16;3;1601;1601006;-;02;11;3;11;8;326000;2;3;0.992288;0.990190
880;2017;16;3;1602;1602004;-;01;5;2;11;8;14600;2;3;0.836510;0.798486
881;2017;16;3;1602;1602004;-;01;5;3;11;8;36000;2;3;0.886156;0.879266
882;2017;16;3;1602;1602004;-;02;5;2;11;8;1818953;2;3;0.963938;0.974803
883;2017;16;3;1602;1602004;-;02;5;3;11;8;314650;2;3;0.979478;0.975165
884;2017;16;3;1602;1602004;-;02;5;4;11;8;285300;2;3;0.946596;0.942264
885;2017;16;3;1602;1602004;-;02;5;5;11;8;435300;2;3;0.934929;0.946131
886;2017;16;3;1602;1602004;-;02;11;2;11;8;169650;2;3;0.986658;0.987704
887;2017;16;3;1602;1602004;-;02;11;3;11;8;116800;2;3;0.989111;0.983387
888;2017;16;3;1602;1602004;-;16;5;2;11;8;21500;2;3;0.556881;0.547794
889;2017;16;3;1604;1604002;-;02;5;3;11;8;208975;2;3;0.979417;0.975986
890;2017;16;3;1605;1605003;-;02;11;2;11;8;36500;2;3;0.992849;0.990201
891;2017;16;3;1605;1605004;-;02;5;2;11;8;103000;2;3;0.965610;0.970576
892;2017;16;3;1605;1605004;-;02;11;2;11;8;105225;2;3;0.990647;0.989224
893;2017;16;3;1606;1606001;-;02;5;3;11;8;178000;2;3;0.977442;0.973710
894;2017;16;3;1607;1607001;-;02;5;2;11;8;8000;2;3;0.936041;0.941029
895;2017;16;4;0;0;-;-;0;1;11;8;98550;1;1;0.567920;0.617583
896;2017;16;4;1601;1601001;-;-;5;4;11;8;45600;2;3;0.585998;0.601591
897;2017;16;4;1601;1601001;-;-;11;3;11;8;63750;2;3;0.747111;0.709897
898;2017;16;4;1601;1601001;-;01;5;2;11;8;146200;2;3;0.738244;0.696008
899;2017;16;4;1601;1601001;-;01;5;4;11;8;71500;2;3;0.872374;0.877005
900;2017;16;4;1601;1601001;-;01;11;5;11;8;61950;2;3;0.945836;0.939195
901;2017;16;4;1601;1601001;-;02;5;2;11;8;243800;2;3;0.977272;0.975016
902;2017;16;4;1601;1601001;-;02;5;3;11;8;713200;2;3;0.980725;0.975808
903;2017;16;4;1601;1601001;-;02;5;4;11;8;192275;2;3;0.941721;0.938545
904;2017;16;4;1601;1601001;-;02;5;5;11;8;86500;2;3;0.920250;0.925192
905;2017;16;4;1601;1601001;-;02;8;2;11;8;79000;2;3;0.983073;0.986880
906;2017;16;4;1601;1601001;-;02;11;2;11;8;42900;2;3;0.992849;0.990201
907;2017;16;4;1601;1601001;-;02;11;3;11;8;275000;2;3;0.990084;0.986857
908;2017;16;4;1601;1601002;-;-;8;3;11;8;182500;2;3;0.746772;0.692905
909;2017;16;4;1601;1601002;-;01;5;2;11;8;14680;2;3;0.836510;0.798486
910;2017;16;4;1601;1601002;-;02;5;2;11;8;349250;2;3;0.977648;0.974483
911;2017;16;4;1601;1601002;-;02;5;3;11;8;483500;2;3;0.975010;0.975808
912;2017;16;4;1601;1601002;-;02;5;4;11;8;482950;2;3;0.938105;0.935215
913;2017;16;4;1601;1601002;-;02;11;2;11;8;154500;2;3;0.990647;0.987443
914;2017;16;4;1601;1601002;-;02;11;3;11;8;238150;2;3;0.992695;0.990066
915;2017;16;4;1601;1601002;-;02;11;4;11;8;150000;2;3;0.984608;0.981715
916;2017;16;4;1601;1601003;-;02;11;3;11;8;150000;2;3;0.992018;0.989523
917;2017;16;4;1602;1602004;-;01;5;2;11;8;8300;2;3;0.834895;0.791344
918;2017;16;4;1602;1602004;-;02;5;2;11;8;438600;2;3;0.977648;0.974483
919;2017;16;4;1605;1605004;-;02;5;3;11;8;48900;2;3;0.979106;0.973230
920;2017;16;5;0;0;-;-;11;1;11;8;186000;1;1;0.611296;0.614043
921;2017;16;5;0;0;-;02;5;2;11;8;480000;2;3;0.977801;0.974684
922;2017;16;5;0;0;-;02;5;3;11;8;69400;2;3;0.978530;0.976911
923;2017;16;5;1601;1601003;-;02;5;4;11;8;175200;2;3;0.936854;0.919156
924;2017;16;5;1604;1604001;-;-;5;2;11;8;17000;2;3;0.559906;0.526733
925;2017;16;5;1604;1604001;-;01;5;3;11;8;38600;2;3;0.886156;0.879266
926;2017;16;5;1604;1604001;-;01;5;5;11;8;229360;2;3;0.858253;0.859634
927;2017;16;5;1604;1604001;-;01;11;2;11;8;151400;2;3;0.923817;0.926578
928;2017;16;5;1604;1604001;-;01;11;3;11;8;100000;2;3;0.884881;0.918990
929;2017;16;5;1604;1604001;-;01;11;4;11;8;639000;2;3;0.892009;0.867475
930;2017;16;5;1604;1604001;-;01;11;5;11;8;380000;2;3;0.921536;0.923535
931;2017;16;5;1604;1604001;-;02;5;2;11;8;771050;2;3;0.977861;0.974684
932;2017;16;5;1604;1604001;-;02;5;3;11;8;540600;2;3;0.980725;0.975808
933;2017;16;5;1604;1604001;-;02;5;4;11;8;583075;2;3;0.961319;0.957159
934;2017;16;5;1604;1604001;-;02;5;5;11;8;438000;2;3;0.934929;0.946131
935;2017;16;5;1604;1604001;-;02;11;2;11;8;284500;2;3;0.992492;0.989084
936;2017;16;5;1604;1604001;-;02;11;4;11;8;348647;2;3;0.978047;0.980618
937;2017;16;5;1604;1604001;-;02;11;5;11;8;510000;2;3;0.988539;0.985282
938;2017;16;5;1604;1604001;-;02;12;4;11;8;100800;2;3;0.946675;0.957717
939;2017;16;5;1604;1604001;-;16;5;3;11;8;92000;2;3;0.595986;0.597213
940;2017;16;5;1604;1604002;-;-;5;2;11;8;70000;2;3;0.517042;0.466471
941;2017;16;5;1604;1604002;-;02;5;2;11;8;317400;2;3;0.977648;0.974483
942;2017;16;5;1604;1604002;-;02;5;3;11;8;290925;2;3;0.979478;0.975165
943;2017;16;5;1604;1604002;-;02;5;4;11;8;3047500;2;3;0.951861;0.954467
944;2017;16;5;1604;1604002;-;02;11;2;11;8;478710;2;3;0.992166;0.989084
945;2017;16;5;1604;1604002;-;02;11;3;11;8;180589;2;3;0.992974;0.989784
946;2017;16;5;1604;1604002;-;02;11;4;11;8;86000;2;3;0.979885;0.979635
947;2017;16;5;1604;1604003;-;-;5;2;11;8;15000;2;3;0.573429;0.527376
948;2017;16;5;1604;1604003;-;-;5;3;11;8;118000;2;3;0.568885;0.571019
949;2017;16;5;1604;1604003;-;01;5;2;11;8;89450;2;3;0.672927;0.643846
950;2017;16;5;1604;1604003;-;01;5;4;11;8;30000;2;3;0.885053;0.885655
951;2017;16;5;1604;1604003;-;02;2;4;11;8;650000;2;3;0.978413;0.975405
952;2017;16;5;1604;1604003;-;02;5;2;11;8;265600;2;3;0.970444;0.974483
953;2017;16;5;1604;1604003;-;02;5;3;11;8;1002000;2;3;0.980784;0.975808
954;2017;16;5;1604;1604003;-;02;5;4;11;8;535650;2;3;0.955605;0.957159
955;2017;16;5;1604;1604003;-;02;8;5;11;8;813215;2;3;0.986056;0.988779
956;2017;16;5;1604;1604003;-;02;11;2;11;8;57000;2;3;0.992849;0.981629
957;2017;16;5;1604;1604003;-;02;11;3;11;8;40000;2;3;0.992765;0.990870
958;2017;16;5;1604;1604003;-;02;11;4;11;8;594000;2;3;0.986139;0.981894
959;2017;16;5;1604;1604004;-;01;5;4;11;8;70000;2;3;0.872374;0.872948
960;2017;16;5;1604;1604004;-;01;11;2;11;8;14000;2;3;0.950331;0.950384
961;2017;16;5;1604;1604004;-;02;5;2;11;8;352440;2;3;0.977648;0.974483
962;2017;16;5;1604;1604004;-;02;5;3;11;8;222000;2;3;0.979417;0.975986
963;2017;16;5;1604;1604004;-;02;5;4;11;8;1044300;2;3;0.961379;0.957159
964;2017;16;5;1604;1604004;-;02;5;5;11;8;511250;2;3;0.961843;0.953021
965;2017;16;5;1604;1604004;-;02;11;2;11;8;132016;2;3;0.990647;0.987443
966;2017;16;5;1604;1604004;-;02;11;3;11;8;120580;2;3;0.992018;0.982856
967;2017;16;5;1604;1604004;-;02;11;4;11;8;150000;2;3;0.984608;0.981715
968;2017;16;5;1604;1604004;-;18;5;3;11;8;143551;2;1;0.394833;0.406421
969;2017;16;5;1604;1604005;-;01;5;4;11;8;146000;2;3;0.837775;0.833340
970;2017;16;5;1604;1604005;-;02;5;2;11;8;287650;2;3;0.977648;0.974483
971;2017;16;5;1604;1604005;-;02;5;3;11;8;266000;2;3;0.972274;0.975453
972;2017;16;5;1604;1604005;-;02;5;4;11;8;548500;2;3;0.961319;0.957159
973;2017;16;5;1604;1604005;-;02;11;2;11;8;78400;2;3;0.991045;0.988950
974;2017;16;5;1604;1604005;-;02;11;3;11;8;335500;2;3;0.992288;0.990190
975;2017;16;5;1604;1604005;-;02;11;4;11;8;329000;2;3;0.978047;0.980618
976;2017;16;5;1604;1604006;-;-;5;2;11;8;2200;2;3;0.590639;0.521609
977;2017;16;5;1604;1604006;-;02;5;2;11;8;394260;2;3;0.977648;0.974483
978;2017;16;5;1604;1604006;-;02;5;3;11;8;42000;2;3;0.979106;0.973230
979;2017;16;5;1604;1604006;-;02;5;4;11;8;329291;2;3;0.946596;0.942264
980;2017;16;5;1604;1604006;-;02;5;5;11;8;1430000;2;3;0.967617;0.965799
981;2017;16;5;1604;1604006;-;02;11;2;11;8;25500;2;3;0.989898;0.974365
982;2017;16;5;1604;1604006;-;02;11;3;11;8;149500;2;3;0.992018;0.989523
983;2017;16;5;1604;1604006;-;16;5;4;11;8;114700;2;3;0.579000;0.585236
984;2017;16;5;1604;1604007;-;01;11;2;11;8;3730;2;3;0.912414;0.923178
985;2017;16;5;1604;1604007;-;01;11;5;11;8;685000;2;3;0.911536;0.893271
986;2017;16;5;1604;1604007;-;02;5;2;11;8;1512565;2;3;0.977861;0.974684
987;2017;16;5;1604;1604007;-;02;5;3;11;8;923400;2;3;0.980784;0.975808
988;2017;16;5;1604;1604007;-;02;5;5;11;8;160000;2;3;0.959635;0.952906
989;2017;16;5;1604;1604007;-;02;11;2;11;8;135000;2;3;0.990647;0.987443
990;2017;16;5;1604;1604007;-;02;11;3;11;8;447000;2;3;0.986288;0.983190
991;2017;16;5;1605;1605004;-;02;5;2;11;8;14400;2;3;0.971131;0.973972
992;2017;16;5;1605;1605004;-;02;11;4;11;8;200000;2;3;0.985793;0.983329
993;2017;16;5;1607;1607004;-;02;5;2;11;8;52000;2;3;0.970073;0.969018
994;2017;16;6;0;0;-;-;0;1;11;8;27600;1;1;0.573011;0.604025
995;2017;16;6;0;0;-;02;5;1;11;8;20075;2;3;0.602853;0.593791
996;2017;16;6;0;0;-;02;5;2;11;8;49190;2;3;0.970073;0.969018
997;2017;16;6;1601;1601004;-;02;11;5;11;8;851700;2;3;0.988539;0.985282
998;2017;16;6;1605;1605001;-;02;5;2;11;8;28475;2;3;0.970073;0.969018
999;2017;16;6;1605;1605001;-;02;5;3;11;8;49810;2;3;0.979106;0.973230
1000;2017;16;6;1605;1605001;-;02;11;2;11;8;121000;2;3;0.990647;0.980776
1001;2017;16;6;1605;1605003;-;01;5;2;11;8;18000;2;3;0.830356;0.798486
1002;2017;16;6;1605;1605003;-;02;5;2;11;8;101710;2;3;0.965610;0.970576
1003;2017;16;6;1605;1605004;-;02;5;2;11;8;50960;2;3;0.970073;0.969018
1004;2017;16;6;1605;1605004;-;02;5;3;11;8;59000;2;3;0.979106;0.973230
1005;2017;16;6;1605;1605004;-;02;11;2;11;8;13250;2;3;0.986453;0.988486
1006;2017;16;6;1605;1605005;-;01;5;2;11;8;10950;2;3;0.836510;0.798486
1007;2017;16;6;1605;1605005;-;02;5;2;11;8;21000;2;3;0.969297;0.972397
1008;2017;16;6;1605;1605006;-;02;2;3;11;8;365000;2;3;0.989935;0.974729
1009;2017;16;6;1605;1605006;-;02;11;3;11;8;12000;2;3;0.986370;0.989155
1010;2017;16;6;1606;1606003;-;02;5;2;11;8;5000;2;3;0.965089;0.958275
1011;2017;16;6;1606;1606005;-;01;5;2;11;8;45990;2;3;0.822213;0.766139
1012;2017;16;6;1606;1606005;-;01;5;3;11;8;324000;2;3;0.862164;0.856064
1013;2017;16;6;1606;1606005;-;02;5;2;11;8;422480;2;3;0.977648;0.974483
1014;2017;16;6;1606;1606005;-;02;5;3;11;8;751000;2;3;0.980725;0.975808
1015;2017;16;6;1606;1606005;-;50;5;3;11;8;42000;2;3;0.594805;0.606134
1016;2017;16;7;0;0;-;-;8;1;11;8;159200;1;1;0.553696;0.590130
1017;2017;16;7;1605;1605004;-;02;5;2;11;8;72270;2;3;0.970978;0.968414
1018;2017;16;7;1605;1605006;-;02;2;3;11;8;172500;2;3;0.983171;0.980425
1019;2017;16;7;1606;1606004;-;-;5;4;11;6;270000;2;3;0.640646;0.563125
1020;2017;16;7;1606;1606004;-;02;5;3;11;8;63760;2;3;0.978530;0.976911
1021;2017;16;7;1606;1606005;-;02;5;2;11;8;26260;2;3;0.969297;0.969018
1022;2017;16;7;1607;1607003;-;02;5;4;11;8;132100;2;3;0.896310;0.897198
1023;2017;16;7;1607;1607003;-;02;11;3;11;8;188250;2;3;0.992695;0.990066
1024;2017;16;8;0;0;-;02;5;2;11;8;23100;2;3;0.969297;0.947049
1025;2017;16;8;0;0;-;02;8;2;11;8;107000;2;3;0.987495;0.986880
1026;2017;16;8;1603;1603001;-;02;5;2;11;8;328500;2;3;0.977648;0.974483
1027;2017;16;8;1603;1603001;-;16;5;2;11;8;106174;2;3;0.527274;0.471775
1028;2017;16;8;1603;1603002;-;01;5;2;11;8;201770;2;3;0.799603;0.739225
1029;2017;16;8;1603;1603002;-;02;5;2;11;8;69500;2;3;0.970978;0.975914
1030;2017;16;8;1603;1603003;-;-;5;2;11;8;52740;2;3;0.530316;0.496815
1031;2017;16;8;1603;1603003;-;01;5;2;4;8;20000;2;3;0.723248;0.640470
1032;2017;16;8;1603;1603003;-;01;5;2;4;9;3000;2;3;0.668924;0.542518
1033;2017;16;8;1603;1603003;-;01;5;3;11;8;18500;2;3;0.884051;0.890528
1034;2017;16;8;1603;1603003;-;02;5;2;11;8;161735;2;3;0.962317;0.970033
1035;2017;16;8;1603;1603004;-;01;5;3;11;8;97620;2;3;0.799109;0.822642
1036;2017;16;8;1603;1603004;-;02;2;3;11;8;87000;2;3;0.990788;0.981319
1037;2017;16;8;1603;1603004;-;02;11;3;11;8;127630;2;3;0.992018;0.989523
1038;2017;16;8;1603;1603005;-;01;5;3;11;8;82650;2;3;0.830458;0.854766
1039;2017;16;8;1603;1603006;-;01;3;2;11;8;8900;2;3;0.912699;0.905270
1040;2017;16;8;1603;1603006;-;01;5;2;11;8;23550;2;3;0.829511;0.781216
1041;2017;16;8;1603;1603006;-;02;5;2;11;8;19000;2;3;0.964977;0.965551
1042;2017;16;8;1603;1603006;-;02;5;4;11;8;19200;2;3;0.911062;0.902897
1043;2017;16;8;1606;1606001;-;02;5;2;11;8;83100;2;3;0.965272;0.972428
1044;2017;16;8;1607;1607003;-;02;5;2;11;8;65700;2;3;0.970978;0.975914
1045;2017;16;8;1607;1607003;-;02;11;2;11;8;14760;2;3;0.986453;0.988486
1046;2017;16;9;1602;1602001;-;02;5;3;11;8;229000;2;3;0.979417;0.975986
1047;2017;16;9;1602;1602001;-;02;5;6;11;8;210000;2;3;0.962991;0.958469
1048;2017;16;9;1602;1602001;-;02;11;2;11;8;83100;2;3;0.983267;0.989224
1049;2017;16;9;1602;1602001;-;02;11;3;11;8;73600;2;3;0.992765;0.992688
1050;2017;16;9;1602;1602002;-;02;5;4;11;8;511000;2;3;0.943105;0.941882
1051;2017;16;9;1602;1602002;-;02;11;4;11;8;109500;2;3;0.979487;0.976592
1052;2017;16;9;1602;1602003;-;-;5;2;11;8;29450;2;3;0.537658;0.512515
1053;2017;16;9;1602;1602003;-;02;5;2;11;8;315650;2;3;0.977648;0.974483
1054;2017;16;9;1602;1602003;-;02;5;3;11;8;335050;2;3;0.979478;0.975165
1055;2017;16;9;1602;1602003;-;02;11;2;11;8;413812;2;3;0.992492;0.989084
1056;2017;16;9;1602;1602003;-;02;11;3;11;8;118800;2;3;0.989111;0.975967
1057;2017;16;9;1602;1602003;-;02;11;4;11;8;152000;2;3;0.984608;0.981715
1058;2017;16;10;0;0;-;02;5;1;11;8;153216;2;3;0.623716;0.593095
1059;2017;17;3;1701;1701004;-;02;5;3;11;8;295500;2;3;0.957151;0.958183
1060;2017;17;5;0;0;-;02;11;4;11;8;161112;2;3;0.980717;0.988723
1061;2017;17;6;0;0;-;17;5;2;11;8;18250;2;3;0.609042;0.590320
1062;2017;17;7;1701;1701001;-;03;4;6;11;6;453;2;3;0.806468;0.816121
1063;2017;17;7;1701;1701001;-;03;4;6;11;7;1617;2;3;0.857839;0.869855
1064;2017;17;7;1701;1701001;-;03;4;6;11;8;92610;2;3;0.847703;0.825281
1065;2017;17;7;1701;1701001;-;03;4;6;11;9;13040;2;3;0.849734;0.796196
1066;2017;17;8;0;0;-;-;5;1;11;8;39000;1;1;0.658877;0.587982
1067;2017;17;8;1702;1702002;-;01;5;2;11;8;39000;2;3;0.771241;0.777145
1068;2017;17;8;1702;1702005;-;01;0;2;11;8;27057;2;3;0.885213;0.898762
1069;2017;17;8;1702;1702005;-;01;8;4;11;8;45000;2;3;0.929726;0.947672
1070;2017;17;8;1702;1702005;-;01;11;2;11;8;28058;2;3;0.938217;0.940302
1071;2017;17;8;1702;1702005;-;01;11;3;11;8;56575;2;3;0.954616;0.959322
1072;2017;17;8;1702;1702005;-;02;5;2;11;8;273000;2;3;0.903726;0.901697
1073;2017;17;8;1702;1702005;-;02;5;3;11;8;338800;2;3;0.957151;0.955433
1074;2017;17;8;1702;1702005;-;02;11;2;11;8;30000;2;3;0.987463;0.988284
1075;2017;17;8;1702;1702005;-;02;11;3;11;8;219000;2;3;0.986779;0.991934
1076;2017;17;8;1702;1702005;-;02;11;4;11;8;285000;2;3;0.962401;0.980630
1077;2017;17;8;1703;1703005;-;01;5;4;11;8;100000;2;3;0.844981;0.846696
1078;2017;17;8;1704;1704006;-;01;5;2;11;8;5000;2;3;0.779817;0.786057
1079;2017;17;9;1704;1704003;-;02;5;4;11;8;287755;2;3;0.951398;0.954519
1080;2017;17;9;1704;1704005;-;01;5;3;11;8;280000;2;3;0.633805;0.674188
1081;2017;17;9;1704;1704006;-;01;11;3;11;8;205875;2;3;0.935877;0.929004
1082;2017;17;10;0;0;-;01;5;1;11;8;862159;1;1;0.790361;0.730280
1083;2017;17;10;0;0;-;18;5;1;11;8;108000;1;1;0.832314;0.824746
1084;2017;17;10;1702;1702002;-;01;5;2;11;8;12200;2;3;0.771326;0.783120
1085;2017;17;10;1702;1702002;-;01;5;3;11;8;108000;2;3;0.844981;0.860272
1086;2017;17;10;1702;1702002;-;01;5;4;11;8;41500;2;3;0.874326;0.886353
1087;2017;17;10;1702;1702002;-;02;5;2;11;8;21500;2;3;0.965120;0.983110
1088;2017;17;10;1702;1702005;-;02;5;5;11;8;142870;2;3;0.963811;0.965246
1089;2017;17;10;1702;1702005;-;02;11;2;11;8;98000;2;3;0.979538;0.976302
1090;2017;17;10;1702;1702006;-;01;5;3;11;8;116500;2;3;0.844981;0.860272
1091;2017;17;10;1702;1702006;-;02;11;2;11;8;54750;2;3;0.987463;0.988284
1092;2017;17;10;1702;1702006;-;02;11;6;11;8;975570;2;3;0.981163;0.988753
1093;2017;17;11;1702;1702003;-;01;5;2;11;8;6000;2;3;0.784286;0.795340
1094;2017;17;11;1702;1702003;-;01;5;3;11;8;60000;2;3;0.869461;0.887367
1095;2017;17;11;1702;1702003;-;01;5;4;11;8;15000;2;3;0.870829;0.890490
1096;2017;17;11;1702;1702003;-;02;5;2;11;8;70000;2;3;0.967405;0.972784
1097;2017;17;11;1702;1702003;-;02;5;3;11;8;118600;2;3;0.960648;0.978473
1098;2017;17;11;1702;1702003;-;02;5;4;11;8;166536;2;3;0.951537;0.964737
1099;2017;17;11;1702;1702003;-;02;11;2;11;8;80500;2;3;0.971760;0.980270
1100;2017;17;11;1702;1702004;-;02;5;2;11;8;70000;2;3;0.967405;0.972784
1101;2017;17;11;1702;1702004;-;02;11;2;11;8;80000;2;3;0.971760;0.980270
1102;2017;17;11;1702;1702004;-;02;11;4;11;8;127750;2;3;0.987454;0.988723
1103;2017;17;11;1702;1702008;-;01;3;5;11;8;21053;2;3;0.907970;0.929405
1104;2017;18;6;1802;1802001;-;02;5;2;11;8;31120;2;3;0.969357;0.970570
1105;2017;18;6;1802;1802002;-;02;5;2;11;8;27540;2;3;0.969357;0.970570
1106;2017;18;10;1802;1802001;-;01;5;2;11;8;1200;2;3;0.802639;0.782494
1107;2017;18;16;1806;1806002;-;01;8;5;11;8;36500;2;3;0.937362;0.907239
1108;2017;19;7;1901;1901005;-;02;11;2;11;8;78060;2;3;0.969701;0.966911
1109;2017;19;10;0;0;-;02;5;1;11;8;40;2;3;0.635410;0.576362
1110;2017;19;10;1903;1903002;-;01;8;2;11;8;30000;2;3;0.931481;0.934429
1111;2018;2;2;302;302002;-;02;11;2;11;8;13860;2;3;0.992923;0.988506
1112;2018;2;3;0;0;-;02;5;2;11;8;5000;2;3;0.980673;0.948012
1113;2018;2;3;304;304002;-;40;11;2;4;8;25000;4;9;0.533521;0.354417
1114;2018;2;6;317;317006;-;02;11;3;11;8;80300;2;3;0.996016;0.987521
1115;2018;2;6;318;318003;-;02;11;2;11;8;18250;2;3;0.992923;0.988506
1116;2018;2;7;316;316004;-;40;5;2;4;8;300;4;9;0.499055;0.420303
1117;2018;2;8;0;0;-;18;5;1;11;8;10000;1;1;0.858120;0.706491
1118;2018;2;8;314;314001;-;01;5;2;11;8;15000;2;3;0.830236;0.782279
1119;2018;2;8;314;314008;-;02;5;2;11;8;57400;2;3;0.982281;0.904826
1120;2018;2;10;0;0;-;02;5;2;11;8;73500;2;3;0.960565;0.890047
1121;2018;2;10;308;308002;-;16;5;2;11;8;70000;2;3;0.615094;0.545823
1122;2018;2;10;308;308003;-;02;11;3;11;8;30000;2;3;0.996168;0.994336
1123;2018;2;10;308;308005;-;01;11;3;11;8;219000;2;3;0.938877;0.899911
1124;2018;2;10;308;308005;-;02;11;2;11;8;1395;2;3;0.983804;0.971441
1125;2018;2;10;309;309004;-;01;11;2;11;8;1500;2;3;0.940429;0.909265
1126;2018;2;10;309;309004;-;02;11;2;11;8;50000;2;3;0.991495;0.983810
1127;2018;2;10;312;312002;-;02;8;2;11;8;17600;2;3;0.984592;0.978323
1128;2018;2;11;0;0;-;02;5;2;11;8;26500;2;3;0.983704;0.950029
1129;2018;2;11;306;306003;-;02;1;4;11;8;940;2;3;0.964227;0.971697
1130;2018;2;14;312;312005;-;01;5;4;11;8;68288;2;3;0.889901;0.799888
1131;2018;3;2;0;0;-;18;5;1;11;8;81000;1;1;0.856579;0.869154
1132;2018;4;2;505;505004;-;02;5;3;11;8;50000;2;3;0.978713;0.976728
1133;2018;4;2;505;505006;-;02;5;4;11;8;101220;2;3;0.976309;0.969830
1134;2018;4;2;505;505006;-;02;11;2;11;8;51100;2;3;0.986457;0.972751
1135;2018;4;2;505;505006;-;02;11;4;11;8;74500;2;3;0.980455;0.953289
1136;2018;4;5;0;0;-;02;11;3;11;8;307800;2;3;0.983555;0.983521
1137;2018;4;5;503;503006;-;03;11;4;11;8;7800;2;3;0.800266;0.738824
1138;2018;4;5;505;505003;-;02;11;3;11;8;209500;2;3;0.989458;0.983092
1139;2018;4;5;505;505003;-;02;11;4;11;8;18250;2;3;0.976883;0.971606
1140;2018;4;5;505;505005;-;02;5;2;11;8;92000;2;3;0.904109;0.898313
1141;2018;4;5;505;505005;-;02;5;3;11;8;61590;2;3;0.944707;0.959965
1142;2018;4;5;505;505005;-;02;5;6;11;8;474800;2;3;0.982030;0.977411
1143;2018;4;5;505;505005;-;02;11;2;11;8;23150;2;3;0.986457;0.962560
1144;2018;4;5;505;505005;-;02;11;4;11;8;289000;2;3;0.881011;0.889767
1145;2018;4;5;505;505005;-;02;11;5;11;8;346750;2;3;0.975308;0.973180
1146;2018;4;5;506;506005;-;01;5;3;11;8;135000;2;3;0.823228;0.829416
1147;2018;4;5;506;506005;-;01;11;2;11;8;65500;2;3;0.951343;0.891401
1148;2018;4;5;506;506005;-;02;5;2;11;8;47450;2;3;0.963336;0.968268
1149;2018;4;5;506;506005;-;02;5;3;11;8;20000;2;3;0.974580;0.977161
1150;2018;4;5;506;506005;-;02;5;4;11;8;615260;2;3;0.984672;0.973428
1151;2018;4;5;506;506005;-;02;11;3;11;8;330076;2;3;0.984666;0.983521
1152;2018;4;5;506;506005;-;02;11;4;11;8;247000;2;3;0.942136;0.926498
1153;2018;4;5;506;506005;-;02;11;5;11;8;566340;2;3;0.981023;0.974456
1154;2018;4;5;506;506006;-;02;1;4;11;8;250269;2;3;0.974204;0.968967
1155;2018;4;5;506;506006;-;02;1;4;11;9;24000;2;3;0.940263;0.880911
1156;2018;4;5;506;506006;-;02;5;2;11;8;38000;2;3;0.974169;0.968268
1157;2018;4;5;506;506006;-;02;5;3;11;8;230500;2;3;0.986985;0.977308
1158;2018;4;5;506;506006;-;02;11;3;11;8;213000;2;3;0.989458;0.983092
1159;2018;4;6;0;0;-;02;9;2;11;8;35724;2;3;0.985227;0.975835
1160;2018;4;6;0;0;-;02;9;2;11;9;2185;2;3;0.932527;0.908022
1161;2018;4;6;501;501004;-;02;5;2;11;8;11500;2;3;0.971104;0.973815
1162;2018;4;6;506;506003;-;01;11;2;11;8;86800;2;3;0.916548;0.868383
1163;2018;4;6;506;506003;-;02;5;2;11;8;248900;2;3;0.971433;0.957591
1164;2018;4;6;506;506003;-;02;5;3;11;8;5000;2;3;0.970720;0.966484
1165;2018;4;6;506;506004;-;01;5;2;11;8;5400;2;3;0.719700;0.777865
1166;2018;4;6;506;506004;-;02;5;2;11;8;15100;2;3;0.971104;0.973815
1167;2018;4;6;506;506004;-;02;11;3;11;8;200000;2;3;0.989458;0.983092
1168;2018;4;6;506;506004;-;40;5;2;4;8;3000;4;3;0.517324;0.344022
1169;2018;4;6;506;506004;-;40;5;2;4;9;1000;4;3;0.453823;0.361856
1170;2018;4;6;506;506005;-;01;11;3;4;8;1380;2;3;0.730811;0.687643
1171;2018;4;6;506;506005;-;02;5;2;11;8;146000;2;3;0.958868;0.952752
1172;2018;4;6;506;506005;-;02;5;3;11;8;184250;2;3;0.986985;0.977308
1173;2018;4;6;506;506005;-;02;11;2;11;8;9600;2;3;0.982885;0.976682
1174;2018;4;6;506;506005;-;02;11;3;11;8;378500;2;3;0.984666;0.983521
1175;2018;4;6;506;506009;-;01;11;3;11;8;60000;2;3;0.967796;0.935289
1176;2018;4;6;506;506009;-;02;8;2;11;8;166000;2;3;0.984215;0.966575
1177;2018;4;7;504;504001;-;01;14;3;11;8;434000;2;3;0.887548;0.897203
1178;2018;4;7;504;504001;-;02;5;3;11;8;190000;2;3;0.986985;0.977308
1179;2018;4;7;504;504001;-;02;11;3;11;8;420000;2;3;0.984666;0.983521
1180;2018;4;7;504;504001;-;02;12;3;11;8;210265;2;3;0.989966;0.988949
1181;2018;4;9;502;502001;-;02;5;2;11;8;9000;2;3;0.967024;0.973815
1182;2018;4;9;502;502003;-;01;5;3;11;8;109000;2;3;0.838114;0.846815
1183;2018;4;9;502;502003;-;02;8;3;11;8;139200;2;3;0.992847;0.984892
1184;2018;4;9;502;502003;-;02;11;3;11;8;120400;2;3;0.989779;0.977735
1185;2018;4;9;502;502004;-;01;5;3;11;8;38400;2;3;0.879661;0.884208
1186;2018;4;10;501;501004;-;02;8;5;11;8;111000;2;3;0.991055;0.986479
1187;2018;4;10;501;501004;-;02;8;5;11;9;259000;2;3;0.938168;0.926080
1188;2018;4;10;501;501006;-;02;5;3;11;8;290000;2;3;0.986514;0.978145
1189;2018;4;11;501;501002;-;01;5;2;11;6;46700;2;3;0.690081;0.733316
1190;2018;4;11;501;501002;-;02;5;2;11;8;280000;2;3;0.970962;0.958716
1191;2018;4;12;0;0;-;02;5;2;11;8;80000;2;3;0.835328;0.859365
1192;2018;4;12;502;502003;-;02;5;2;11;8;82000;2;3;0.841995;0.867837
1193;2018;4;12;502;502004;-;01;5;3;11;8;9720;2;3;0.883479;0.885464
1194;2018;4;12;502;502004;-;02;11;3;11;8;310250;2;3;0.983555;0.983521
1195;2018;4;12;503;503001;-;02;11;4;11;8;120000;2;3;0.976016;0.961124
1196;2018;4;12;503;503002;-;02;5;2;11;8;85400;2;3;0.870725;0.879980
1197;2018;4;13;0;0;-;02;5;2;11;8;335800;2;3;0.970962;0.958716
1198;2018;4;13;0;0;-;02;5;4;11;8;288015;2;3;0.980486;0.972053
1199;2018;4;13;502;502006;-;02;11;3;11;8;36000;2;3;0.990864;0.980087
1200;2018;4;13;503;503003;-;02;5;2;11;8;218000;2;3;0.971433;0.957591
1201;2018;4;13;503;503003;-;02;5;3;11;8;71175;2;3;0.944707;0.933092
1202;2018;4;13;503;503003;-;02;5;4;11;8;73000;2;3;0.954776;0.937956
1203;2018;4;13;503;503003;-;02;5;5;11;8;36500;2;3;0.974155;0.962414
1204;2018;4;13;503;503007;-;02;5;2;11;8;65780;2;3;0.828212;0.843175
1205;2018;4;13;503;503007;-;02;5;3;11;8;514120;2;3;0.986514;0.978346
1206;2018;4;13;503;503007;-;02;5;4;11;8;95000;2;3;0.971309;0.969830
1207;2018;4;13;503;503007;-;02;11;2;11;8;200000;2;3;0.985570;0.969017
1208;2018;4;13;503;503007;-;02;11;4;11;8;38300;2;3;0.980455;0.970975
1209;2018;4;13;503;503007;-;02;11;5;11;8;730000;2;3;0.981023;0.974456
1210;2018;4;14;0;0;-;02;5;5;11;8;720000;2;3;0.982030;0.977411
1211;2018;4;14;502;502006;-;02;5;2;11;8;36500;2;3;0.974169;0.968268
1212;2018;4;14;503;503004;-;02;11;2;11;8;154030;2;3;0.986163;0.962519
1213;2018;4;14;504;504002;-;-;11;2;11;8;180000;2;3;0.656993;0.681339
1214;2018;4;14;504;504002;-;02;11;4;11;8;109135;2;3;0.976288;0.964874
1215;2018;4;14;504;504004;-;02;11;2;11;8;78200;2;3;0.978678;0.932839
1216;2018;4;14;506;506001;-;01;5;5;11;8;305000;2;3;0.846659;0.846026
1217;2018;4;14;506;506001;-;02;5;2;11;8;36500;2;3;0.974169;0.968268
1218;2018;4;14;506;506001;-;02;5;4;11;8;240000;2;3;0.983152;0.972957
1219;2018;4;14;506;506001;-;02;11;5;11;8;185000;2;3;0.982813;0.970828
1220;2018;4;15;504;504004;-;02;5;2;11;8;36500;2;3;0.974169;0.968268
1221;2018;4;16;0;0;-;02;13;2;11;8;23000;2;3;0.853922;0.830971
1222;2018;4;16;504;504006;-;02;2;4;11;8;130000;2;3;0.981429;0.976228
1223;2018;4;16;504;504006;-;02;5;2;11;8;146000;2;3;0.958868;0.952752
1224;2018;4;16;504;504006;-;02;5;3;11;8;255500;2;3;0.986985;0.971594
1225;2018;4;16;504;504006;-;02;12;3;11;8;382320;2;3;0.989424;0.988360
1226;2018;4;16;506;506001;-;01;5;4;11;8;73700;2;3;0.838497;0.835998
1227;2018;4;16;506;506007;-;02;5;2;11;8;146000;2;3;0.958868;0.952752
1228;2018;4;16;506;506007;-;02;11;2;11;8;181000;2;3;0.982486;0.965340
1229;2018;4;16;506;506007;-;02;11;3;11;8;631150;2;3;0.984666;0.983521
1230;2018;4;16;506;506007;-;02;11;4;11;8;841000;2;3;0.970080;0.965110
1231;2018;4;16;506;506008;-;-;11;3;11;8;7500;2;3;0.785701;0.701351
1232;2018;4;16;506;506008;-;01;5;2;11;8;45000;2;3;0.695083;0.755286
1233;2018;4;16;506;506008;-;02;5;2;11;8;43200;2;3;0.974169;0.968268
1234;2018;4;16;506;506008;-;02;5;3;11;8;189800;2;3;0.986985;0.977308
1235;2018;4;17;0;0;-;18;11;1;11;8;10000;1;1;0.811991;0.757353
1236;2018;4;17;502;502006;-;02;11;3;11;8;90000;2;3;0.990052;0.977735
1237;2018;4;17;503;503005;-;01;5;2;11;8;30000;2;3;0.701750;0.755286
1238;2018;4;17;503;503005;-;01;5;3;11;8;24000;2;3;0.875528;0.868194
1239;2018;4;17;503;503005;-;02;5;2;11;8;36500;2;3;0.974169;0.968268
1240;2018;4;17;503;503005;-;02;11;2;11;8;97000;2;3;0.984392;0.962685
1241;2018;4;17;503;503006;-;01;5;4;11;8;153300;2;3;0.870697;0.838778
1242;2018;4;17;503;503006;-;01;5;6;11;8;190000;2;3;0.842588;0.852961
1243;2018;4;17;503;503006;-;01;11;4;11;8;502760;2;3;0.956455;0.938859
1244;2018;4;17;503;503006;-;01;11;5;11;8;40000;2;3;0.967136;0.943863
1245;2018;4;17;503;503006;-;02;5;2;11;8;54000;2;3;0.925556;0.911749
1246;2018;4;17;503;503006;-;02;5;3;11;8;160500;2;3;0.980457;0.970781
1247;2018;4;17;503;503006;-;02;5;4;11;8;439700;2;3;0.974757;0.972053
1248;2018;4;17;503;503006;-;02;8;2;11;8;20000;2;3;0.983414;0.982099
1249;2018;4;17;503;503006;-;02;11;2;11;8;225000;2;3;0.985570;0.969017
1250;2018;4;17;503;503007;-;02;5;2;11;8;56575;2;3;0.925556;0.903343
1251;2018;4;17;503;503007;-;02;11;2;11;8;36000;2;3;0.986457;0.972751
1252;2018;4;17;503;503007;-;02;11;3;11;8;90000;2;3;0.990052;0.977735
1253;2018;4;17;505;505001;-;01;11;3;11;8;170000;2;3;0.951718;0.922259
1254;2018;4;17;505;505001;-;02;5;2;11;8;40000;2;3;0.974169;0.968268
1255;2018;4;17;505;505001;-;02;5;4;11;8;360000;2;3;0.980486;0.972053
1256;2018;4;17;505;505001;-;02;5;5;11;8;329230;2;3;0.982030;0.976036
1257;2018;4;17;505;505001;-;02;11;3;11;8;42000;2;3;0.990864;0.980087
1258;2018;4;17;505;505004;-;01;11;2;11;8;20000;2;3;0.951581;0.917646
1259;2018;4;17;505;505004;-;01;11;4;11;8;579000;2;3;0.956455;0.934859
1260;2018;4;17;505;505004;-;02;11;2;11;8;21900;2;3;0.986457;0.976682
1261;2018;4;17;505;505004;-;02;11;4;11;9;394000;2;3;0.931609;0.918463
1262;2018;4;17;505;505006;-;02;5;3;11;8;265000;2;3;0.970938;0.971298
1263;2018;4;17;505;505006;-;02;5;5;11;8;426525;2;3;0.982030;0.976036
1264;2018;4;17;506;506001;-;02;5;2;11;8;160000;2;3;0.959571;0.957708
1265;2018;4;17;506;506001;-;02;8;4;11;8;271600;2;3;0.953787;0.951647
1266;2018;4;17;506;506001;-;02;11;2;11;8;215800;2;3;0.985570;0.969017
1267;2018;4;18;0;0;-;02;5;2;11;8;109500;2;3;0.940775;0.938512
1268;2018;4;18;0;0;-;02;11;4;11;8;288000;2;3;0.881011;0.889767
1269;2018;4;18;0;0;-;02;11;5;11;8;252000;2;3;0.966087;0.963328
1270;2018;4;18;505;505001;-;01;5;4;11;8;109500;2;3;0.855440;0.854654
1271;2018;4;18;505;505001;-;01;11;2;11;8;161000;2;3;0.906352;0.877620
1272;2018;4;18;505;505001;-;01;11;3;11;8;109500;2;3;0.965978;0.928704
1273;2018;4;18;505;505001;-;01;11;4;11;8;110000;2;3;0.966543;0.937523
1274;2018;4;18;505;505001;-;01;11;5;11;8;275000;2;3;0.955601;0.941637
1275;2018;4;18;505;505001;-;02;5;2;11;8;300000;2;3;0.970962;0.958716
1276;2018;4;18;505;505001;-;02;5;4;11;8;280000;2;3;0.980486;0.972053
1277;2018;4;18;505;505001;-;02;11;5;11;8;145000;2;3;0.983386;0.974264
1278;2018;4;18;505;505002;-;01;5;3;11;8;89500;2;3;0.833798;0.833160
1279;2018;4;18;505;505002;-;01;5;6;11;8;144000;2;3;0.831259;0.813314
1280;2018;4;18;505;505002;-;01;11;3;11;8;694850;2;3;0.949223;0.927015
1281;2018;4;18;505;505002;-;01;11;4;11;8;100000;2;3;0.966543;0.937523
1282;2018;4;18;505;505002;-;01;11;5;11;8;210000;2;3;0.962577;0.940897
1283;2018;4;18;505;505002;-;01;14;7;11;8;157562;2;3;0.912841;0.909900
1284;2018;4;18;505;505002;-;02;5;5;11;8;438000;2;3;0.982030;0.976036
1285;2018;4;18;505;505002;-;02;11;4;11;8;620000;2;3;0.970080;0.965110
1286;2018;4;18;505;505003;-;01;5;4;11;8;146000;2;3;0.836631;0.806575
1287;2018;4;18;505;505003;-;01;5;5;11;8;180000;2;3;0.837175;0.830831
1288;2018;4;18;505;505003;-;01;8;3;11;8;169900;2;3;0.923666;0.913457
1289;2018;4;18;505;505003;-;01;11;2;11;8;79000;2;3;0.924326;0.862669
1290;2018;4;18;505;505003;-;02;5;3;11;8;224000;2;3;0.986985;0.977308
1291;2018;4;18;505;505003;-;02;5;4;11;8;67230;2;3;0.955382;0.963218
1292;2018;4;18;505;505003;-;02;11;4;11;8;293790;2;3;0.881011;0.889767
1293;2018;4;18;505;505003;-;03;5;6;11;8;868000;2;3;0.707002;0.660040
1294;2018;4;18;505;505005;-;01;5;4;11;8;135050;2;3;0.840554;0.830651
1295;2018;4;18;505;505005;-;01;11;2;11;8;19000;2;3;0.951581;0.917646
1296;2018;4;18;505;505005;-;02;5;2;11;8;231255;2;3;0.971433;0.957591
1297;2018;4;18;505;505005;-;02;5;3;11;9;228750;2;3;0.947194;0.917076
1298;2018;4;18;505;505005;-;02;11;3;11;8;540000;2;3;0.984666;0.983521
1299;2018;4;18;505;505005;-;02;11;4;11;8;180000;2;3;0.972089;0.958779
1300;2018;5;2;601;601004;-;02;12;8;11;9;112978192;2;3;0.969326;0.943584
1301;2018;5;2;602;602002;-;01;5;2;11;8;75000;2;3;0.710331;0.693962
1302;2018;5;13;601;601006;-;02;5;2;11;8;70000;2;3;0.980561;0.977455
1303;2018;5;14;604;604004;-;02;11;2;11;8;25000;2;3;0.995924;0.979326
1304;2018;5;15;601;601005;-;02;5;4;11;8;65000;2;3;0.982359;0.962740
1305;2018;6;2;702;702002;-;02;5;3;11;8;48800;2;3;0.995115;0.988073
1306;2018;6;2;702;702002;-;02;5;3;11;9;39600;2;3;0.969498;0.912865
1307;2018;6;3;702;702001;-;01;11;4;11;8;124000;2;3;0.921464;0.953581
1308;2018;6;4;701;701003;-;01;11;3;11;8;30000;2;3;0.956611;0.961011
1309;2018;6;4;701;701003;-;02;5;2;11;8;108000;2;3;0.980989;0.981672
1310;2018;6;4;701;701004;-;01;14;4;11;8;7270;2;3;0.917362;0.923485
1311;2018;6;4;701;701004;-;02;5;4;11;8;500;2;3;0.943220;0.954596
1312;2018;6;4;701;701005;-;02;5;3;11;8;179980;2;3;0.987081;0.988322
1313;2018;6;4;701;701005;-;02;5;5;11;8;79886;2;3;0.979363;0.975568
1314;2018;6;5;702;702005;-;16;11;2;11;8;20000;2;3;0.797030;0.700374
1315;2018;6;7;702;702001;-;01;5;3;11;8;96000;2;3;0.869564;0.847817
1316;2018;6;7;702;702001;-;02;5;2;11;8;85775;2;3;0.980989;0.983524
1317;2018;6;9;701;701004;-;02;5;3;11;8;99400;2;3;0.993526;0.983591
1318;2018;7;2;804;804003;-;02;5;2;11;8;85000;2;3;0.976937;0.974572
1319;2018;7;2;804;804003;-;02;11;5;11;8;540000;2;3;0.989029;0.991247
1320;2018;7;2;804;804004;-;01;5;2;11;8;87400;2;3;0.729306;0.707125
1321;2018;7;2;804;804004;-;02;11;2;11;8;79450;2;3;0.996029;0.993031
1322;2018;7;3;0;0;-;02;9;5;11;8;10970;2;3;0.986899;0.995524
1323;2018;7;3;805;805002;-;01;11;2;11;8;26000;2;3;0.954543;0.953538
1324;2018;7;4;801;801003;-;01;11;3;11;8;30000;2;3;0.964903;0.955554
1325;2018;7;5;805;805006;-;02;5;2;11;8;42821;2;3;0.990088;0.984864
1326;2018;7;5;805;805007;-;02;9;3;11;8;47450;2;3;0.997942;0.996946
1327;2018;7;7;805;805003;-;02;11;2;11;8;11680;2;3;0.993862;0.993807
1328;2018;7;9;804;804002;-;02;11;4;11;8;36500;2;3;0.991842;0.991257
1329;2018;7;11;802;802002;-;16;8;3;11;8;35000;2;3;0.815997;0.745857
1330;2018;7;13;0;0;-;02;5;1;11;8;5100;2;3;0.612236;0.605223
1331;2018;7;13;801;801006;-;01;11;4;11;8;87000;2;3;0.961084;0.956597
1332;2018;8;3;0;0;-;18;5;1;11;8;22500;1;1;0.801445;0.838460
1333;2018;8;3;904;904003;-;01;5;2;11;8;27000;2;3;0.630394;0.612865
1334;2018;8;3;904;904003;-;02;5;2;11;8;65000;2;3;0.819631;0.887512
1335;2018;8;3;905;905003;-;-;5;3;11;8;4400;2;3;0.488341;0.448383
1336;2018;8;3;905;905003;-;-;8;3;11;8;48000;2;3;0.577656;0.533762
1337;2018;8;3;905;905003;-;01;5;3;11;8;36000;2;3;0.652859;0.653479
1338;2018;8;4;903;903005;-;02;13;5;11;8;105940;2;3;0.583543;0.688645
1339;2018;8;4;903;903005;-;02;13;5;11;9;13000;2;3;0.531922;0.578747
1340;2018;8;13;906;906001;-;01;11;2;4;8;8000;4;4;0.730853;0.682019
1341;2018;8;13;906;906001;-;01;11;3;11;8;15000;2;3;0.585225;0.587883
1342;2018;8;13;906;906001;-;01;11;3;11;9;2000;2;3;0.545536;0.535711
1343;2018;9;2;1002;1002001;-;01;11;5;11;6;29977;2;3;0.869739;0.796438
1344;2018;9;2;1002;1002005;-;01;2;4;11;8;89000;2;3;0.846651;0.819214
1345;2018;9;2;1002;1002007;-;02;5;3;11;8;42350;2;3;0.927884;0.861267
1346;2018;9;2;1003;1003004;-;01;5;3;4;8;260;2;3;0.637174;0.563465
1347;2018;9;3;1004;1004004;-;02;5;3;4;8;300;2;3;0.813443;0.722255
1348;2018;9;6;1004;1004004;-;02;2;5;11;6;203186;2;3;0.932799;0.919315
1349;2018;9;6;1004;1004004;-;02;2;5;11;8;6135720;2;3;0.936030;0.904334
1350;2018;9;6;1004;1004004;-;02;2;5;11;9;867892;2;3;0.929252;0.897732
1351;2018;10;18;0;0;-;02;5;2;11;8;29000;2;3;0.984515;0.983584
1352;2018;10;24;0;0;-;40;5;2;4;8;1500;4;9;0.550780;0.328779
1353;2018;11;6;0;0;-;02;5;1;11;8;63400;2;3;0.586292;0.598952
1354;2018;11;6;0;0;-;18;5;1;11;8;13800;1;1;0.870973;0.845978
1355;2018;11;6;1101;1101004;-;01;5;5;11;8;49975;2;3;0.754259;0.776127
1356;2018;11;6;1101;1101004;-;02;5;3;11;8;15000;2;3;0.954140;0.989239
1357;2018;11;6;1101;1101005;-;16;5;2;11;8;13800;2;3;0.636575;0.569877
1358;2018;11;6;1101;1101006;-;01;5;2;11;8;52000;2;3;0.756797;0.804620
1359;2018;11;6;1101;1101006;-;02;5;2;11;8;3650;2;3;0.944337;0.982019
1360;2018;11;6;1102;1102001;-;01;5;4;11;8;10800;2;3;0.776177;0.843963
1361;2018;11;11;1102;1102008;-;01;5;3;11;8;6000;2;3;0.816801;0.836051
1362;2018;11;11;1102;1102008;-;01;5;5;11;8;141200;2;3;0.587284;0.606065
1363;2018;12;2;0;0;-;18;5;1;11;8;3390;1;1;0.887000;0.844854
1364;2018;12;3;0;0;-;-;8;1;11;6;1;1;1;0.541941;0.557824
1365;2018;12;3;0;0;-;18;5;1;11;8;14235;1;1;0.859484;0.805326
1366;2018;12;3;1203;1203004;-;01;11;4;11;8;106280;2;3;0.935760;0.912838
1367;2018;12;3;1203;1203004;-;02;5;3;11;8;91000;2;3;0.951157;0.939737
1368;2018;12;3;1203;1203005;-;02;5;2;11;8;97200;2;3;0.916091;0.934041
1369;2018;12;3;1203;1203005;-;02;5;3;11;8;95100;2;3;0.951157;0.939737
1370;2018;12;4;0;0;-;18;5;1;11;8;5320;1;1;0.888042;0.836997
1371;2018;12;5;0;0;-;18;11;1;11;8;14800;1;1;0.799458;0.780159
1372;2018;12;5;1201;1201001;-;02;11;3;11;8;52220;2;3;0.984892;0.961643
1373;2018;14;3;1401;1401006;-;02;5;3;11;8;90000;2;3;0.993160;0.982813
1374;2018;14;4;1402;1402006;-;01;5;2;11;8;65400;2;3;0.851415;0.796244
1375;2018;14;4;1402;1402006;-;02;5;2;11;8;46800;2;3;0.991042;0.987103
1376;2018;14;4;1402;1402006;-;02;5;4;11;8;135000;2;3;0.987349;0.972371
1377;2018;14;4;1404;1404003;-;01;5;3;11;8;54000;2;3;0.913921;0.896844
1378;2018;14;4;1404;1404007;-;01;5;2;11;8;97200;2;3;0.805573;0.764391
1379;2018;14;4;1404;1404007;-;01;5;4;11;8;43200;2;3;0.919222;0.897450
1380;2018;14;10;1403;1403007;-;02;5;4;11;8;91700;2;3;0.984911;0.971950
1381;2018;14;10;1403;1403007;-;02;8;5;11;8;182500;2;3;0.996049;0.996662
1382;2018;15;4;0;0;-;18;5;1;11;8;28800;1;1;0.865670;0.846887
1383;2018;15;4;0;0;-;18;5;1;11;9;300;1;1;0.924035;0.944788
1384;2018;15;4;1505;1505003;-;16;5;2;11;8;15000;2;3;0.648226;0.560709
1385;2018;15;5;1505;1505001;-;02;5;2;4;8;2500;2;3;0.814319;0.741601
1386;2018;15;7;1503;1503004;-;02;5;5;11;8;129300;2;3;0.974446;0.973549
1387;2018;15;9;1503;1503005;-;02;8;3;11;8;43680;2;3;0.997517;0.997481
1388;2018;16;1;1604;1604002;-;02;5;2;11;8;1850;2;3;0.962973;0.966230
1389;2018;16;1;1605;1605001;-;02;11;3;11;8;240000;2;3;0.992695;0.990066
1390;2018;16;1;1605;1605002;-;-;5;2;11;8;10100;2;3;0.573429;0.527376
1391;2018;16;1;1605;1605002;-;01;5;2;11;8;69900;2;3;0.797863;0.718682
1392;2018;16;1;1605;1605002;-;02;11;2;11;8;24000;2;3;0.989898;0.974365
1393;2018;16;2;0;0;-;02;5;1;11;8;1200;2;3;0.614367;0.606050
1394;2018;16;3;0;0;-;02;2;4;11;8;126000;2;3;0.966580;0.957653
1395;2018;16;3;0;0;-;02;5;2;11;8;279833;2;3;0.977648;0.974483
1396;2018;16;3;0;0;-;02;5;4;11;8;200750;2;3;0.941721;0.938545
1397;2018;16;3;1601;1601001;-;02;5;3;11;8;65000;2;3;0.978530;0.976911
1398;2018;16;3;1601;1601002;-;02;5;4;11;8;275000;2;3;0.944392;0.942264
1399;2018;16;3;1601;1601003;-;02;5;2;11;8;538380;2;3;0.977801;0.974684
1400;2018;16;3;1601;1601003;-;02;5;3;11;8;968500;2;3;0.980784;0.975808
1401;2018;16;3;1601;1601003;-;02;5;4;11;8;210850;2;3;0.941721;0.938545
1402;2018;16;3;1601;1601003;-;02;5;5;11;8;249500;2;3;0.962676;0.958469
1403;2018;16;3;1601;1601003;-;02;11;2;11;8;60600;2;3;0.991001;0.990991
1404;2018;16;3;1601;1601003;-;02;11;3;11;8;358600;2;3;0.992288;0.990190
1405;2018;16;3;1601;1601003;-;02;14;2;11;8;50000;2;3;0.959415;0.970839
1406;2018;16;3;1601;1601004;-;02;5;2;11;8;82825;2;3;0.965272;0.972428
1407;2018;16;3;1601;1601004;-;02;5;3;11;8;138000;2;3;0.967014;0.972957
1408;2018;16;3;1601;1601004;-;02;11;2;11;8;142225;2;3;0.990647;0.987443
1409;2018;16;3;1601;1601005;-;02;5;2;11;8;43290;2;3;0.970073;0.969018
1410;2018;16;3;1601;1601005;-;02;5;3;11;8;128000;2;3;0.967014;0.972957
1411;2018;16;3;1601;1601005;-;02;5;4;11;8;594950;2;3;0.961319;0.957159
1412;2018;16;3;1601;1601005;-;02;8;2;11;8;47600;2;3;0.989672;0.987635
1413;2018;16;3;1601;1601005;-;02;11;2;11;8;32000;2;3;0.992849;0.990201
1414;2018;16;3;1601;1601006;-;02;5;2;11;8;59324;2;3;0.966180;0.942314
1415;2018;16;3;1601;1601006;-;02;5;3;11;8;47450;2;3;0.979106;0.973230
1416;2018;16;3;1601;1601006;-;02;5;4;11;8;580000;2;3;0.961319;0.957159
1417;2018;16;3;1601;1601006;-;02;11;2;11;8;121186;2;3;0.990647;0.980776
1418;2018;16;3;1601;1601006;-;02;11;3;11;8;326000;2;3;0.992288;0.990190
1419;2018;16;3;1602;1602004;-;-;5;2;11;8;22600;2;3;0.536881;0.528007
1420;2018;16;3;1602;1602004;-;01;11;2;11;8;80000;2;3;0.918997;0.910243
1421;2018;16;3;1602;1602004;-;02;5;2;11;8;1757325;2;3;0.963938;0.974803
1422;2018;16;3;1602;1602004;-;02;5;3;11;8;261330;2;3;0.966930;0.975453
1423;2018;16;3;1602;1602004;-;02;5;4;11;8;310075;2;3;0.946596;0.942264
1424;2018;16;3;1602;1602004;-;02;5;5;11;8;455350;2;3;0.923033;0.917063
1425;2018;16;3;1602;1602004;-;02;11;2;11;8;24850;2;3;0.989898;0.974365
1426;2018;16;3;1602;1602004;-;02;11;3;11;8;73000;2;3;0.992765;0.992688
1427;2018;16;3;1604;1604002;-;02;5;3;11;8;402000;2;3;0.975478;0.975165
1428;2018;16;3;1605;1605003;-;02;11;3;11;8;38000;2;3;0.992765;0.990870
1429;2018;16;3;1605;1605004;-;02;5;2;11;8;18000;2;3;0.964977;0.965551
1430;2018;16;3;1605;1605004;-;02;11;2;11;8;92000;2;3;0.983267;0.984981
1431;2018;16;3;1607;1607001;-;02;5;2;11;8;8000;2;3;0.936041;0.941029
1432;2018;16;4;0;0;-;-;5;1;11;8;48000;1;1;0.609659;0.598296
1433;2018;16;4;0;0;-;02;5;3;11;8;36000;2;3;0.979106;0.973230
1434;2018;16;4;1601;1601001;-;01;5;2;11;8;144470;2;3;0.723324;0.689341
1435;2018;16;4;1601;1601001;-;01;11;4;11;8;87800;2;3;0.938177;0.944719
1436;2018;16;4;1601;1601001;-;01;11;5;11;8;39420;2;3;0.947399;0.947849
1437;2018;16;4;1601;1601001;-;02;5;2;11;8;209550;2;3;0.977272;0.975016
1438;2018;16;4;1601;1601001;-;02;5;3;11;8;695720;2;3;0.980725;0.975808
1439;2018;16;4;1601;1601001;-;02;5;4;11;8;554875;2;3;0.961319;0.957159
1440;2018;16;4;1601;1601001;-;02;8;2;11;8;85420;2;3;0.987893;0.986880
1441;2018;16;4;1601;1601001;-;02;11;3;11;8;273000;2;3;0.990084;0.986857
1442;2018;16;4;1601;1601001;-;02;11;4;11;8;155800;2;3;0.969863;0.981976
1443;2018;16;4;1601;1601002;-;02;5;2;11;8;497850;2;3;0.977801;0.974684
1444;2018;16;4;1601;1601002;-;02;5;3;11;8;607500;2;3;0.980725;0.975808
1445;2018;16;4;1601;1601002;-;02;5;4;11;8;699050;2;3;0.961319;0.957159
1446;2018;16;4;1601;1601002;-;02;8;3;11;8;180000;2;3;0.992545;0.988529
1447;2018;16;4;1601;1601002;-;02;11;2;11;8;109500;2;3;0.990647;0.989224
1448;2018;16;4;1601;1601002;-;02;11;3;11;8;254460;2;3;0.992695;0.990066
1449;2018;16;4;1601;1601002;-;02;11;4;11;8;180000;2;3;0.986072;0.981976
1450;2018;16;4;1601;1601003;-;02;11;3;11;8;150000;2;3;0.992018;0.989523
1451;2018;16;4;1602;1602004;-;01;5;2;11;8;8900;2;3;0.837771;0.798486
1452;2018;16;4;1602;1602004;-;02;5;2;11;8;132100;2;3;0.959489;0.969279
1453;2018;16;4;1604;1604001;-;02;11;4;11;8;205000;2;3;0.985793;0.983329
1454;2018;16;5;0;0;-;-;11;1;11;8;80100;1;1;0.588739;0.615770
1455;2018;16;5;0;0;-;01;5;5;11;8;96360;2;3;0.797484;0.828286
1456;2018;16;5;0;0;-;02;2;4;11;8;715000;2;3;0.978413;0.975405
1457;2018;16;5;0;0;-;02;5;2;11;8;302000;2;3;0.977648;0.974483
1458;2018;16;5;0;0;-;02;5;3;11;8;107021;2;3;0.970423;0.971531
1459;2018;16;5;0;0;-;02;5;4;11;8;170356;2;3;0.930062;0.919156
1460;2018;16;5;0;0;-;02;11;3;11;8;118625;2;3;0.989111;0.975967
1461;2018;16;5;0;0;-;02;11;5;11;8;178071;2;3;0.987511;0.985105
1462;2018;16;5;1604;1604001;-;01;5;3;11;8;30000;2;3;0.886156;0.882249
1463;2018;16;5;1604;1604001;-;01;5;5;11;8;135000;2;3;0.817903;0.833298
1464;2018;16;5;1604;1604001;-;01;11;2;11;8;126000;2;3;0.912407;0.925126
1465;2018;16;5;1604;1604001;-;01;11;3;11;8;170000;2;3;0.875425;0.893661
1466;2018;16;5;1604;1604001;-;01;11;4;11;8;358020;2;3;0.898009;0.897739
1467;2018;16;5;1604;1604001;-;01;11;5;11;8;982250;2;3;0.905286;0.872037
1468;2018;16;5;1604;1604001;-;02;5;2;11;8;1006200;2;3;0.977861;0.974684
1469;2018;16;5;1604;1604001;-;02;5;3;11;8;111400;2;3;0.965423;0.971531
1470;2018;16;5;1604;1604001;-;02;5;4;11;8;464900;2;3;0.893753;0.878493
1471;2018;16;5;1604;1604001;-;02;5;5;11;8;681500;2;3;0.967557;0.965799
1472;2018;16;5;1604;1604001;-;02;11;2;11;8;341820;2;3;0.992492;0.989084
1473;2018;16;5;1604;1604001;-;02;11;4;11;8;425388;2;3;0.978047;0.973951
1474;2018;16;5;1604;1604001;-;02;11;5;11;8;540000;2;3;0.988539;0.985282
1475;2018;16;5;1604;1604001;-;02;12;4;11;8;180000;2;3;0.973390;0.975506
1476;2018;16;5;1604;1604001;-;16;5;3;11;8;95500;2;3;0.595986;0.597213
1477;2018;16;5;1604;1604002;-;-;5;2;11;8;83000;2;3;0.506937;0.454111
1478;2018;16;5;1604;1604002;-;02;5;2;11;8;309400;2;3;0.977648;0.974483
1479;2018;16;5;1604;1604002;-;02;5;3;11;8;492900;2;3;0.975010;0.975808
1480;2018;16;5;1604;1604002;-;02;5;4;11;8;569400;2;3;0.961319;0.957159
1481;2018;16;5;1604;1604002;-;02;11;2;11;8;400515;2;3;0.992492;0.989084
1482;2018;16;5;1604;1604002;-;02;11;3;11;8;95000;2;3;0.992366;0.987382
1483;2018;16;5;1604;1604002;-;02;11;4;11;8;86000;2;3;0.979885;0.979635
1484;2018;16;5;1604;1604003;-;01;5;2;11;8;91250;2;3;0.662213;0.622355
1485;2018;16;5;1604;1604003;-;02;5;2;11;8;578610;2;3;0.977801;0.974684
1486;2018;16;5;1604;1604003;-;02;5;3;11;8;580000;2;3;0.980725;0.975808
1487;2018;16;5;1604;1604003;-;02;5;3;11;9;5800;2;3;0.912065;0.861036
1488;2018;16;5;1604;1604003;-;02;5;4;11;8;857500;2;3;0.961379;0.957159
1489;2018;16;5;1604;1604003;-;02;8;5;11;8;632000;2;3;0.986056;0.988779
1490;2018;16;5;1604;1604003;-;02;11;2;11;8;51000;2;3;0.992849;0.990201
1491;2018;16;5;1604;1604003;-;02;11;3;11;8;695000;2;3;0.991962;0.990190
1492;2018;16;5;1604;1604004;-;01;5;4;11;8;90000;2;3;0.822212;0.847408
1493;2018;16;5;1604;1604004;-;01;11;2;11;8;14600;2;3;0.950331;0.950384
1494;2018;16;5;1604;1604004;-;02;5;2;11;8;294280;2;3;0.977648;0.974483
1495;2018;16;5;1604;1604004;-;02;5;3;11;8;135000;2;3;0.967014;0.972957
1496;2018;16;5;1604;1604004;-;02;5;4;11;8;990300;2;3;0.961379;0.957159
1497;2018;16;5;1604;1604004;-;02;5;5;11;8;575100;2;3;0.967557;0.965799
1498;2018;16;5;1604;1604004;-;02;5;7;11;8;15000;2;3;0.936303;0.933535
1499;2018;16;5;1604;1604004;-;02;11;2;11;8;166784;2;3;0.986828;0.987704
1500;2018;16;5;1604;1604004;-;02;11;3;11;8;99371;2;3;0.984588;0.987382
1501;2018;16;5;1604;1604004;-;02;11;4;11;8;555000;2;3;0.986139;0.981894
1502;2018;16;5;1604;1604004;-;18;5;3;11;8;153300;2;1;0.408381;0.410019
1503;2018;16;5;1604;1604005;-;-;5;2;11;8;36000;2;3;0.537658;0.494715
1504;2018;16;5;1604;1604005;-;02;5;2;11;8;353700;2;3;0.977648;0.974483
1505;2018;16;5;1604;1604005;-;02;5;3;11;8;270000;2;3;0.977274;0.975453
1506;2018;16;5;1604;1604005;-;02;5;4;11;8;612000;2;3;0.961319;0.957159
1507;2018;16;5;1604;1604005;-;02;11;2;11;8;5400;2;3;0.971917;0.966683
1508;2018;16;5;1604;1604005;-;02;11;3;11;8;447000;2;3;0.986288;0.983190
1509;2018;16;5;1604;1604005;-;02;11;4;11;8;760820;2;3;0.986139;0.981894
1510;2018;16;5;1604;1604006;-;-;5;2;11;8;22000;2;3;0.536881;0.528007
1511;2018;16;5;1604;1604006;-;02;5;2;11;8;490015;2;3;0.977801;0.974684
1512;2018;16;5;1604;1604006;-;02;5;3;11;8;43000;2;3;0.979106;0.973230
1513;2018;16;5;1604;1604006;-;02;5;4;11;8;589703;2;3;0.961319;0.957159
1514;2018;16;5;1604;1604006;-;02;5;5;11;8;1460000;2;3;0.967617;0.965799
1515;2018;16;5;1604;1604006;-;02;11;2;11;8;19500;2;3;0.986453;0.988486
1516;2018;16;5;1604;1604006;-;02;11;3;11;8;36000;2;3;0.992765;0.990870
1517;2018;16;5;1604;1604006;-;16;5;5;11;8;940800;2;3;0.653978;0.614496
1518;2018;16;5;1604;1604007;-;01;11;2;11;8;109975;2;3;0.916731;0.920245
1519;2018;16;5;1604;1604007;-;01;11;5;11;8;700000;2;3;0.911536;0.881048
1520;2018;16;5;1604;1604007;-;02;5;2;11;8;659885;2;3;0.977801;0.974684
1521;2018;16;5;1604;1604007;-;02;5;3;11;8;952500;2;3;0.980784;0.975808
1522;2018;16;5;1604;1604007;-;02;11;2;11;8;127020;2;3;0.990647;0.987443
1523;2018;16;5;1604;1604007;-;02;11;3;11;8;496000;2;3;0.991962;0.990190
1524;2018;16;5;1604;1604007;-;02;14;5;11;8;168000;2;3;0.962052;0.972692
1525;2018;16;5;1605;1605004;-;02;5;2;11;8;14400;2;3;0.971131;0.973972
1526;2018;16;6;0;0;-;-;5;1;11;8;16500;1;1;0.633919;0.615919
1527;2018;16;6;0;0;-;02;5;1;11;8;21900;2;3;0.631019;0.593791
1528;2018;16;6;0;0;-;02;5;2;11;8;269700;2;3;0.975444;0.974483
1529;2018;16;6;0;0;-;02;5;3;11;8;235000;2;3;0.979102;0.975986
1530;2018;16;6;1601;1601005;-;02;5;3;11;8;49700;2;3;0.979106;0.973230
1531;2018;16;6;1605;1605001;-;02;5;2;11;8;116100;2;3;0.939448;0.958790
1532;2018;16;6;1605;1605002;-;02;5;2;11;8;32850;2;3;0.970073;0.969018
1533;2018;16;6;1605;1605003;-;01;5;2;11;8;18000;2;3;0.830356;0.798486
1534;2018;16;6;1605;1605003;-;02;5;2;11;8;97900;2;3;0.958229;0.968185
1535;2018;16;6;1605;1605004;-;02;5;2;11;8;60000;2;3;0.966180;0.923500
1536;2018;16;6;1605;1605004;-;02;5;3;11;8;59000;2;3;0.979106;0.973230
1537;2018;16;6;1605;1605004;-;02;11;2;11;8;9300;2;3;0.986453;0.988486
1538;2018;16;6;1605;1605005;-;01;5;2;11;8;10850;2;3;0.836510;0.798486
1539;2018;16;6;1605;1605006;-;02;2;3;11;8;365000;2;3;0.989935;0.974729
1540;2018;16;6;1605;1605006;-;02;11;3;11;8;12000;2;3;0.986370;0.989155
1541;2018;16;6;1606;1606003;-;02;5;2;11;8;5000;2;3;0.965089;0.958275
1542;2018;16;6;1606;1606005;-;01;5;2;11;8;4687;2;3;0.841817;0.791628
1543;2018;16;6;1606;1606005;-;02;5;2;11;8;55920;2;3;0.970073;0.951600
1544;2018;16;6;1606;1606005;-;02;5;3;11;8;35000;2;3;0.979106;0.973230
1545;2018;16;6;1606;1606005;-;03;5;2;11;8;25200;2;3;0.593618;0.549081
1546;2018;16;7;1605;1605004;-;02;5;2;11;8;73500;2;3;0.957594;0.962164
1547;2018;16;7;1605;1605006;-;02;2;3;11;8;170000;2;3;0.983171;0.980425
1548;2018;16;7;1606;1606004;-;02;5;3;11;8;83680;2;3;0.970820;0.974575
1549;2018;16;7;1606;1606005;-;02;5;2;11;8;27100;2;3;0.969297;0.969018
1550;2018;16;7;1607;1607003;-;02;8;3;11;8;158100;2;3;0.983507;0.988529
1551;2018;16;7;1607;1607003;-;02;11;3;11;8;201600;2;3;0.992695;0.990066
1552;2018;16;8;0;0;-;02;5;2;11;8;29250;2;3;0.970073;0.969018
1553;2018;16;8;0;0;-;02;8;2;11;8;121500;2;3;0.985285;0.980188
1554;2018;16;8;1602;1602001;-;02;5;2;11;8;18000;2;3;0.964977;0.965551
1555;2018;16;8;1603;1603001;-;02;5;2;11;8;328500;2;3;0.977648;0.974483
1556;2018;16;8;1603;1603001;-;16;5;2;11;8;106174;2;3;0.527274;0.471775
1557;2018;16;8;1603;1603002;-;01;5;2;11;8;219390;2;3;0.788774;0.742068
1558;2018;16;8;1603;1603003;-;01;5;3;11;8;18500;2;3;0.884051;0.890528
1559;2018;16;8;1603;1603003;-;02;5;2;4;8;22000;2;3;0.893756;0.786390
1560;2018;16;8;1603;1603003;-;02;5;2;4;9;6961;2;3;0.823946;0.716213
1561;2018;16;8;1603;1603003;-;02;5;2;11;8;135050;2;3;0.959489;0.969279
1562;2018;16;8;1603;1603003;-;16;5;2;11;8;51740;2;3;0.550316;0.516602
1563;2018;16;8;1603;1603004;-;01;5;3;11;8;230050;2;3;0.871990;0.872590
1564;2018;16;8;1603;1603004;-;02;2;3;11;8;87000;2;3;0.990788;0.981319
1565;2018;16;8;1603;1603004;-;02;11;3;11;8;197921;2;3;0.992695;0.990066
1566;2018;16;8;1603;1603006;-;02;5;2;11;9;10000;2;3;0.885030;0.830897
1567;2018;16;8;1603;1603006;-;02;5;4;11;8;185000;2;3;0.941721;0.938545
1568;2018;16;8;1605;1605004;-;02;11;2;11;8;29000;2;3;0.992849;0.990201
1569;2018;16;8;1606;1606001;-;02;5;2;11;8;86750;2;3;0.965272;0.972428
1570;2018;16;8;1606;1606004;-;02;5;2;11;8;55130;2;3;0.970073;0.952288
1571;2018;16;8;1607;1607003;-;-;5;2;11;8;65700;2;3;0.517042;0.472721
1572;2018;16;8;1607;1607003;-;02;11;2;11;8;15100;2;3;0.986453;0.988486
1573;2018;16;9;0;0;-;02;5;3;11;8;135000;2;3;0.967014;0.972957
1574;2018;16;9;1602;1602001;-;02;5;3;11;8;95000;2;3;0.970820;0.970332
1575;2018;16;9;1602;1602001;-;02;11;2;11;8;85600;2;3;0.983267;0.989224
1576;2018;16;9;1602;1602001;-;02;11;3;11;8;75200;2;3;0.947506;0.986190
1577;2018;16;9;1602;1602002;-;02;5;4;11;8;547500;2;3;0.961319;0.957159
1578;2018;16;9;1602;1602002;-;02;11;4;11;8;109500;2;3;0.979487;0.976592
1579;2018;16;9;1602;1602003;-;01;11;3;11;8;73000;2;3;0.901621;0.936468
1580;2018;16;9;1602;1602003;-;02;5;2;11;8;355510;2;3;0.977648;0.974483
1581;2018;16;9;1602;1602003;-;02;5;3;11;8;403800;2;3;0.975478;0.975165
1582;2018;16;9;1602;1602003;-;02;11;2;11;8;410200;2;3;0.992492;0.989084
1583;2018;16;9;1602;1602003;-;02;11;3;11;8;178850;2;3;0.992974;0.989784
1584;2018;16;9;1602;1602003;-;02;11;4;11;8;219000;2;3;0.985793;0.983329
1585;2018;16;10;0;0;-;02;5;1;11;8;243700;2;3;0.625494;0.594970
1586;2018;17;3;1701;1701001;-;01;5;4;11;9;700;2;3;0.821429;0.752138
1587;2018;17;3;1701;1701004;-;02;5;2;11;8;165000;2;3;0.952033;0.950674
1588;2018;17;3;1701;1701004;-;02;5;3;11;8;152000;2;3;0.977901;0.978152
1589;2018;17;5;0;0;-;02;11;4;11;8;141284;2;3;0.987454;0.988723
1590;2018;17;6;0;0;-;01;5;2;11;8;18250;2;3;0.765173;0.783120
1591;2018;17;7;1701;1701001;-;03;4;6;11;6;444;2;3;0.806468;0.816121
1592;2018;17;7;1701;1701001;-;03;4;6;11;7;2515;2;3;0.857839;0.869855
1593;2018;17;7;1701;1701001;-;03;4;6;11;8;141971;2;3;0.835269;0.818659
1594;2018;17;7;1701;1701001;-;03;4;6;11;9;15020;2;3;0.849734;0.796196
1595;2018;17;8;1702;1702002;-;01;5;2;11;8;39000;2;3;0.771241;0.777145
1596;2018;17;8;1702;1702005;-;01;0;2;11;8;27057;2;3;0.885213;0.898762
1597;2018;17;8;1702;1702005;-;01;8;4;11;8;50000;2;3;0.929726;0.947672
1598;2018;17;8;1702;1702005;-;01;11;2;11;8;28158;2;3;0.938217;0.940302
1599;2018;17;8;1702;1702005;-;01;11;3;11;8;50250;2;3;0.954616;0.959322
1600;2018;17;8;1702;1702005;-;02;5;2;11;8;329595;2;3;0.905929;0.898947
1601;2018;17;8;1702;1702005;-;02;5;3;11;8;158028;2;3;0.964812;0.978152
1602;2018;17;8;1702;1702005;-;02;11;2;11;8;20000;2;3;0.983891;0.986569
1603;2018;17;8;1702;1702005;-;02;11;5;11;8;300000;2;3;0.966496;0.988107
1604;2018;17;8;1703;1703005;-;01;5;4;11;8;100000;2;3;0.844981;0.846696
1605;2018;17;8;1704;1704006;-;01;5;2;11;8;25000;2;3;0.770690;0.766172
1606;2018;17;9;1704;1704003;-;02;5;4;11;8;359730;2;3;0.951398;0.951769
1607;2018;17;9;1704;1704004;-;02;5;3;11;8;154170;2;3;0.971605;0.978152
1608;2018;17;9;1704;1704005;-;01;5;3;11;8;280000;2;3;0.633805;0.674188
1609;2018;17;9;1704;1704006;-;01;11;3;11;8;245000;2;3;0.878385;0.892785
1610;2018;17;10;0;0;-;01;5;1;11;8;109671;1;1;0.602487;0.595439
1611;2018;17;10;1702;1702002;-;01;5;3;11;8;108000;2;3;0.844981;0.860272
1612;2018;17;10;1702;1702002;-;02;5;2;11;8;21500;2;3;0.965120;0.983110
1613;2018;17;10;1702;1702002;-;02;11;2;11;8;103000;2;3;0.979538;0.971100
1614;2018;17;10;1702;1702005;-;02;11;4;11;8;90000;2;3;0.987726;0.984802
1615;2018;17;10;1702;1702006;-;02;5;3;11;8;89000;2;3;0.977672;0.978788
1616;2018;17;10;1702;1702006;-;02;5;5;11;8;200000;2;3;0.961053;0.971555
1617;2018;17;10;1702;1702006;-;02;11;2;11;8;53500;2;3;0.987463;0.988284
1618;2018;17;10;1702;1702006;-;02;11;6;11;8;723172;2;3;0.981163;0.988753
1619;2018;17;11;1702;1702003;-;01;5;2;11;9;6000;2;3;0.738281;0.696222
1620;2018;17;11;1702;1702003;-;01;5;3;11;8;65000;2;3;0.869461;0.887391
1621;2018;17;11;1702;1702003;-;01;5;4;11;8;15000;2;3;0.870829;0.890490
1622;2018;17;11;1702;1702003;-;02;5;3;11;8;198600;2;3;0.966224;0.973836
1623;2018;17;11;1702;1702003;-;02;11;2;11;8;83300;2;3;0.971760;0.980544
1624;2018;17;11;1702;1702004;-;02;5;2;11;8;75000;2;3;0.951223;0.952473
1625;2018;17;11;1702;1702004;-;02;11;2;11;8;35000;2;3;0.987463;0.988284
1626;2018;17;11;1702;1702004;-;02;11;4;11;8;127750;2;3;0.987454;0.988723
1627;2018;17;11;1702;1702008;-;01;3;5;11;8;19040;2;3;0.902452;0.929405
1628;2018;17;11;1702;1702008;-;02;5;4;11;8;216000;2;3;0.961734;0.971047
1629;2018;18;6;0;0;-;02;5;1;11;7;300;2;3;0.609259;0.598837
1630;2018;18;6;0;0;-;02;5;1;11;8;500;2;3;0.609096;0.556141
1631;2018;18;6;1802;1802001;-;02;5;2;11;8;31120;2;3;0.969357;0.970570
1632;2018;18;6;1802;1802002;-;02;5;2;11;8;27540;2;3;0.969357;0.970570
1633;2018;18;10;1802;1802001;-;01;5;2;11;8;1200;2;3;0.802639;0.782494
1634;2018;19;7;1901;1901005;-;02;11;2;11;8;87740;2;3;0.976007;0.981185
1635;2018;19;10;0;0;-;02;5;1;11;8;40;2;3;0.635410;0.576362
1636;2018;19;10;1903;1903002;-;01;8;2;11;8;50000;2;3;0.940767;0.934429
1637;2019;1;6;202;202003;-;02;11;4;11;9;7200;2;3;0.903506;0.839447
1638;2019;2;2;302;302002;-;02;11;2;11;8;23360;2;3;0.996495;0.974385
1639;2019;2;3;0;0;-;02;5;2;11;8;5000;2;3;0.980673;0.948012
1640;2019;2;3;304;304002;-;40;11;2;4;8;45000;4;9;0.536759;0.368464
1641;2019;2;6;317;317006;-;02;11;3;11;8;73000;2;3;0.996168;0.987764
1642;2019;2;6;318;318003;-;02;11;2;11;8;54000;2;3;0.991495;0.983810
1643;2019;2;7;317;317004;-;02;1;5;11;9;100;2;3;0.950366;0.918744
1644;2019;2;8;314;314001;-;01;5;2;11;8;14000;2;3;0.830236;0.782279
1645;2019;2;8;314;314008;-;02;5;2;11;8;54900;2;3;0.982281;0.905514
1646;2019;2;10;0;0;-;01;11;2;11;8;51100;2;3;0.954490;0.923142
1647;2019;2;10;0;0;-;02;5;2;11;8;32000;2;3;0.982837;0.950029
1648;2019;2;10;0;0;-;02;11;2;11;8;202100;2;3;0.995415;0.981098
1649;2019;2;10;308;308002;-;16;5;2;11;8;70000;2;3;0.615094;0.545823
1650;2019;2;10;308;308003;-;02;11;3;11;8;30000;2;3;0.996168;0.994336
1651;2019;2;10;308;308005;-;02;11;3;11;8;190000;2;3;0.995873;0.986453
1652;2019;2;10;309;309001;-;02;5;2;11;8;21550;2;3;0.983704;0.957768
1653;2019;2;10;309;309003;-;01;5;2;11;8;51390;2;3;0.821265;0.751591
1654;2019;2;10;309;309004;-;02;5;2;11;8;12000;2;3;0.983923;0.959343
1655;2019;2;10;312;312002;-;02;8;2;11;8;17450;2;3;0.984592;0.978323
1656;2019;2;11;306;306003;-;02;1;4;11;8;2440;2;3;0.967912;0.971697
1657;2019;2;11;307;307001;-;02;5;2;11;8;15000;2;3;0.983923;0.959343
1658;2019;2;19;315;315008;-;02;9;2;11;8;19000;2;3;0.983914;0.978062
1659;2019;3;2;0;0;-;18;5;1;11;8;60000;1;1;0.867552;0.853534
1660;2019;4;2;0;0;-;02;5;2;11;8;12000;2;3;0.971104;0.973815
1661;2019;4;2;505;505006;-;-;11;2;11;8;41439;2;3;0.719451;0.698998
1662;2019;4;2;505;505006;-;02;5;4;11;8;80000;2;3;0.966864;0.961358
1663;2019;4;2;505;505006;-;02;11;3;11;8;120000;2;3;0.989779;0.977735
1664;2019;4;2;505;505006;-;02;11;4;11;8;90000;2;3;0.976288;0.964874
1665;2019;4;5;0;0;-;02;5;2;11;8;52000;2;3;0.957182;0.952268
1666;2019;4;5;503;503006;-;03;11;4;11;8;80000;2;3;0.788650;0.776347
1667;2019;4;5;505;505003;-;02;11;3;11;8;206000;2;3;0.989458;0.983092
1668;2019;4;5;505;505003;-;02;11;4;11;8;17000;2;3;0.976883;0.971606
1669;2019;4;5;505;505005;-;02;5;3;11;8;60000;2;3;0.944707;0.958352
1670;2019;4;5;505;505005;-;02;11;4;11;8;296700;2;3;0.881011;0.894211
1671;2019;4;5;505;505005;-;02;11;5;11;8;420900;2;3;0.981023;0.973180
1672;2019;4;5;506;506005;-;01;5;2;11;8;63000;2;3;0.656485;0.670552
1673;2019;4;5;506;506005;-;01;5;3;11;8;98000;2;3;0.828084;0.841260
1674;2019;4;5;506;506005;-;01;11;2;11;8;65500;2;3;0.951343;0.891401
1675;2019;4;5;506;506005;-;01;11;3;11;8;58116;2;3;0.967796;0.935289
1676;2019;4;5;506;506005;-;02;5;3;11;8;70000;2;3;0.944707;0.957378
1677;2019;4;5;506;506005;-;02;5;4;11;8;620000;2;3;0.984672;0.973428
1678;2019;4;5;506;506005;-;02;11;3;11;8;341250;2;3;0.984666;0.983521
1679;2019;4;5;506;506005;-;02;11;4;11;8;316800;2;3;0.898646;0.897545
1680;2019;4;5;506;506005;-;02;11;5;11;8;459500;2;3;0.981023;0.974456
1681;2019;4;5;506;506006;-;02;1;4;11;8;227412;2;3;0.987121;0.968967
1682;2019;4;5;506;506006;-;02;1;4;11;9;100000;2;3;0.952073;0.917932
1683;2019;4;5;506;506006;-;02;5;2;11;8;27100;2;3;0.970036;0.968268
1684;2019;4;5;506;506006;-;02;5;3;11;8;146000;2;3;0.981420;0.969158
1685;2019;4;5;506;506006;-;02;11;3;11;8;205000;2;3;0.989458;0.983092
1686;2019;4;6;0;0;-;02;5;2;11;8;80000;2;3;0.835328;0.859365
1687;2019;4;6;0;0;-;02;9;2;11;8;38767;2;3;0.985227;0.975835
1688;2019;4;6;0;0;-;02;9;2;11;9;1735;2;3;0.932527;0.908022
1689;2019;4;6;501;501004;-;02;5;2;11;8;10500;2;3;0.971104;0.973815
1690;2019;4;6;506;506003;-;01;11;2;4;8;21900;2;3;0.795374;0.759074
1691;2019;4;6;506;506003;-;01;11;2;11;8;21900;2;3;0.951343;0.917646
1692;2019;4;6;506;506003;-;02;5;3;11;8;3600;2;3;0.971762;0.974438
1693;2019;4;6;506;506004;-;02;5;2;11;8;76000;2;3;0.706922;0.760556
1694;2019;4;6;506;506004;-;02;11;3;11;8;250000;2;3;0.989458;0.983092
1695;2019;4;6;506;506004;-;16;12;2;4;8;4500;2;3;0.628421;0.544310
1696;2019;4;6;506;506005;-;02;11;2;11;8;284000;2;3;0.964735;0.964185
1697;2019;4;6;506;506005;-;02;11;3;11;8;240500;2;3;0.989458;0.983092
1698;2019;4;6;506;506006;-;02;12;2;11;8;45500;2;3;0.986958;0.977158
1699;2019;4;6;506;506009;-;01;11;3;11;8;60000;2;3;0.967796;0.935289
1700;2019;4;6;506;506009;-;02;8;2;11;8;172000;2;3;0.984215;0.969075
1701;2019;4;7;502;502005;-;02;11;2;11;6;156000;2;3;0.940334;0.918550
1702;2019;4;7;504;504001;-;01;14;3;11;8;434000;2;3;0.887548;0.897203
1703;2019;4;7;504;504001;-;02;5;3;11;8;195000;2;3;0.986985;0.977308
1704;2019;4;7;504;504001;-;02;11;3;11;8;390000;2;3;0.984666;0.983521
1705;2019;4;7;504;504001;-;02;12;3;11;8;50000;2;3;0.984814;0.985428
1706;2019;4;9;502;502001;-;02;5;2;11;8;6000;2;3;0.967629;0.968765
1707;2019;4;9;502;502003;-;01;5;3;11;8;182000;2;3;0.852081;0.828722
1708;2019;4;9;502;502003;-;02;8;3;11;8;141250;2;3;0.992847;0.984892
1709;2019;4;9;502;502003;-;02;11;3;11;8;58300;2;3;0.990864;0.980087
1710;2019;4;9;502;502004;-;01;5;3;11;8;65700;2;3;0.855336;0.870452
1711;2019;4;10;501;501004;-;02;8;5;11;8;255000;2;3;0.991284;0.989793
1712;2019;4;10;501;501004;-;02;8;5;11;9;256000;2;3;0.959715;0.934748
1713;2019;4;10;501;501004;-;02;11;3;11;8;24000;2;3;0.990864;0.966329
1714;2019;4;10;501;501006;-;02;5;3;11;8;293500;2;3;0.986514;0.978145
1715;2019;4;11;501;501002;-;01;5;2;11;8;32550;2;3;0.701750;0.755286
1716;2019;4;11;501;501002;-;02;5;2;11;8;260000;2;3;0.949719;0.951580
1717;2019;4;11;501;501002;-;02;8;6;11;8;2028000;2;3;0.981741;0.989141
1718;2019;4;12;502;502003;-;02;5;2;11;8;83000;2;3;0.846995;0.867837
1719;2019;4;12;502;502004;-;01;5;3;11;8;8114;2;3;0.867449;0.858419
1720;2019;4;12;502;502004;-;02;11;3;11;8;333850;2;3;0.984666;0.983521
1721;2019;4;12;502;502006;-;02;5;2;11;8;43500;2;3;0.969169;0.968268
1722;2019;4;12;503;503001;-;02;11;4;11;8;182500;2;3;0.972089;0.958779
1723;2019;4;12;503;503002;-;02;5;2;11;8;102000;2;3;0.927918;0.938512
1724;2019;4;13;0;0;-;02;11;2;11;8;273750;2;3;0.941536;0.954185
1725;2019;4;13;503;503003;-;01;11;2;11;8;160000;2;3;0.898343;0.877620
1726;2019;4;13;503;503003;-;02;5;3;11;8;100375;2;3;0.972038;0.975228
1727;2019;4;13;503;503003;-;02;5;4;11;8;73000;2;3;0.954776;0.937956
1728;2019;4;13;503;503007;-;02;5;2;11;8;55000;2;3;0.925556;0.904031
1729;2019;4;13;503;503007;-;02;5;3;11;8;480405;2;3;0.986514;0.978346
1730;2019;4;13;503;503007;-;02;5;4;11;8;291645;2;3;0.980486;0.972053
1731;2019;4;13;503;503007;-;02;11;2;11;8;200000;2;3;0.985570;0.969017
1732;2019;4;13;503;503007;-;02;11;4;11;8;37320;2;3;0.980455;0.970975
1733;2019;4;13;503;503007;-;02;11;5;11;8;800000;2;3;0.981023;0.974456
1734;2019;4;14;0;0;-;02;5;5;11;8;2500;2;3;0.966741;0.965854
1735;2019;4;14;502;502006;-;02;5;2;11;8;36500;2;3;0.974169;0.968268
1736;2019;4;14;503;503004;-;02;11;2;11;8;147095;2;3;0.979240;0.962685
1737;2019;4;14;504;504002;-;02;11;2;11;8;180000;2;3;0.982486;0.965340
1738;2019;4;14;504;504004;-;02;11;2;11;8;73000;2;3;0.978679;0.945221
1739;2019;4;14;506;506001;-;01;5;5;11;8;210000;2;3;0.850088;0.859370
1740;2019;4;14;506;506001;-;02;5;2;11;9;36500;2;3;0.940334;0.891190
1741;2019;4;14;506;506001;-;02;5;3;11;8;6010;2;3;0.970720;0.973296
1742;2019;4;14;506;506001;-;02;5;4;11;8;360000;2;3;0.980486;0.972053
1743;2019;4;16;0;0;-;02;13;2;11;8;29205;2;3;0.860649;0.842341
1744;2019;4;16;504;504006;-;02;2;4;11;8;160000;2;3;0.979774;0.976061
1745;2019;4;16;504;504006;-;02;5;2;11;8;108040;2;3;0.940775;0.938512
1746;2019;4;16;504;504006;-;02;5;3;11;8;256325;2;3;0.986985;0.971594
1747;2019;4;16;504;504006;-;02;11;4;11;7;1920;2;3;0.971144;0.964906
1748;2019;4;16;504;504006;-;02;11;4;11;8;30600;2;3;0.980455;0.970975
1749;2019;4;16;504;504006;-;02;11;4;11;9;98000;2;3;0.958517;0.918521
1750;2019;4;16;504;504006;-;02;12;3;11;8;298800;2;3;0.989424;0.988360
1751;2019;4;16;505;505006;-;02;11;4;11;8;400000;2;3;0.914896;0.928038
1752;2019;4;16;506;506001;-;01;5;4;11;8;68945;2;3;0.872661;0.873526
1753;2019;4;16;506;506005;-;01;5;2;11;8;125000;2;3;0.516622;0.508030
1754;2019;4;16;506;506007;-;02;11;2;11;8;185000;2;3;0.985570;0.969017
1755;2019;4;16;506;506007;-;02;11;4;11;8;1170360;2;3;0.970080;0.965110
1756;2019;4;16;506;506007;-;02;11;5;11;8;105000;2;3;0.983659;0.974264
1757;2019;4;16;506;506008;-;-;11;3;11;8;6500;2;3;0.789510;0.710897
1758;2019;4;16;506;506008;-;01;5;2;11;8;45000;2;3;0.695083;0.755286
1759;2019;4;16;506;506008;-;02;5;2;11;8;21240;2;3;0.970036;0.972240
1760;2019;4;16;506;506008;-;02;5;3;11;8;1989050;2;3;0.973591;0.971471
1761;2019;4;16;506;506008;-;02;8;2;11;8;14000;2;3;0.984111;0.982099
1762;2019;4;17;0;0;-;02;11;2;11;8;46000;2;3;0.986457;0.972751
1763;2019;4;17;503;503005;-;01;5;2;11;8;30000;2;3;0.701750;0.755286
1764;2019;4;17;503;503005;-;01;5;3;11;8;25000;2;3;0.875528;0.868194
1765;2019;4;17;503;503005;-;02;5;2;11;8;43920;2;3;0.969169;0.968268
1766;2019;4;17;503;503005;-;02;5;3;11;8;369917;2;3;0.986514;0.978145
1767;2019;4;17;503;503005;-;02;11;2;11;8;97000;2;3;0.984392;0.962685
1768;2019;4;17;503;503006;-;01;5;3;11;8;144000;2;3;0.826228;0.811372
1769;2019;4;17;503;503006;-;01;5;4;11;8;40000;2;3;0.896987;0.887282
1770;2019;4;17;503;503006;-;01;5;6;11;8;40000;2;3;0.893744;0.885504
1771;2019;4;17;503;503006;-;01;11;4;11;8;360000;2;3;0.956455;0.938859
1772;2019;4;17;503;503006;-;01;11;5;11;8;40000;2;3;0.967136;0.943863
1773;2019;4;17;503;503006;-;02;5;2;11;8;261500;2;3;0.949719;0.951580
1774;2019;4;17;503;503006;-;02;5;3;11;8;140500;2;3;0.988343;0.969158
1775;2019;4;17;503;503006;-;02;5;4;11;8;342050;2;3;0.980486;0.972053
1776;2019;4;17;503;503006;-;02;11;3;11;8;297500;2;3;0.971889;0.983521
1777;2019;4;17;503;503007;-;02;5;2;11;8;58400;2;3;0.923890;0.903343
1778;2019;4;17;503;503007;-;02;11;2;11;8;40000;2;3;0.986457;0.972751
1779;2019;4;17;503;503007;-;02;11;3;11;8;108000;2;3;0.990052;0.977735
1780;2019;4;17;505;505001;-;01;5;6;11;8;145000;2;3;0.831259;0.807283
1781;2019;4;17;505;505001;-;02;5;5;11;8;642300;2;3;0.982030;0.977411
1782;2019;4;17;505;505001;-;02;11;5;11;8;36000;2;3;0.985975;0.978158
1783;2019;4;17;505;505004;-;01;11;2;11;8;22000;2;3;0.951343;0.917646
1784;2019;4;17;505;505004;-;02;5;3;11;8;197100;2;3;0.986985;0.977308
1785;2019;4;17;505;505004;-;02;11;4;11;8;520000;2;3;0.970080;0.965110
1786;2019;4;17;505;505004;-;02;11;4;11;9;350000;2;3;0.931609;0.913463
1787;2019;4;17;505;505006;-;02;5;5;11;8;350000;2;3;0.982030;0.976036
1788;2019;4;17;506;506001;-;02;5;2;11;8;200000;2;3;0.971433;0.957591
1789;2019;4;17;506;506001;-;02;11;2;11;8;216200;2;3;0.985570;0.969017
1790;2019;4;18;0;0;-;02;5;2;11;8;143992;2;3;0.964020;0.952752
1791;2019;4;18;0;0;-;02;11;4;11;8;290000;2;3;0.881011;0.889767
1792;2019;4;18;0;0;-;02;11;5;11;8;219000;2;3;0.982813;0.963328
1793;2019;4;18;505;505001;-;01;5;3;11;8;182500;2;3;0.852081;0.828722
1794;2019;4;18;505;505001;-;01;11;2;11;8;100000;2;3;0.924326;0.868383
1795;2019;4;18;505;505001;-;01;11;3;11;8;109500;2;3;0.965978;0.928704
1796;2019;4;18;505;505001;-;01;11;4;11;8;252400;2;3;0.954710;0.939007
1797;2019;4;18;505;505001;-;01;11;5;11;8;285000;2;3;0.955601;0.942427
1798;2019;4;18;505;505001;-;02;5;2;11;8;300000;2;3;0.970962;0.958716
1799;2019;4;18;505;505001;-;02;5;4;11;8;174000;2;3;0.975566;0.973930
1800;2019;4;18;505;505001;-;02;11;5;11;8;160000;2;3;0.974925;0.975394
1801;2019;4;18;505;505002;-;01;5;3;11;8;91000;2;3;0.833798;0.833482
1802;2019;4;18;505;505002;-;01;11;3;11;8;707000;2;3;0.949223;0.927015
1803;2019;4;18;505;505002;-;01;11;4;11;8;102000;2;3;0.966543;0.937523
1804;2019;4;18;505;505002;-;01;11;5;11;8;215000;2;3;0.962577;0.940897
1805;2019;4;18;505;505002;-;01;11;6;11;8;109500;2;3;0.965318;0.935020
1806;2019;4;18;505;505002;-;02;5;5;11;8;492750;2;3;0.982030;0.977411
1807;2019;4;18;505;505002;-;02;11;4;11;8;620000;2;3;0.970080;0.965110
1808;2019;4;18;505;505003;-;01;5;4;11;8;293600;2;3;0.856138;0.838361
1809;2019;4;18;505;505003;-;01;8;3;11;8;170000;2;3;0.923666;0.913457
1810;2019;4;18;505;505003;-;01;11;2;11;8;78500;2;3;0.924326;0.862669
1811;2019;4;18;505;505003;-;02;5;3;11;8;330415;2;3;0.986514;0.978145
1812;2019;4;18;505;505003;-;02;5;4;11;8;70250;2;3;0.955382;0.963218
1813;2019;4;18;505;505003;-;02;11;4;11;8;297600;2;3;0.881011;0.894211
1814;2019;4;18;505;505003;-;03;8;6;11;8;1029830;2;3;0.815094;0.757602
1815;2019;4;18;505;505005;-;01;5;4;11;8;142000;2;3;0.846554;0.830651
1816;2019;4;18;505;505005;-;01;11;2;11;8;18000;2;3;0.951581;0.917646
1817;2019;4;18;505;505005;-;02;5;2;11;8;220445;2;3;0.971433;0.957591
1818;2019;4;18;505;505005;-;02;11;3;11;8;493470;2;3;0.984666;0.983521
1819;2019;4;18;505;505005;-;02;11;4;11;8;165000;2;3;0.969103;0.957255
1820;2019;5;2;601;601004;-;02;12;8;11;9;136665194;2;3;0.969326;0.943584
1821;2019;5;2;602;602002;-;01;5;2;11;8;77000;2;3;0.714702;0.686295
1822;2019;5;13;601;601006;-;02;5;2;11;8;80000;2;3;0.966580;0.979320
1823;2019;5;14;604;604004;-;02;11;2;11;8;20000;2;3;0.992352;0.993448
1824;2019;5;15;601;601005;-;02;5;4;11;8;14450;2;3;0.978862;0.973320
1825;2019;6;2;702;702002;-;02;5;3;11;8;60000;2;3;0.995115;0.971091
1826;2019;6;2;702;702002;-;02;5;3;11;9;30000;2;3;0.963784;0.906615
1827;2019;6;3;702;702001;-;01;11;4;11;8;124000;2;3;0.921464;0.953581
1828;2019;6;4;701;701002;-;01;14;4;11;8;69450;2;3;0.912984;0.936175
1829;2019;6;4;701;701003;-;01;11;3;11;8;29700;2;3;0.956611;0.961011
1830;2019;6;4;701;701004;-;02;5;4;11;8;200;2;3;0.952220;0.963346
1831;2019;6;4;701;701005;-;02;5;3;11;8;181980;2;3;0.987081;0.988322
1832;2019;6;4;701;701005;-;02;5;4;11;8;124500;2;3;0.985500;0.975223
1833;2019;6;4;701;701005;-;02;5;5;11;8;73130;2;3;0.980548;0.972087
1834;2019;6;5;702;702005;-;16;11;2;11;8;62050;2;3;0.760777;0.684109
1835;2019;6;7;702;702001;-;01;5;3;11;8;23000;2;3;0.892791;0.876790
1836;2019;6;7;702;702001;-;02;5;2;11;8;75893;2;3;0.923576;0.945868
1837;2019;6;7;702;702001;-;02;5;3;11;8;58400;2;3;0.995115;0.984906
1838;2019;6;7;702;702001;-;16;6;3;11;8;54750;2;3;0.766628;0.712011
1839;2019;6;9;701;701004;-;01;5;4;11;8;120000;2;3;0.850189;0.840879
1840;2019;6;9;701;701004;-;02;5;3;11;8;87600;2;3;0.993526;0.987834
1841;2019;7;2;804;804003;-;02;5;2;11;8;88000;2;3;0.976937;0.981238
1842;2019;7;2;804;804003;-;02;11;5;11;8;300000;2;3;0.988707;0.990600
1843;2019;7;2;804;804004;-;01;5;2;11;8;87480;2;3;0.729306;0.707125
1844;2019;7;2;804;804004;-;02;11;2;11;8;73450;2;3;0.989655;0.988935
1845;2019;7;3;0;0;-;02;9;5;11;8;23000;2;3;0.986899;0.970176
1846;2019;7;3;805;805002;-;01;11;2;11;8;26000;2;3;0.954543;0.953538
1847;2019;7;4;801;801003;-;01;11;3;11;8;30000;2;3;0.964903;0.955554
1848;2019;7;5;805;805006;-;02;5;2;11;7;58400;2;3;0.970717;0.955973
1849;2019;7;5;805;805007;-;02;9;3;11;8;73000;2;3;0.988674;0.996784
1850;2019;7;7;805;805003;-;02;11;2;11;8;10300;2;3;0.993862;0.993807
1851;2019;7;13;0;0;-;02;5;1;11;8;5750;2;3;0.612236;0.617106
1852;2019;7;13;801;801006;-;02;11;4;11;8;87000;2;3;0.990867;0.990165
1853;2019;8;3;0;0;-;18;5;1;11;8;4000;1;1;0.885411;0.898527
1854;2019;8;3;904;904003;-;01;5;2;11;8;28000;2;3;0.630945;0.612865
1855;2019;8;3;904;904003;-;02;5;2;11;8;70000;2;3;0.819631;0.878012
1856;2019;8;3;905;905003;-;01;5;3;11;8;4400;2;3;0.611994;0.590776
1857;2019;8;4;903;903005;-;02;13;5;11;8;91073;2;3;0.583543;0.688645
1858;2019;8;4;903;903005;-;02;13;5;11;9;10000;2;3;0.532218;0.578747
1859;2019;8;13;905;905005;-;01;5;2;11;8;36500;2;3;0.630945;0.612865
1860;2019;8;13;906;906001;-;01;11;2;4;8;8000;4;4;0.730853;0.682019
1861;2019;8;13;906;906001;-;01;11;3;11;8;15000;2;3;0.585225;0.587883
1862;2019;8;13;906;906001;-;01;11;3;11;9;3000;2;3;0.545536;0.535711
1863;2019;9;2;1002;1002005;-;01;2;5;11;8;97000;2;3;0.836017;0.782901
1864;2019;9;2;1003;1003004;-;01;5;3;4;8;265;2;3;0.637174;0.563465
1865;2019;9;6;1004;1004004;-;02;2;5;11;6;135213;2;3;0.929026;0.911133
1866;2019;9;6;1004;1004004;-;02;2;5;11;8;3154962;2;3;0.936030;0.904334
1867;2019;9;6;1004;1004004;-;02;2;5;11;9;1216914;2;3;0.929252;0.897732
1868;2019;10;18;0;0;-;02;5;2;11;8;28000;2;3;0.984515;0.983584
1869;2019;10;24;0;0;-;40;5;2;4;8;1000;4;9;0.526087;0.328779
1870;2019;11;6;0;0;-;01;5;5;11;8;73000;2;3;0.704329;0.717185
1871;2019;11;6;0;0;-;01;11;5;11;8;2500;2;3;0.873823;0.901841
1872;2019;11;6;0;0;-;02;5;1;11;8;35000;2;3;0.590578;0.598683
1873;2019;11;6;0;0;-;02;5;4;11;8;54000;2;3;0.934054;0.962445
1874;2019;11;6;1101;1101004;-;01;5;5;11;8;47600;2;3;0.754259;0.776127
1875;2019;11;6;1101;1101004;-;02;5;3;11;8;324000;2;3;0.955624;0.958354
1876;2019;11;6;1101;1101006;-;01;5;2;11;8;52000;2;3;0.756797;0.804620
1877;2019;11;6;1102;1102001;-;01;5;6;11;8;10800;2;3;0.759978;0.814126
1878;2019;11;11;1102;1102008;-;01;5;3;11;8;73000;2;3;0.752132;0.773498
1879;2019;11;11;1102;1102008;-;01;5;5;11;8;63220;2;3;0.738525;0.745336
1880;2019;11;11;1102;1102008;-;01;14;5;11;8;64000;2;3;0.838862;0.834306
1881;2019;12;2;0;0;-;18;5;1;11;8;59850;1;1;0.857482;0.823735
1882;2019;12;3;1203;1203004;-;01;11;4;11;8;106300;2;3;0.935760;0.912838
1883;2019;12;3;1203;1203004;-;02;5;3;11;8;93000;2;3;0.951157;0.939737
1884;2019;12;3;1203;1203005;-;02;5;2;11;8;95400;2;3;0.916091;0.934041
1885;2019;12;3;1203;1203005;-;02;5;3;11;8;43200;2;3;0.959171;0.946213
1886;2019;12;3;1203;1203005;-;02;5;4;11;6;800;2;3;0.904132;0.922366
1887;2019;12;3;1203;1203005;-;02;5;4;11;9;20;2;3;0.932383;0.878802
1888;2019;12;3;1203;1203005;-;02;11;3;11;8;37600;2;3;0.984892;0.961643
1889;2019;12;4;0;0;-;18;5;1;11;8;59850;1;1;0.857482;0.823735
1890;2019;12;5;0;0;-;18;11;1;11;8;119700;1;1;0.816362;0.824196
1891;2019;12;5;1201;1201001;-;02;11;3;11;8;51420;2;3;0.984892;0.961643
1892;2019;14;3;1401;1401006;-;02;5;3;11;8;80000;2;3;0.993160;0.987055
1893;2019;14;4;1402;1402006;-;01;5;2;11;8;65400;2;3;0.851415;0.796244
1894;2019;14;4;1402;1402006;-;02;5;2;11;8;46800;2;3;0.991042;0.987103
1895;2019;14;4;1402;1402006;-;02;5;4;11;8;100000;2;3;0.984911;0.971950
1896;2019;14;4;1404;1404003;-;01;5;3;11;8;54000;2;3;0.913921;0.896844
1897;2019;14;4;1404;1404007;-;01;5;2;11;8;97200;2;3;0.805573;0.764391
1898;2019;14;4;1404;1404007;-;01;5;4;11;8;43200;2;3;0.919222;0.897450
1899;2019;14;10;1403;1403007;-;01;5;4;11;8;90125;2;3;0.891060;0.880892
1900;2019;14;10;1403;1403007;-;02;8;5;11;8;182500;2;3;0.996049;0.996662
1901;2019;14;12;1405;1405005;-;01;1;4;11;8;27791;2;3;0.959735;0.942732
1902;2019;15;4;0;0;-;18;5;1;11;8;28800;1;1;0.865670;0.846887
1903;2019;15;4;0;0;-;18;5;1;11;9;300;1;1;0.924035;0.944788
1904;2019;15;6;1504;1504005;-;01;5;6;11;7;45000;2;3;0.862594;0.835739
1905;2019;15;6;1504;1504005;-;01;5;6;11;8;50000;2;3;0.865247;0.860345
1906;2019;15;6;1504;1504005;-;01;5;6;11;9;40000;2;3;0.829601;0.771522
1907;2019;15;6;1505;1505004;-;01;5;2;11;6;128;2;3;0.716177;0.759911
1908;2019;15;7;1503;1503004;-;02;5;5;11;8;129300;2;3;0.974446;0.973549
1909;2019;15;9;1503;1503005;-;02;8;3;11;8;40000;2;3;0.997517;0.997481
1910;2019;16;1;1604;1604002;-;02;5;2;11;8;1750;2;3;0.962973;0.966230
1911;2019;16;1;1605;1605001;-;02;11;3;11;8;280000;2;3;0.992288;0.990190
1912;2019;16;1;1605;1605002;-;01;5;2;11;8;81150;2;3;0.704737;0.644654
1913;2019;16;1;1605;1605002;-;02;5;2;11;9;8100;2;3;0.857917;0.811779
1914;2019;16;1;1605;1605002;-;02;11;2;11;8;24000;2;3;0.989898;0.974365
1915;2019;16;2;0;0;-;02;5;1;11;8;1000;2;3;0.625683;0.606050
1916;2019;16;3;0;0;-;02;11;4;11;8;146000;2;3;0.984608;0.981715
1917;2019;16;3;1601;1601001;-;02;5;3;11;8;65000;2;3;0.978530;0.976911
1918;2019;16;3;1601;1601002;-;02;5;4;11;8;292000;2;3;0.946596;0.942264
1919;2019;16;3;1601;1601003;-;02;2;4;11;8;140000;2;3;0.975217;0.976978
1920;2019;16;3;1601;1601003;-;02;5;2;11;8;569930;2;3;0.977801;0.974684
1921;2019;16;3;1601;1601003;-;02;5;3;11;8;1234670;2;3;0.980784;0.975808
1922;2019;16;3;1601;1601003;-;02;5;4;11;8;463550;2;3;0.887086;0.878493
1923;2019;16;3;1601;1601003;-;02;5;5;11;8;259150;2;3;0.950170;0.957937
1924;2019;16;3;1601;1601003;-;02;11;2;11;8;249795;2;3;0.992898;0.988960
1925;2019;16;3;1601;1601003;-;02;11;3;11;8;272150;2;3;0.990084;0.986857
1926;2019;16;3;1601;1601004;-;02;5;2;11;8;204825;2;3;0.977272;0.975016
1927;2019;16;3;1601;1601004;-;02;5;3;11;8;124100;2;3;0.967014;0.972957
1928;2019;16;3;1601;1601004;-;02;11;2;11;8;150380;2;3;0.990647;0.987443
1929;2019;16;3;1601;1601005;-;02;5;2;11;8;214732;2;3;0.977272;0.975016
1930;2019;16;3;1601;1601005;-;02;5;4;11;8;445150;2;3;0.833867;0.872825
1931;2019;16;3;1601;1601005;-;02;8;2;11;8;45625;2;3;0.989672;0.987635
1932;2019;16;3;1601;1601006;-;02;5;3;11;8;56400;2;3;0.979106;0.973230
1933;2019;16;3;1601;1601006;-;02;5;4;11;8;500000;2;3;0.943105;0.935215
1934;2019;16;3;1601;1601006;-;02;11;2;11;8;138595;2;3;0.990647;0.987443
1935;2019;16;3;1601;1601006;-;02;11;3;11;8;376500;2;3;0.992288;0.990190
1936;2019;16;3;1602;1602004;-;01;5;3;11;8;6000;2;3;0.895405;0.884247
1937;2019;16;3;1602;1602004;-;01;11;2;11;8;80000;2;3;0.918997;0.910243
1938;2019;16;3;1602;1602004;-;02;5;2;11;8;1879455;2;3;0.970938;0.974803
1939;2019;16;3;1602;1602004;-;02;5;3;11;8;315725;2;3;0.979478;0.975165
1940;2019;16;3;1602;1602004;-;02;5;4;11;8;799350;2;3;0.961379;0.957159
1941;2019;16;3;1602;1602004;-;02;5;5;11;8;219700;2;3;0.962991;0.958469
1942;2019;16;3;1602;1602004;-;02;11;2;11;8;69630;2;3;0.991001;0.990991
1943;2019;16;3;1602;1602004;-;02;11;3;11;8;74650;2;3;0.992765;0.992688
1944;2019;16;3;1605;1605003;-;02;11;2;11;8;29000;2;3;0.992849;0.990201
1945;2019;16;3;1605;1605004;-;02;5;2;11;8;105100;2;3;0.965610;0.970576
1946;2019;16;3;1605;1605004;-;02;11;2;11;8;62780;2;3;0.991001;0.990991
1947;2019;16;3;1606;1606004;-;02;5;2;11;8;2000;2;3;0.962973;0.966230
1948;2019;16;3;1607;1607001;-;02;5;2;11;8;5000;2;3;0.965089;0.958275
1949;2019;16;4;1601;1601001;-;01;5;2;11;8;160600;2;3;0.762057;0.706063
1950;2019;16;4;1601;1601001;-;01;11;2;4;8;5200;2;3;0.701657;0.633818
1951;2019;16;4;1601;1601001;-;01;11;4;11;8;90500;2;3;0.938177;0.940477
1952;2019;16;4;1601;1601001;-;01;11;5;11;8;43800;2;3;0.947399;0.947849
1953;2019;16;4;1601;1601001;-;02;5;2;11;8;315915;2;3;0.977648;0.974483
1954;2019;16;4;1601;1601001;-;02;5;3;11;8;408220;2;3;0.975478;0.975165
1955;2019;16;4;1601;1601001;-;02;5;4;11;8;511600;2;3;0.943105;0.941882
1956;2019;16;4;1601;1601001;-;02;8;2;11;8;19600;2;3;0.982961;0.988040
1957;2019;16;4;1601;1601001;-;02;11;3;11;8;257000;2;3;0.992240;0.979652
1958;2019;16;4;1601;1601001;-;02;11;4;11;8;164700;2;3;0.978066;0.981976
1959;2019;16;4;1601;1601002;-;02;5;2;11;8;546800;2;3;0.977801;0.974684
1960;2019;16;4;1601;1601002;-;02;5;3;11;8;524360;2;3;0.975010;0.975808
1961;2019;16;4;1601;1601002;-;02;5;4;11;8;503700;2;3;0.943105;0.941882
1962;2019;16;4;1601;1601002;-;02;8;3;11;8;178850;2;3;0.992545;0.988529
1963;2019;16;4;1601;1601002;-;02;11;2;11;8;150200;2;3;0.990647;0.987443
1964;2019;16;4;1601;1601002;-;02;11;3;11;8;258420;2;3;0.979740;0.979357
1965;2019;16;4;1601;1601002;-;02;11;4;11;8;150000;2;3;0.984608;0.981715
1966;2019;16;4;1601;1601003;-;02;11;3;11;8;160000;2;3;0.976764;0.989784
1967;2019;16;4;1602;1602004;-;01;5;2;11;8;9600;2;3;0.836510;0.798486
1968;2019;16;4;1602;1602004;-;02;5;2;11;8;206225;2;3;0.977272;0.975016
1969;2019;16;4;1604;1604001;-;02;11;4;11;8;215000;2;3;0.985793;0.983329
1970;2019;16;5;0;0;-;02;2;4;11;8;740000;2;3;0.978413;0.975405
1971;2019;16;5;0;0;-;02;5;2;11;8;276000;2;3;0.975444;0.974483
1972;2019;16;5;0;0;-;02;5;3;11;8;113700;2;3;0.951256;0.964031
1973;2019;16;5;0;0;-;02;5;4;11;8;182500;2;3;0.939354;0.932073
1974;2019;16;5;0;0;-;02;11;2;11;8;35500;2;3;0.992849;0.990201
1975;2019;16;5;0;0;-;02;11;3;11;8;95000;2;3;0.992366;0.987382
1976;2019;16;5;1604;1604001;-;01;5;3;11;8;29800;2;3;0.886156;0.882249
1977;2019;16;5;1604;1604001;-;01;5;5;11;8;228350;2;3;0.858253;0.859634
1978;2019;16;5;1604;1604001;-;01;11;2;11;8;316000;2;3;0.898454;0.908820
1979;2019;16;5;1604;1604001;-;01;11;4;11;8;330000;2;3;0.890009;0.897739
1980;2019;16;5;1604;1604001;-;01;11;5;11;8;368500;2;3;0.921536;0.923535
1981;2019;16;5;1604;1604001;-;02;5;2;11;8;1022580;2;3;0.977861;0.974684
1982;2019;16;5;1604;1604001;-;02;5;3;11;8;605700;2;3;0.980725;0.975808
1983;2019;16;5;1604;1604001;-;02;5;4;11;8;243300;2;3;0.948073;0.938545
1984;2019;16;5;1604;1604001;-;02;5;5;11;8;846800;2;3;0.967617;0.965799
1985;2019;16;5;1604;1604001;-;02;11;2;11;8;153150;2;3;0.990647;0.987443
1986;2019;16;5;1604;1604001;-;02;11;3;11;8;216400;2;3;0.992695;0.990066
1987;2019;16;5;1604;1604001;-;02;11;4;11;8;330000;2;3;0.978047;0.980618
1988;2019;16;5;1604;1604001;-;02;11;5;11;8;582000;2;3;0.988539;0.985282
1989;2019;16;5;1604;1604001;-;02;12;4;11;8;180000;2;3;0.973390;0.975506
1990;2019;16;5;1604;1604001;-;16;5;3;11;8;96000;2;3;0.588208;0.597213
1991;2019;16;5;1604;1604002;-;02;5;2;11;8;364625;2;3;0.977648;0.974483
1992;2019;16;5;1604;1604002;-;02;5;3;11;8;647250;2;3;0.980725;0.975808
1993;2019;16;5;1604;1604002;-;02;5;4;11;8;575824;2;3;0.961319;0.957159
1994;2019;16;5;1604;1604002;-;02;8;4;11;8;86000;2;3;0.978092;0.972961
1995;2019;16;5;1604;1604002;-;02;11;2;11;8;475750;2;3;0.992166;0.989084
1996;2019;16;5;1604;1604002;-;02;11;3;11;8;162000;2;3;0.984773;0.989784
1997;2019;16;5;1604;1604003;-;01;5;2;11;8;109500;2;3;0.656615;0.632567
1998;2019;16;5;1604;1604003;-;02;5;2;11;8;426300;2;3;0.977648;0.974483
1999;2019;16;5;1604;1604003;-;02;5;3;11;8;490000;2;3;0.975010;0.975808
2000;2019;16;5;1604;1604003;-;02;5;4;11;8;698750;2;3;0.961319;0.957159
2001;2019;16;5;1604;1604003;-;02;8;5;11;8;646000;2;3;0.986056;0.988779
2002;2019;16;5;1604;1604003;-;02;11;2;11;8;48000;2;3;0.992849;0.990201
2003;2019;16;5;1604;1604003;-;02;11;3;11;8;772500;2;3;0.991962;0.990190
2004;2019;16;5;1604;1604003;-;02;11;5;11;8;167158;2;3;0.987511;0.985105
2005;2019;16;5;1604;1604003;-;02;14;2;11;8;45000;2;3;0.959415;0.970839
2006;2019;16;5;1604;1604004;-;01;5;4;11;8;94000;2;3;0.811498;0.839159
2007;2019;16;5;1604;1604004;-;01;11;2;11;8;15250;2;3;0.950331;0.950384
2008;2019;16;5;1604;1604004;-;02;5;2;11;8;241750;2;3;0.977272;0.975016
2009;2019;16;5;1604;1604004;-;02;5;3;11;8;110000;2;3;0.965423;0.971531
2010;2019;16;5;1604;1604004;-;02;5;4;11;8;1073800;2;3;0.961379;0.957159
2011;2019;16;5;1604;1604004;-;02;5;5;11;8;558450;2;3;0.967557;0.965799
2012;2019;16;5;1604;1604004;-;02;5;7;11;8;92902;2;3;0.920250;0.920950
2013;2019;16;5;1604;1604004;-;02;11;2;11;8;161282;2;3;0.985250;0.987704
2014;2019;16;5;1604;1604004;-;02;11;3;11;8;123967;2;3;0.992018;0.989523
2015;2019;16;5;1604;1604004;-;02;11;4;11;8;1500000;2;3;0.969595;0.974466
2016;2019;16;5;1604;1604004;-;02;11;5;11;8;154000;2;3;0.986555;0.984843
2017;2019;16;5;1604;1604005;-;02;5;2;11;8;309900;2;3;0.977648;0.974483
2018;2019;16;5;1604;1604005;-;02;5;3;11;8;387000;2;3;0.979478;0.975165
2019;2019;16;5;1604;1604005;-;02;5;4;11;8;618000;2;3;0.961319;0.957159
2020;2019;16;5;1604;1604005;-;02;11;3;11;8;403000;2;3;0.992288;0.990190
2021;2019;16;5;1604;1604005;-;02;11;4;11;8;105000;2;3;0.979487;0.976592
2022;2019;16;5;1604;1604006;-;02;5;2;11;8;295000;2;3;0.977648;0.974483
2023;2019;16;5;1604;1604006;-;02;5;3;11;8;42000;2;3;0.979106;0.973230
2024;2019;16;5;1604;1604006;-;02;5;4;11;8;691000;2;3;0.961319;0.957159
2025;2019;16;5;1604;1604006;-;02;5;5;11;8;1600000;2;3;0.960617;0.965918
2026;2019;16;5;1604;1604006;-;02;11;2;11;8;15000;2;3;0.986453;0.988486
2027;2019;16;5;1604;1604006;-;02;11;3;11;8;142500;2;3;0.992018;0.989523
2028;2019;16;5;1604;1604006;-;16;5;5;11;8;1182600;2;3;0.646835;0.614496
2029;2019;16;5;1604;1604007;-;01;8;2;11;8;19800;2;3;0.937244;0.920201
2030;2019;16;5;1604;1604007;-;01;11;2;11;8;153380;2;3;0.923817;0.926578
2031;2019;16;5;1604;1604007;-;01;11;5;11;8;910000;2;3;0.905286;0.872037
2032;2019;16;5;1604;1604007;-;02;5;2;11;8;766880;2;3;0.977861;0.974684
2033;2019;16;5;1604;1604007;-;02;5;3;11;8;1209510;2;3;0.980784;0.975808
2034;2019;16;5;1604;1604007;-;02;11;2;11;8;332275;2;3;0.992492;0.989084
2035;2019;16;5;1604;1604007;-;02;11;3;11;8;259130;2;3;0.979740;0.979357
2036;2019;16;5;1604;1604007;-;02;14;5;11;8;160000;2;3;0.960474;0.972692
2037;2019;16;5;1605;1605004;-;02;5;2;11;8;14400;2;3;0.971131;0.973972
2038;2019;16;5;1607;1607004;-;02;5;2;11;8;21000;2;3;0.969297;0.972397
2039;2019;16;6;0;0;-;02;5;1;11;8;25550;2;3;0.631019;0.594480
2040;2019;16;6;0;0;-;02;5;2;11;8;57670;2;3;0.968028;0.951600
2041;2019;16;6;1601;1601005;-;02;5;3;11;8;43200;2;3;0.979106;0.973230
2042;2019;16;6;1605;1605001;-;02;5;2;11;8;109500;2;3;0.960610;0.970576
2043;2019;16;6;1605;1605002;-;02;5;2;11;8;36300;2;3;0.970073;0.969018
2044;2019;16;6;1605;1605003;-;01;5;2;11;8;18000;2;3;0.830356;0.798486
2045;2019;16;6;1605;1605003;-;02;5;2;11;8;115100;2;3;0.946443;0.963076
2046;2019;16;6;1605;1605004;-;02;5;2;11;8;51100;2;3;0.970073;0.969018
2047;2019;16;6;1605;1605004;-;02;5;3;11;8;59000;2;3;0.979106;0.973230
2048;2019;16;6;1605;1605006;-;-;11;3;11;8;14000;2;3;0.780492;0.724408
2049;2019;16;6;1605;1605006;-;02;2;3;11;8;290000;2;3;0.989935;0.974729
2050;2019;16;6;1606;1606003;-;02;11;2;11;8;5000;2;3;0.971917;0.963466
2051;2019;16;6;1606;1606005;-;01;5;2;11;8;44670;2;3;0.822213;0.766139
2052;2019;16;6;1606;1606005;-;02;5;2;11;8;205700;2;3;0.977272;0.975016
2053;2019;16;6;1606;1606005;-;02;5;3;11;8;613000;2;3;0.980725;0.975808
2054;2019;16;6;1606;1606005;-;50;5;3;11;8;50400;2;3;0.587463;0.608234
2055;2019;16;7;1605;1605004;-;02;5;2;11;8;72500;2;3;0.970978;0.968414
2056;2019;16;7;1605;1605006;-;02;2;3;11;9;295000;2;3;0.826466;0.831965
2057;2019;16;7;1607;1607003;-;02;8;3;11;8;324600;2;3;0.991972;0.986931
2058;2019;16;7;1607;1607003;-;02;11;3;11;8;194186;2;3;0.992695;0.990066
2059;2019;16;8;0;0;-;02;5;2;11;8;16800;2;3;0.964977;0.965551
2060;2019;16;8;0;0;-;02;8;2;11;8;155000;2;3;0.982386;0.987117
2061;2019;16;8;1602;1602001;-;02;5;2;11;8;19800;2;3;0.971131;0.972397
2062;2019;16;8;1603;1603001;-;02;5;2;11;8;328300;2;3;0.977648;0.974483
2063;2019;16;8;1603;1603001;-;16;5;2;11;8;106539;2;3;0.527274;0.471775
2064;2019;16;8;1603;1603002;-;01;11;2;11;8;217200;2;3;0.924781;0.923496
2065;2019;16;8;1603;1603002;-;02;5;2;11;8;55130;2;3;0.970073;0.952288
2066;2019;16;8;1603;1603003;-;01;5;3;11;8;19000;2;3;0.884051;0.890528
2067;2019;16;8;1603;1603003;-;02;5;2;4;8;20000;2;3;0.889226;0.786390
2068;2019;16;8;1603;1603003;-;02;5;2;4;9;15000;2;3;0.837938;0.723219
2069;2019;16;8;1603;1603003;-;02;5;2;11;8;106050;2;3;0.965610;0.970576
2070;2019;16;8;1603;1603003;-;02;11;2;11;8;138700;2;3;0.990647;0.987443
2071;2019;16;8;1603;1603004;-;01;5;3;11;8;99620;2;3;0.793553;0.822642
2072;2019;16;8;1603;1603004;-;02;2;3;11;8;84000;2;3;0.990788;0.981319
2073;2019;16;8;1603;1603004;-;02;11;3;11;8;79110;2;3;0.992366;0.991351
2074;2019;16;8;1603;1603005;-;01;5;3;11;8;42350;2;3;0.886156;0.879266
2075;2019;16;8;1603;1603006;-;02;5;2;11;9;47000;2;3;0.897944;0.851454
2076;2019;16;8;1603;1603006;-;02;5;4;11;8;115000;2;3;0.844198;0.872237
2077;2019;16;8;1605;1605004;-;02;11;2;11;8;31000;2;3;0.992849;0.990201
2078;2019;16;8;1606;1606001;-;02;5;2;11;8;18250;2;3;0.964977;0.965551
2079;2019;16;8;1607;1607003;-;02;5;2;11;8;73000;2;3;0.957594;0.962164
2080;2019;16;8;1607;1607003;-;02;11;2;11;8;15100;2;3;0.986453;0.988486
2081;2019;16;9;0;0;-;02;5;3;11;8;135000;2;3;0.967014;0.972957
2082;2019;16;9;1602;1602001;-;01;8;5;11;8;89305;2;3;0.940423;0.921818
2083;2019;16;9;1602;1602001;-;02;5;3;11;8;113000;2;3;0.951256;0.964031
2084;2019;16;9;1602;1602001;-;02;5;7;11;8;248900;2;3;0.962676;0.958469
2085;2019;16;9;1602;1602001;-;02;11;2;11;8;162000;2;3;0.985250;0.987704
2086;2019;16;9;1602;1602001;-;02;11;3;11;8;72800;2;3;0.992765;0.992688
2087;2019;16;9;1602;1602002;-;02;11;4;11;8;109500;2;3;0.979487;0.976592
2088;2019;16;9;1602;1602003;-;01;11;3;11;8;73000;2;3;0.901621;0.936468
2089;2019;16;9;1602;1602003;-;02;5;2;11;8;301950;2;3;0.977648;0.974483
2090;2019;16;9;1602;1602003;-;02;5;3;11;8;390550;2;3;0.975478;0.975165
2091;2019;16;9;1602;1602003;-;02;11;2;11;8;398000;2;3;0.992492;0.989084
2092;2019;16;9;1602;1602003;-;02;11;3;11;8;200750;2;3;0.992695;0.990066
2093;2019;16;9;1602;1602003;-;02;11;4;11;8;255500;2;3;0.975874;0.972145
2094;2019;16;10;0;0;-;02;5;1;11;8;299360;2;3;0.625197;0.594438
2095;2019;17;3;1701;1701004;-;02;5;4;11;8;153300;2;3;0.957821;0.964737
2096;2019;17;5;0;0;-;02;11;4;11;8;137200;2;3;0.987454;0.988723
2097;2019;17;6;0;0;-;01;5;2;11;8;18250;2;3;0.765173;0.783120
2098;2019;17;7;1701;1701001;-;03;4;6;11;6;856;2;3;0.817449;0.821506
2099;2019;17;7;1701;1701001;-;03;4;6;11;7;2598;2;3;0.857839;0.869855
2100;2019;17;7;1701;1701001;-;03;4;6;11;8;163040;2;3;0.840664;0.820279
2101;2019;17;7;1701;1701001;-;03;4;6;11;9;14360;2;3;0.849734;0.796196
2102;2019;17;8;1702;1702002;-;01;5;2;11;8;40000;2;3;0.771241;0.777145
2103;2019;17;8;1702;1702005;-;01;0;2;11;8;27057;2;3;0.885213;0.898762
2104;2019;17;8;1702;1702005;-;01;5;2;11;8;27000;2;3;0.770690;0.777145
2105;2019;17;8;1702;1702005;-;01;8;4;11;8;50000;2;3;0.929726;0.947672
2106;2019;17;8;1702;1702005;-;01;11;2;11;8;28158;2;3;0.938217;0.940302
2107;2019;17;8;1702;1702005;-;01;11;3;11;8;50250;2;3;0.954616;0.959322
2108;2019;17;8;1702;1702005;-;02;5;2;11;8;309600;2;3;0.905929;0.898947
2109;2019;17;8;1702;1702005;-;02;5;3;11;8;158028;2;3;0.964812;0.978152
2110;2019;17;8;1702;1702005;-;02;11;2;11;8;8700;2;3;0.979516;0.986569
2111;2019;17;8;1702;1702005;-;02;11;5;11;8;310000;2;3;0.973163;0.988107
2112;2019;17;8;1703;1703005;-;01;5;4;11;8;100000;2;3;0.844981;0.846696
2113;2019;17;9;1704;1704003;-;02;5;4;11;8;345170;2;3;0.951398;0.951769
2114;2019;17;9;1704;1704004;-;02;5;3;11;8;147930;2;3;0.977901;0.978152
2115;2019;17;9;1704;1704005;-;01;5;3;11;8;280000;2;3;0.633805;0.674188
2116;2019;17;9;1704;1704006;-;01;11;3;11;8;292000;2;3;0.877916;0.892785
2117;2019;17;10;0;0;-;18;5;1;11;8;105458;1;1;0.832314;0.824746
2118;2019;17;10;1702;1702002;-;01;5;4;11;8;108000;2;3;0.844981;0.850939
2119;2019;17;10;1702;1702002;-;02;11;2;11;8;150000;2;3;0.985538;0.971100
2120;2019;17;10;1702;1702005;-;02;11;4;11;8;100000;2;3;0.987726;0.984802
2121;2019;17;10;1702;1702006;-;02;5;3;11;8;89000;2;3;0.977672;0.978788
2122;2019;17;10;1702;1702006;-;02;5;5;11;8;126000;2;3;0.953097;0.965246
2123;2019;17;10;1702;1702006;-;18;11;6;11;8;703055;2;3;0.534753;0.480626
2124;2019;17;11;1702;1702003;-;01;5;3;11;8;65000;2;3;0.869461;0.887391
2125;2019;17;11;1702;1702003;-;01;5;4;11;8;15000;2;3;0.870829;0.890490
2126;2019;17;11;1702;1702003;-;01;11;5;11;8;60000;2;3;0.958847;0.946436
2127;2019;17;11;1702;1702003;-;02;5;3;11;8;30000;2;3;0.978224;0.980879
2128;2019;17;11;1702;1702003;-;02;11;2;11;8;44500;2;3;0.987463;0.988284
2129;2019;17;11;1702;1702004;-;02;5;2;11;8;125000;2;3;0.963274;0.960674
2130;2019;17;11;1702;1702004;-;02;11;2;11;8;35000;2;3;0.987463;0.988284
2131;2019;17;11;1702;1702004;-;02;11;4;11;8;135000;2;3;0.987454;0.988723
2132;2019;17;11;1702;1702008;-;01;3;5;11;8;7290;2;3;0.901650;0.903773
2133;2019;17;11;1702;1702008;-;02;5;4;11;8;216000;2;3;0.961734;0.971047
2134;2019;18;6;0;0;-;02;5;1;11;6;500;2;3;0.564095;0.591846
2135;2019;18;6;0;0;-;02;5;1;11;8;30000;2;3;0.612517;0.585669
2136;2019;18;6;0;0;-;02;5;1;11;9;5000;2;3;0.583078;0.565545
2137;2019;18;6;1802;1802001;-;02;5;2;11;8;31120;2;3;0.969357;0.970570
2138;2019;18;6;1802;1802002;-;02;5;2;11;8;27540;2;3;0.969357;0.970570
2139;2019;18;10;1802;1802001;-;01;5;2;11;8;1300;2;3;0.802639;0.798127
2140;2019;19;7;1901;1901005;-;02;11;2;11;8;76000;2;3;0.937222;0.960911
2141;2019;19;10;0;0;-;02;5;1;11;8;40;2;3;0.635410;0.576362
2142;2019;19;10;1903;1903002;-;01;8;2;11;8;50000;2;3;0.940767;0.934429
2143;2020;2;2;302;302002;-;02;11;2;11;8;14600;2;3;0.992923;0.988506
2144;2020;2;3;303;303004;-;02;5;2;11;8;12000;2;3;0.983923;0.959343
2145;2020;2;3;304;304002;-;40;11;2;4;8;45000;4;9;0.536759;0.368464
2146;2020;2;6;317;317006;-;02;11;3;11;8;58400;2;3;0.996168;0.987926
2147;2020;2;8;314;314001;-;01;5;2;11;8;7000;2;3;0.847685;0.796190
2148;2020;2;8;314;314001;-;01;5;3;11;8;2000;2;3;0.931320;0.838378
2149;2020;2;8;314;314008;-;02;5;2;11;8;69640;2;3;0.980434;0.923797
2150;2020;2;10;307;307002;-;02;11;3;11;8;30000;2;3;0.996168;0.994336
2151;2020;2;10;308;308002;-;16;5;2;11;8;70000;2;3;0.615094;0.545823
2152;2020;2;10;308;308005;-;02;11;2;11;8;250000;2;3;0.995415;0.981098
2153;2020;2;10;308;308005;-;02;11;3;11;8;182000;2;3;0.992516;0.987080
2154;2020;2;10;309;309001;-;02;5;2;11;8;21550;2;3;0.983704;0.957768
2155;2020;2;10;309;309003;-;02;5;2;11;8;28780;2;3;0.982837;0.950029
2156;2020;2;10;309;309004;-;01;11;2;11;8;51100;2;3;0.954490;0.923142
2157;2020;2;10;309;309004;-;02;11;2;11;8;50605;2;3;0.991495;0.983810
2158;2020;2;10;312;312002;-;02;8;2;11;8;8100;2;3;0.942689;0.943318
2159;2020;2;11;307;307001;-;02;5;2;11;8;9000;2;3;0.984218;0.959343
2160;2020;2;11;318;318004;-;02;1;4;11;8;1020;2;3;0.967912;0.971697
2161;2020;2;19;315;315008;-;02;9;2;11;8;19000;2;3;0.983914;0.978062
2162;2020;3;2;404;404004;-;18;5;1;11;8;36000;1;1;0.871670;0.847887
2163;2020;4;2;505;505004;-;01;5;3;11;8;70000;2;3;0.855336;0.867452
2164;2020;4;2;505;505006;-;-;11;2;11;8;50400;2;3;0.710932;0.698998
2165;2020;4;2;505;505006;-;02;11;4;11;8;90000;2;3;0.976288;0.964874
2166;2020;4;5;503;503006;-;03;11;4;11;8;100000;2;3;0.788650;0.776347
2167;2020;4;5;505;505003;-;02;11;3;11;8;148200;2;3;0.989779;0.977568
2168;2020;4;5;505;505005;-;02;5;3;11;8;72000;2;3;0.944707;0.933092
2169;2020;4;5;505;505005;-;02;5;4;11;8;120750;2;3;0.974302;0.957429
2170;2020;4;5;505;505005;-;02;11;4;11;8;511000;2;3;0.970080;0.965110
2171;2020;4;5;505;505005;-;02;11;5;11;8;835300;2;3;0.981023;0.974456
2172;2020;4;5;506;506005;-;01;11;2;11;8;65500;2;3;0.951343;0.891401
2173;2020;4;5;506;506005;-;01;11;3;11;8;186227;2;3;0.956200;0.927642
2174;2020;4;5;506;506005;-;02;5;2;11;8;52000;2;3;0.957182;0.952268
2175;2020;4;5;506;506005;-;02;5;4;11;8;902222;2;3;0.978672;0.973428
2176;2020;4;5;506;506005;-;02;11;3;11;8;360250;2;3;0.984666;0.983521
2177;2020;4;5;506;506005;-;02;11;4;11;8;310250;2;3;0.897535;0.897545
2178;2020;4;5;506;506006;-;02;1;4;11;8;307461;2;3;0.981640;0.973553
2179;2020;4;5;506;506006;-;02;1;4;11;9;54258;2;3;0.959561;0.919162
2180;2020;4;5;506;506006;-;02;5;2;11;8;27000;2;3;0.970036;0.968268
2181;2020;4;5;506;506006;-;02;5;3;11;8;91250;2;3;0.967038;0.975228
2182;2020;4;5;506;506006;-;02;11;3;11;8;225000;2;3;0.989458;0.983092
2183;2020;4;6;501;501004;-;02;5;2;11;8;11050;2;3;0.971104;0.973815
2184;2020;4;6;506;506003;-;01;11;2;4;8;10950;2;3;0.768735;0.732608
2185;2020;4;6;506;506003;-;02;5;3;11;8;3630;2;3;0.971762;0.974438
2186;2020;4;6;506;506003;-;02;9;2;11;8;33943;2;3;0.985227;0.975835
2187;2020;4;6;506;506003;-;02;9;2;11;9;1453;2;3;0.932527;0.908022
2188;2020;4;6;506;506004;-;02;5;2;11;8;138970;2;3;0.964020;0.952752
2189;2020;4;6;506;506004;-;02;11;3;11;8;427000;2;3;0.984666;0.983521
2190;2020;4;6;506;506004;-;40;12;2;4;8;7200;2;3;0.482304;0.397291
2191;2020;4;6;506;506005;-;02;11;2;11;8;280000;2;3;0.957735;0.964185
2192;2020;4;6;506;506006;-;02;12;2;11;8;140000;2;3;0.983857;0.965466
2193;2020;4;6;506;506009;-;01;11;3;11;8;45000;2;3;0.967796;0.940765
2194;2020;4;6;506;506009;-;02;8;2;11;8;146000;2;3;0.982836;0.965944
2195;2020;4;7;504;504001;-;02;5;3;11;8;218000;2;3;0.986985;0.977308
2196;2020;4;7;504;504001;-;02;11;3;11;8;390000;2;3;0.984666;0.983521
2197;2020;4;8;0;0;-;18;5;1;11;8;6000;1;1;0.898471;0.848012
2198;2020;4;9;502;502001;-;02;5;2;11;8;6000;2;3;0.967629;0.968765
2199;2020;4;9;502;502001;-;02;5;2;11;9;100;2;3;0.913200;0.879797
2200;2020;4;9;502;502003;-;01;5;3;11;8;255500;2;3;0.843910;0.835619
2201;2020;4;9;502;502003;-;02;8;3;11;8;141300;2;3;0.992847;0.984892
2202;2020;4;9;502;502003;-;02;11;3;11;8;153500;2;3;0.989779;0.977568
2203;2020;4;9;502;502004;-;01;5;3;11;8;60300;2;3;0.862002;0.878733
2204;2020;4;10;501;501006;-;02;5;3;11;8;335800;2;3;0.986514;0.978145
2205;2020;4;11;501;501002;-;01;5;2;11;8;28000;2;3;0.701750;0.755286
2206;2020;4;11;501;501002;-;02;5;2;11;8;109000;2;3;0.940775;0.938512
2207;2020;4;11;501;501002;-;02;8;6;11;8;2255914;2;3;0.981741;0.989141
2208;2020;4;12;502;502003;-;02;5;2;11;8;70000;2;3;0.828212;0.843175
2209;2020;4;12;502;502004;-;01;5;3;11;8;8114;2;3;0.867449;0.858419
2210;2020;4;12;502;502004;-;02;11;3;11;8;390550;2;3;0.984666;0.983521
2211;2020;4;12;502;502006;-;02;5;2;11;8;30000;2;3;0.974169;0.968268
2212;2020;4;12;503;503001;-;02;11;4;11;8;140000;2;3;0.976016;0.961124
2213;2020;4;12;503;503002;-;02;5;2;11;8;100000;2;3;0.927918;0.938512
2214;2020;4;13;0;0;-;18;5;1;11;8;79300;1;1;0.863722;0.833431
2215;2020;4;13;503;503003;-;01;11;2;11;8;160000;2;3;0.898343;0.877620
2216;2020;4;13;503;503003;-;02;5;3;11;8;100375;2;3;0.972038;0.975228
2217;2020;4;13;503;503003;-;02;5;4;11;8;73000;2;3;0.954776;0.937956
2218;2020;4;13;503;503003;-;02;11;2;11;8;292000;2;3;0.970450;0.964185
2219;2020;4;13;503;503007;-;01;11;4;11;8;29450;2;3;0.968361;0.947819
2220;2020;4;13;503;503007;-;02;5;2;11;8;87000;2;3;0.870725;0.886647
2221;2020;4;13;503;503007;-;02;5;3;11;8;309500;2;3;0.986514;0.978145
2222;2020;4;13;503;503007;-;02;5;4;11;8;223200;2;3;0.983152;0.972957
2223;2020;4;13;503;503007;-;02;11;4;11;8;210000;2;3;0.975446;0.957688
2224;2020;4;13;503;503007;-;02;11;5;11;8;160000;2;3;0.974925;0.975394
2225;2020;4;14;502;502006;-;02;5;3;11;8;36500;2;3;0.978713;0.976728
2226;2020;4;14;504;504002;-;02;11;2;11;8;195500;2;3;0.985570;0.969017
2227;2020;4;14;504;504004;-;02;11;2;11;8;98550;2;3;0.984392;0.962685
2228;2020;4;14;506;506001;-;-;5;5;11;8;130000;2;3;0.640852;0.577804
2229;2020;4;14;506;506001;-;02;5;2;11;9;36500;2;3;0.940334;0.891190
2230;2020;4;14;506;506001;-;02;5;3;11;8;36500;2;3;0.978713;0.976728
2231;2020;4;14;506;506001;-;02;5;4;11;8;305000;2;3;0.980486;0.972053
2232;2020;4;14;506;506001;-;02;11;5;11;8;180000;2;3;0.982957;0.971919
2233;2020;4;16;504;504006;-;01;5;2;11;8;106215;2;3;0.532931;0.538284
2234;2020;4;16;504;504006;-;02;2;4;11;8;160000;2;3;0.979774;0.976061
2235;2020;4;16;504;504006;-;02;11;4;11;7;12300;2;3;0.967408;0.951390
2236;2020;4;16;504;504006;-;02;11;4;11;8;120480;2;3;0.976016;0.961124
2237;2020;4;16;504;504006;-;02;11;4;11;9;237866;2;3;0.950559;0.913865
2238;2020;4;16;504;504006;-;02;12;3;11;8;230315;2;3;0.989966;0.988949
2239;2020;4;16;505;505006;-;02;11;3;11;8;435000;2;3;0.984666;0.983521
2240;2020;4;16;506;506001;-;01;5;4;11;8;38345;2;3;0.896987;0.887282
2241;2020;4;16;506;506001;-;02;11;4;11;8;370000;2;3;0.914896;0.928038
2242;2020;4;16;506;506005;-;01;5;2;11;8;130000;2;3;0.568762;0.521333
2243;2020;4;16;506;506007;-;02;5;2;11;8;63857;2;3;0.913175;0.880818
2244;2020;4;16;506;506007;-;02;11;2;11;8;109500;2;3;0.984392;0.962685
2245;2020;4;16;506;506007;-;02;11;4;11;8;575000;2;3;0.970080;0.965110
2246;2020;4;16;506;506007;-;02;11;5;11;8;120000;2;3;0.983386;0.974264
2247;2020;4;16;506;506008;-;-;11;3;11;8;6500;2;3;0.789510;0.710897
2248;2020;4;16;506;506008;-;02;5;2;11;8;28800;2;3;0.974169;0.968268
2249;2020;4;16;506;506008;-;02;5;3;11;8;538500;2;3;0.986514;0.978346
2250;2020;4;16;506;506008;-;02;8;2;11;8;14000;2;3;0.984111;0.982099
2251;2020;4;17;503;503005;-;01;5;2;11;8;30000;2;3;0.701750;0.755286
2252;2020;4;17;503;503005;-;01;5;3;11;8;30000;2;3;0.879661;0.878391
2253;2020;4;17;503;503005;-;02;5;2;11;8;44200;2;3;0.969169;0.968268
2254;2020;4;17;503;503005;-;02;5;3;11;8;492000;2;3;0.986514;0.978346
2255;2020;4;17;503;503005;-;02;11;2;11;8;95000;2;3;0.984392;0.954908
2256;2020;4;17;503;503006;-;01;5;3;11;8;103680;2;3;0.828084;0.841260
2257;2020;4;17;503;503006;-;01;5;6;11;8;73000;2;3;0.852745;0.836784
2258;2020;4;17;503;503006;-;01;11;4;11;8;429000;2;3;0.956455;0.938859
2259;2020;4;17;503;503006;-;01;11;5;11;8;21000;2;3;0.967136;0.941671
2260;2020;4;17;503;503006;-;02;5;2;11;8;36500;2;3;0.974169;0.968268
2261;2020;4;17;503;503006;-;02;5;3;11;8;491300;2;3;0.986514;0.978346
2262;2020;4;17;503;503006;-;02;5;4;11;8;402400;2;3;0.980486;0.972053
2263;2020;4;17;503;503006;-;02;11;3;11;8;227760;2;3;0.989458;0.983092
2264;2020;4;17;503;503007;-;02;5;2;11;8;58000;2;3;0.923890;0.903343
2265;2020;4;17;503;503007;-;02;11;2;11;8;68000;2;3;0.986457;0.966327
2266;2020;4;17;503;503007;-;02;11;3;11;8;102000;2;3;0.990052;0.977735
2267;2020;4;17;505;505001;-;01;5;6;11;8;145000;2;3;0.831259;0.807283
2268;2020;4;17;505;505001;-;01;11;5;11;8;18000;2;3;0.967374;0.941671
2269;2020;4;17;505;505001;-;02;5;5;11;8;666500;2;3;0.982030;0.977411
2270;2020;4;17;505;505001;-;02;11;2;11;8;48000;2;3;0.986457;0.972751
2271;2020;4;17;505;505004;-;01;11;2;11;8;21000;2;3;0.951343;0.917646
2272;2020;4;17;505;505004;-;02;5;2;11;8;140000;2;3;0.964020;0.952752
2273;2020;4;17;505;505004;-;02;5;4;11;8;200000;2;3;0.983152;0.972957
2274;2020;4;17;505;505004;-;02;11;4;11;8;520000;2;3;0.970080;0.965110
2275;2020;4;17;505;505004;-;02;11;4;11;9;350000;2;3;0.931609;0.913463
2276;2020;4;17;505;505006;-;02;5;5;11;8;360000;2;3;0.982030;0.976036
2277;2020;4;17;506;506001;-;02;11;2;11;8;192500;2;3;0.985570;0.969017
2278;2020;4;18;505;505001;-;01;5;3;11;8;289500;2;3;0.843910;0.837127
2279;2020;4;18;505;505001;-;01;11;2;11;8;105000;2;3;0.924326;0.868383
2280;2020;4;18;505;505001;-;01;11;4;11;8;110000;2;3;0.966543;0.937523
2281;2020;4;18;505;505001;-;01;11;5;11;8;288000;2;3;0.955601;0.942427
2282;2020;4;18;505;505001;-;02;5;2;11;8;300000;2;3;0.970962;0.958716
2283;2020;4;18;505;505001;-;02;5;4;11;8;176000;2;3;0.978722;0.973930
2284;2020;4;18;505;505001;-;02;11;5;11;8;250000;2;3;0.966087;0.963328
2285;2020;4;18;505;505002;-;-;11;3;11;8;115121;2;3;0.751205;0.711956
2286;2020;4;18;505;505002;-;01;5;3;11;8;92000;2;3;0.833798;0.833482
2287;2020;4;18;505;505002;-;01;11;3;11;8;668000;2;3;0.949223;0.927015
2288;2020;4;18;505;505002;-;01;11;4;11;8;104000;2;3;0.966543;0.937523
2289;2020;4;18;505;505002;-;01;11;6;11;8;21600;2;3;0.967136;0.941671
2290;2020;4;18;505;505002;-;02;5;5;11;8;500000;2;3;0.982030;0.977411
2291;2020;4;18;505;505002;-;02;11;4;11;8;620000;2;3;0.970080;0.965110
2292;2020;4;18;505;505003;-;01;5;4;11;8;314500;2;3;0.856138;0.838361
2293;2020;4;18;505;505003;-;01;8;6;11;8;1117420;2;3;0.931058;0.899514
2294;2020;4;18;505;505003;-;02;5;2;11;8;109500;2;3;0.940775;0.938512
2295;2020;4;18;505;505003;-;02;5;3;11;8;149000;2;3;0.986861;0.969483
2296;2020;4;18;505;505003;-;02;5;4;11;8;153000;2;3;0.982517;0.972632
2297;2020;4;18;505;505003;-;02;11;4;11;8;619720;2;3;0.970080;0.965110
2298;2020;4;18;505;505003;-;02;11;5;11;8;235000;2;3;0.971920;0.963328
2299;2020;4;18;505;505005;-;01;5;4;11;8;144000;2;3;0.843554;0.812606
2300;2020;4;18;505;505005;-;01;8;3;11;8;178000;2;3;0.926822;0.913457
2301;2020;4;18;505;505005;-;01;11;2;11;8;17000;2;3;0.951581;0.917646
2302;2020;4;18;505;505005;-;01;11;5;11;8;220000;2;3;0.962577;0.940897
2303;2020;4;18;505;505005;-;02;5;2;11;8;236152;2;3;0.971433;0.957591
2304;2020;4;18;505;505005;-;02;11;3;11;8;416000;2;3;0.984666;0.983521
2305;2020;5;2;601;601004;-;02;12;8;11;9;138689995;2;3;0.969326;0.943584
2306;2020;5;2;602;602002;-;01;5;2;11;8;78000;2;3;0.718360;0.686295
2307;2020;5;13;601;601006;-;02;5;2;11;8;73000;2;3;0.959177;0.949419
2308;2020;5;15;601;601005;-;02;5;4;11;8;15450;2;3;0.978862;0.973320
2309;2020;6;2;702;702002;-;02;5;3;11;8;60000;2;3;0.995115;0.971091
2310;2020;6;2;702;702002;-;02;5;3;11;9;30000;2;3;0.963784;0.906615
2311;2020;6;3;702;702001;-;01;11;4;11;8;124000;2;3;0.921464;0.953581
2312;2020;6;4;701;701003;-;01;11;3;11;8;28000;2;3;0.956611;0.961011
2313;2020;6;4;701;701003;-;02;5;2;11;8;65700;2;3;0.988649;0.987407
2314;2020;6;4;701;701004;-;02;5;4;11;8;120;2;3;0.952220;0.958346
2315;2020;6;4;701;701005;-;02;5;3;11;8;232000;2;3;0.990353;0.987813
2316;2020;6;4;701;701005;-;02;5;4;11;8;140690;2;3;0.985500;0.975223
2317;2020;6;4;701;701005;-;02;5;5;11;8;66066;2;3;0.980548;0.977087
2318;2020;6;5;702;702005;-;16;11;2;11;8;62050;2;3;0.760777;0.684109
2319;2020;6;7;702;702001;-;02;5;2;11;8;76321;2;3;0.923696;0.945868
2320;2020;6;7;702;702001;-;02;5;3;11;8;24000;2;3;0.995115;0.972000
2321;2020;6;7;702;702001;-;02;6;3;11;8;5400;2;3;0.974861;0.982696
2322;2020;6;8;702;702003;-;01;12;3;11;8;340000;2;3;0.874580;0.907548
2323;2020;6;9;701;701004;-;02;5;3;11;8;94750;2;3;0.993526;0.983591
2324;2020;6;9;701;701004;-;02;5;4;11;8;120000;2;3;0.983648;0.975223
2325;2020;6;9;701;701005;-;02;11;2;4;8;40000;2;3;0.852555;0.794485
2326;2020;7;2;803;803005;-;02;11;5;11;8;192000;2;3;0.990674;0.992706
2327;2020;7;2;803;803005;-;02;11;5;11;9;120000;2;3;0.977496;0.947273
2328;2020;7;2;804;804003;-;02;5;2;11;8;150000;2;3;0.980345;0.979749
2329;2020;7;2;804;804003;-;02;11;5;11;8;300000;2;3;0.988707;0.990600
2330;2020;7;2;804;804004;-;01;5;2;11;8;88880;2;3;0.729306;0.707125
2331;2020;7;2;804;804004;-;02;8;4;11;8;144000;2;3;0.995506;0.995750
2332;2020;7;2;804;804004;-;02;8;4;11;9;134000;2;3;0.970859;0.925387
2333;2020;7;2;804;804004;-;02;11;2;11;8;32450;2;3;0.997433;0.995522
2334;2020;7;3;805;805002;-;01;11;2;11;8;26000;2;3;0.954543;0.953538
2335;2020;7;3;805;805006;-;02;9;5;11;8;50000;2;3;0.993626;0.985524
2336;2020;7;4;801;801003;-;01;11;3;11;8;36500;2;3;0.964903;0.955554
2337;2020;7;5;805;805002;-;02;5;2;11;8;70470;2;3;0.983757;0.978105
2338;2020;7;5;805;805007;-;02;9;3;11;8;61320;2;3;0.997942;0.996784
2339;2020;7;8;804;804001;-;02;11;2;11;8;29000;2;3;0.997433;0.995522
2340;2020;7;11;802;802002;-;02;11;3;11;8;7000;2;3;0.974689;0.976202
2341;2020;7;13;801;801006;-;02;11;4;11;8;90000;2;3;0.990867;0.985923
2342;2020;8;3;0;0;-;18;5;1;11;8;44500;1;1;0.801445;0.826929
2343;2020;8;3;904;904003;-;01;5;2;11;8;28000;2;3;0.630945;0.612865
2344;2020;8;3;905;905003;-;-;8;3;11;8;48000;2;3;0.577656;0.533762
2345;2020;8;3;905;905003;-;01;5;3;11;8;2200;2;3;0.631085;0.607302
2346;2020;8;3;905;905003;-;02;5;2;11;8;50000;2;3;0.816320;0.888934
2347;2020;8;13;905;905005;-;01;5;2;11;8;55000;2;3;0.630945;0.609707
2348;2020;8;13;906;906001;-;01;11;3;4;8;8000;4;4;0.775506;0.729035
2349;2020;9;2;1002;1002005;-;01;2;5;11;8;100000;2;3;0.824747;0.782901
2350;2020;9;2;1003;1003004;-;01;5;3;4;8;280;2;3;0.637174;0.563465
2351;2020;9;6;1003;1003004;-;02;2;5;11;6;85075;2;3;0.928711;0.911449
2352;2020;9;6;1003;1003004;-;02;2;5;11;8;2421958;2;3;0.936030;0.904334
2353;2020;9;6;1003;1003004;-;02;2;5;11;9;595143;2;3;0.929252;0.897732
2354;2020;10;18;101;101002;-;02;5;2;11;8;28800;2;3;0.984515;0.983584
2355;2020;10;24;102;102005;-;40;5;2;4;8;1000;4;9;0.526087;0.328779
2356;2020;11;6;0;0;-;-;5;1;11;8;146000;1;1;0.678603;0.682591
2357;2020;11;6;1101;1101004;-;01;5;5;11;8;69900;2;3;0.738525;0.745336
2358;2020;11;6;1101;1101004;-;02;5;3;11;8;324000;2;3;0.955624;0.958354
2359;2020;11;6;1101;1101006;-;01;5;2;11;8;52000;2;3;0.756797;0.804620
2360;2020;11;6;1101;1101006;-;01;11;5;11;7;1200;2;3;0.867722;0.905153
2361;2020;11;6;1101;1101006;-;01;11;5;11;8;2700;2;3;0.873823;0.901841
2362;2020;11;6;1101;1101006;-;18;5;1;11;8;13800;1;1;0.870973;0.845978
2363;2020;11;6;1102;1102001;-;01;5;6;11;8;71000;2;3;0.738525;0.756643
2364;2020;11;7;1103;1103004;-;02;5;3;11;8;34000;2;3;0.957637;0.979096
2365;2020;11;11;1102;1102008;-;01;5;3;11;8;61905;2;3;0.783713;0.802743
2366;2020;11;11;1102;1102008;-;01;5;5;11;8;45500;2;3;0.754259;0.776127
2367;2020;11;11;1102;1102008;-;01;14;5;11;8;59050;2;3;0.848130;0.843870
2368;2020;12;2;0;0;-;18;5;1;11;8;85100;1;1;0.847554;0.841689
2369;2020;12;3;0;0;-;18;5;1;11;8;14235;1;1;0.859484;0.805326
2370;2020;12;3;1203;1203004;-;01;11;4;11;8;106500;2;3;0.935760;0.912838
2371;2020;12;3;1203;1203004;-;02;5;3;11;8;95000;2;3;0.951157;0.939737
2372;2020;12;3;1203;1203005;-;02;5;3;11;8;160000;2;3;0.933051;0.940777
2373;2020;12;3;1203;1203005;-;02;11;3;11;8;38900;2;3;0.984892;0.961643
2374;2020;12;4;0;0;-;18;5;1;11;8;46000;1;1;0.857482;0.824735
2375;2020;12;5;1201;1201001;-;02;11;3;11;8;55210;2;3;0.984892;0.961643
2376;2020;12;5;1201;1201002;-;18;11;1;11;8;138000;1;1;0.816362;0.824196
2377;2020;14;3;1401;1401006;-;02;5;3;11;8;36000;2;3;0.994907;0.988432
2378;2020;14;4;1402;1402006;-;01;5;2;11;8;55800;2;3;0.855308;0.823038
2379;2020;14;4;1402;1402006;-;02;5;2;11;8;46800;2;3;0.991042;0.987103
2380;2020;14;4;1402;1402006;-;02;5;4;11;8;50000;2;3;0.988073;0.979066
2381;2020;14;4;1404;1404003;-;01;5;3;11;8;54000;2;3;0.913921;0.896844
2382;2020;14;4;1404;1404007;-;01;5;2;11;8;97200;2;3;0.805573;0.764391
2383;2020;14;4;1404;1404007;-;01;5;4;11;8;43200;2;3;0.919222;0.897450
2384;2020;14;10;1403;1403007;-;01;5;4;11;8;90230;2;3;0.891060;0.880892
2385;2020;14;10;1403;1403007;-;02;8;5;11;8;182500;2;3;0.996049;0.996662
2386;2020;14;12;1405;1405001;-;02;5;4;11;8;182500;2;3;0.981564;0.972185
2387;2020;15;4;1505;1505002;-;18;5;1;11;8;30000;1;1;0.865670;0.846887
2388;2020;15;4;1505;1505002;-;18;5;1;11;9;400;1;1;0.924035;0.944788
2389;2020;15;7;1503;1503004;-;02;5;5;11;8;129700;2;3;0.974446;0.973549
2390;2020;15;9;1503;1503005;-;01;11;4;11;8;60000;2;3;0.962804;0.943979
2391;2020;16;1;1604;1604002;-;02;5;2;11;8;15000;2;3;0.971131;0.973972
2392;2020;16;1;1605;1605001;-;02;11;3;11;8;280000;2;3;0.992288;0.990190
2393;2020;16;1;1605;1605002;-;01;5;2;11;8;40110;2;3;0.828879;0.766139
2394;2020;16;1;1605;1605002;-;02;5;2;11;9;8100;2;3;0.857917;0.811779
2395;2020;16;1;1605;1605002;-;02;11;2;11;8;26000;2;3;0.989898;0.990201
2396;2020;16;3;1601;1601001;-;02;5;3;11;8;70000;2;3;0.978530;0.976911
2397;2020;16;3;1601;1601002;-;02;5;4;11;8;310000;2;3;0.946596;0.942264
2398;2020;16;3;1601;1601003;-;02;2;4;11;8;140000;2;3;0.975217;0.976978
2399;2020;16;3;1601;1601003;-;02;5;2;11;8;137345;2;3;0.959489;0.969279
2400;2020;16;3;1601;1601003;-;02;5;3;11;8;2082800;2;3;0.968861;0.971483
2401;2020;16;3;1601;1601003;-;02;5;4;11;8;468100;2;3;0.898753;0.884743
2402;2020;16;3;1601;1601003;-;02;5;5;11;8;259150;2;3;0.950170;0.957937
2403;2020;16;3;1601;1601003;-;02;11;2;11;8;140770;2;3;0.990647;0.987443
2404;2020;16;3;1601;1601003;-;02;11;3;11;8;385575;2;3;0.992288;0.990190
2405;2020;16;3;1601;1601003;-;02;11;4;11;8;146000;2;3;0.984608;0.981715
2406;2020;16;3;1601;1601003;-;02;14;2;11;8;50000;2;3;0.959415;0.970839
2407;2020;16;3;1601;1601004;-;02;5;2;11;8;285600;2;3;0.977648;0.974483
2408;2020;16;3;1601;1601004;-;02;5;3;11;8;445250;2;3;0.953641;0.975165
2409;2020;16;3;1601;1601004;-;02;11;2;11;8;137605;2;3;0.990647;0.987443
2410;2020;16;3;1601;1601005;-;02;5;2;11;8;222439;2;3;0.977272;0.975016
2411;2020;16;3;1601;1601005;-;02;5;4;11;8;474500;2;3;0.919428;0.923215
2412;2020;16;3;1601;1601005;-;02;8;2;11;8;47450;2;3;0.989672;0.987635
2413;2020;16;3;1601;1601005;-;02;11;2;11;8;32000;2;3;0.992849;0.990201
2414;2020;16;3;1601;1601006;-;02;5;3;11;8;39900;2;3;0.979106;0.973230
2415;2020;16;3;1601;1601006;-;02;5;4;11;8;430000;2;3;0.858038;0.875325
2416;2020;16;3;1601;1601006;-;02;11;2;11;8;116124;2;3;0.990647;0.984938
2417;2020;16;3;1601;1601006;-;02;11;3;11;8;412500;2;3;0.992288;0.990190
2418;2020;16;3;1602;1602004;-;01;11;2;11;8;119000;2;3;0.916731;0.920959
2419;2020;16;3;1602;1602004;-;02;5;2;11;8;1543565;2;3;0.977861;0.974684
2420;2020;16;3;1602;1602004;-;02;5;3;11;8;257325;2;3;0.979102;0.975986
2421;2020;16;3;1602;1602004;-;02;5;4;11;8;675250;2;3;0.961319;0.957159
2422;2020;16;3;1602;1602004;-;02;5;5;11;8;220000;2;3;0.962991;0.958469
2423;2020;16;3;1602;1602004;-;02;11;2;11;8;304375;2;3;0.992492;0.989084
2424;2020;16;3;1602;1602004;-;16;5;3;11;8;43800;2;3;0.614805;0.628021
2425;2020;16;3;1605;1605003;-;02;11;2;11;8;54000;2;3;0.992849;0.990201
2426;2020;16;3;1605;1605004;-;02;5;2;11;8;106700;2;3;0.965610;0.970576
2427;2020;16;3;1605;1605004;-;02;11;2;11;8;125195;2;3;0.990647;0.987443
2428;2020;16;4;1601;1601001;-;01;5;2;11;8;255500;2;3;0.770683;0.698578
2429;2020;16;4;1601;1601001;-;01;11;2;4;8;16000;2;3;0.780300;0.717698
2430;2020;16;4;1601;1601001;-;02;5;2;11;8;339550;2;3;0.977648;0.974483
2431;2020;16;4;1601;1601001;-;02;5;3;11;8;339750;2;3;0.979478;0.975165
2432;2020;16;4;1601;1601001;-;02;5;4;11;8;554850;2;3;0.961319;0.957159
2433;2020;16;4;1601;1601001;-;02;8;2;11;8;20400;2;3;0.989115;0.988040
2434;2020;16;4;1601;1601001;-;02;11;3;11;8;252400;2;3;0.992695;0.990066
2435;2020;16;4;1601;1601001;-;02;11;4;11;8;159800;2;3;0.969863;0.981976
2436;2020;16;4;1601;1601002;-;02;5;2;11;8;337935;2;3;0.977648;0.974483
2437;2020;16;4;1601;1601002;-;02;5;3;11;8;435780;2;3;0.959469;0.975165
2438;2020;16;4;1601;1601002;-;02;5;4;11;8;219000;2;3;0.941721;0.938545
2439;2020;16;4;1601;1601002;-;02;8;3;11;8;189800;2;3;0.992850;0.989081
2440;2020;16;4;1601;1601002;-;02;11;2;11;8;137600;2;3;0.990647;0.987443
2441;2020;16;4;1601;1601002;-;02;11;3;11;8;396700;2;3;0.992288;0.990190
2442;2020;16;4;1601;1601002;-;02;11;4;11;8;152000;2;3;0.984608;0.981715
2443;2020;16;4;1601;1601003;-;02;11;3;11;8;180000;2;3;0.992974;0.989784
2444;2020;16;4;1602;1602004;-;01;5;2;11;8;8900;2;3;0.837771;0.798486
2445;2020;16;4;1602;1602004;-;02;5;2;11;8;447490;2;3;0.966819;0.967483
2446;2020;16;4;1604;1604001;-;02;11;4;11;8;210000;2;3;0.985793;0.983329
2447;2020;16;5;1601;1601003;-;02;5;2;11;8;26000;2;3;0.969297;0.969018
2448;2020;16;5;1602;1602004;-;02;5;2;11;8;252000;2;3;0.977272;0.975016
2449;2020;16;5;1604;1604001;-;01;5;3;11;8;72800;2;3;0.851278;0.863481
2450;2020;16;5;1604;1604001;-;01;5;5;11;8;232120;2;3;0.858253;0.859634
2451;2020;16;5;1604;1604001;-;01;11;2;11;8;147000;2;3;0.923817;0.926578
2452;2020;16;5;1604;1604001;-;01;11;4;11;8;344000;2;3;0.890009;0.897739
2453;2020;16;5;1604;1604001;-;01;11;5;11;8;972250;2;3;0.905286;0.872037
2454;2020;16;5;1604;1604001;-;02;5;2;11;8;909580;2;3;0.977861;0.974684
2455;2020;16;5;1604;1604001;-;02;5;3;11;8;630900;2;3;0.980725;0.975808
2456;2020;16;5;1604;1604001;-;02;5;4;11;8;237900;2;3;0.948073;0.938545
2457;2020;16;5;1604;1604001;-;02;5;5;11;8;810300;2;3;0.967617;0.965799
2458;2020;16;5;1604;1604001;-;02;11;2;11;8;199650;2;3;0.992898;0.988960
2459;2020;16;5;1604;1604001;-;02;11;3;11;8;232000;2;3;0.992695;0.990066
2460;2020;16;5;1604;1604001;-;02;11;4;11;8;353300;2;3;0.978047;0.980618
2461;2020;16;5;1604;1604001;-;02;12;4;11;8;180000;2;3;0.973390;0.975506
2462;2020;16;5;1604;1604001;-;16;5;3;11;8;97500;2;3;0.588208;0.597213
2463;2020;16;5;1604;1604002;-;02;5;2;11;8;355325;2;3;0.977648;0.974483
2464;2020;16;5;1604;1604002;-;02;5;3;11;8;545905;2;3;0.980725;0.975808
2465;2020;16;5;1604;1604002;-;02;5;4;11;8;648840;2;3;0.961319;0.957159
2466;2020;16;5;1604;1604002;-;02;8;4;11;8;87000;2;3;0.978092;0.972961
2467;2020;16;5;1604;1604002;-;02;11;2;11;8;571340;2;3;0.992166;0.989084
2468;2020;16;5;1604;1604002;-;02;11;3;11;8;89000;2;3;0.992366;0.991625
2469;2020;16;5;1604;1604002;-;02;11;5;11;8;170000;2;3;0.987511;0.985105
2470;2020;16;5;1604;1604003;-;01;5;2;11;8;91250;2;3;0.662213;0.622355
2471;2020;16;5;1604;1604003;-;02;2;4;11;8;810000;2;3;0.978413;0.975405
2472;2020;16;5;1604;1604003;-;02;5;2;11;8;345535;2;3;0.977648;0.974483
2473;2020;16;5;1604;1604003;-;02;5;3;11;8;351700;2;3;0.979478;0.975165
2474;2020;16;5;1604;1604003;-;02;5;4;11;8;1032860;2;3;0.961379;0.957159
2475;2020;16;5;1604;1604003;-;02;8;5;11;8;714907;2;3;0.986056;0.988779
2476;2020;16;5;1604;1604003;-;02;11;2;11;8;50000;2;3;0.992849;0.990201
2477;2020;16;5;1604;1604003;-;02;11;3;11;8;528000;2;3;0.991962;0.990190
2478;2020;16;5;1604;1604003;-;02;11;5;11;8;121499;2;3;0.984150;0.969995
2479;2020;16;5;1604;1604004;-;01;5;3;11;8;174600;2;3;0.849559;0.837452
2480;2020;16;5;1604;1604004;-;01;5;4;11;8;90000;2;3;0.822212;0.847408
2481;2020;16;5;1604;1604004;-;01;11;2;11;8;14600;2;3;0.950331;0.950384
2482;2020;16;5;1604;1604004;-;02;5;2;11;8;72000;2;3;0.970978;0.968414
2483;2020;16;5;1604;1604004;-;02;5;3;11;8;130000;2;3;0.967014;0.972957
2484;2020;16;5;1604;1604004;-;02;5;4;11;8;1082925;2;3;0.961379;0.957159
2485;2020;16;5;1604;1604004;-;02;5;5;11;8;536550;2;3;0.961843;0.965799
2486;2020;16;5;1604;1604004;-;02;5;7;11;8;189670;2;3;0.962991;0.958469
2487;2020;16;5;1604;1604004;-;02;11;2;11;8;146825;2;3;0.990647;0.987443
2488;2020;16;5;1604;1604004;-;02;11;3;11;8;137684;2;3;0.992018;0.989523
2489;2020;16;5;1604;1604004;-;02;11;4;11;8;2000000;2;3;0.936845;0.935792
2490;2020;16;5;1604;1604004;-;16;5;2;11;8;52270;2;3;0.550316;0.516602
2491;2020;16;5;1604;1604005;-;02;5;2;11;8;509880;2;3;0.977801;0.974684
2492;2020;16;5;1604;1604005;-;02;5;3;11;8;146000;2;3;0.976575;0.972957
2493;2020;16;5;1604;1604005;-;02;5;4;11;8;500000;2;3;0.943105;0.935215
2494;2020;16;5;1604;1604005;-;02;11;3;11;8;459000;2;3;0.991962;0.990190
2495;2020;16;5;1604;1604005;-;02;11;4;11;8;105000;2;3;0.979487;0.976592
2496;2020;16;5;1604;1604006;-;-;11;3;11;8;31000;2;3;0.758692;0.718164
2497;2020;16;5;1604;1604006;-;01;5;2;11;8;5000;2;3;0.841817;0.791628
2498;2020;16;5;1604;1604006;-;02;5;2;11;8;283000;2;3;0.977648;0.974483
2499;2020;16;5;1604;1604006;-;02;5;3;11;8;41000;2;3;0.979106;0.973230
2500;2020;16;5;1604;1604006;-;02;5;4;11;8;738500;2;3;0.961319;0.957159
2501;2020;16;5;1604;1604006;-;02;5;5;11;8;1800000;2;3;0.960617;0.965918
2502;2020;16;5;1604;1604006;-;02;11;2;11;8;15000;2;3;0.986453;0.988486
2503;2020;16;5;1604;1604006;-;02;11;3;11;8;106300;2;3;0.991968;0.988581
2504;2020;16;5;1604;1604006;-;16;5;5;11;8;1563660;2;3;0.635471;0.608496
2505;2020;16;5;1604;1604007;-;-;5;2;11;8;13400;2;3;0.573429;0.527376
2506;2020;16;5;1604;1604007;-;01;11;2;11;8;164250;2;3;0.914409;0.922828
2507;2020;16;5;1604;1604007;-;01;11;5;11;8;990000;2;3;0.905286;0.872037
2508;2020;16;5;1604;1604007;-;01;11;5;11;9;110000;2;3;0.880704;0.846492
2509;2020;16;5;1604;1604007;-;02;5;2;11;8;391125;2;3;0.977648;0.974483
2510;2020;16;5;1604;1604007;-;02;5;3;11;8;1101300;2;3;0.980784;0.975808
2511;2020;16;5;1604;1604007;-;02;5;4;11;8;445820;2;3;0.833867;0.872825
2512;2020;16;5;1604;1604007;-;02;8;2;11;8;167660;2;3;0.984631;0.987117
2513;2020;16;5;1604;1604007;-;02;11;2;11;8;426200;2;3;0.992492;0.989084
2514;2020;16;5;1604;1604007;-;02;11;3;11;8;459430;2;3;0.991962;0.990190
2515;2020;16;5;1604;1604007;-;02;14;5;11;8;182000;2;3;0.962052;0.972692
2516;2020;16;5;1605;1605004;-;02;5;2;11;8;14400;2;3;0.971131;0.973972
2517;2020;16;5;1607;1607001;-;02;5;2;11;8;35000;2;3;0.970073;0.969018
2518;2020;16;5;1607;1607004;-;02;5;2;11;8;22000;2;3;0.969297;0.972397
2519;2020;16;6;1605;1605001;-;02;5;2;11;8;126000;2;3;0.959489;0.969279
2520;2020;16;6;1605;1605001;-;02;5;2;11;9;360;2;3;0.872312;0.843905
2521;2020;16;6;1605;1605001;-;02;5;3;11;8;42100;2;3;0.979106;0.973230
2522;2020;16;6;1605;1605001;-;63;5;1;11;8;22000;1;1;0.917711;0.956420
2523;2020;16;6;1605;1605002;-;02;5;2;11;8;56400;2;3;0.970073;0.951600
2524;2020;16;6;1605;1605003;-;01;5;2;11;9;110800;2;3;0.738272;0.696755
2525;2020;16;6;1605;1605003;-;01;8;2;11;8;18000;2;3;0.934053;0.920201
2526;2020;16;6;1605;1605003;-;02;5;2;11;8;154920;2;3;0.962317;0.969771
2527;2020;16;6;1605;1605004;-;02;5;2;11;8;52000;2;3;0.970073;0.969018
2528;2020;16;6;1605;1605004;-;02;5;3;11;8;59000;2;3;0.979106;0.973230
2529;2020;16;6;1605;1605006;-;02;2;3;11;8;300000;2;3;0.989935;0.974729
2530;2020;16;6;1605;1605006;-;02;11;3;11;8;14000;2;3;0.986370;0.989155
2531;2020;16;6;1606;1606005;-;01;5;2;11;8;45600;2;3;0.822213;0.766139
2532;2020;16;6;1606;1606005;-;01;5;3;11;8;64000;2;3;0.873477;0.867409
2533;2020;16;6;1606;1606005;-;02;5;2;11;8;20100;2;3;0.971131;0.972397
2534;2020;16;6;1606;1606005;-;02;5;3;11;8;550000;2;3;0.980725;0.975808
2535;2020;16;7;1605;1605004;-;02;5;2;11;8;75000;2;3;0.957594;0.961313
2536;2020;16;7;1605;1605006;-;02;2;3;11;8;295000;2;3;0.989935;0.974729
2537;2020;16;7;1607;1607001;-;02;3;4;4;8;115984;2;3;0.927051;0.794090
2538;2020;16;7;1607;1607003;-;02;5;3;11;9;32600;2;3;0.911910;0.871449
2539;2020;16;7;1607;1607003;-;02;8;3;11;8;319700;2;3;0.991972;0.986931
2540;2020;16;7;1607;1607003;-;02;11;3;11;8;214624;2;3;0.992695;0.990066
2541;2020;16;8;1602;1602001;-;02;5;2;11;8;21200;2;3;0.969297;0.972397
2542;2020;16;8;1603;1603001;-;02;5;2;11;8;328400;2;3;0.977648;0.974483
2543;2020;16;8;1603;1603001;-;16;5;2;11;8;106539;2;3;0.527274;0.471775
2544;2020;16;8;1603;1603002;-;01;11;2;11;8;219830;2;3;0.924781;0.923496
2545;2020;16;8;1603;1603002;-;02;5;2;11;8;52925;2;3;0.970073;0.969018
2546;2020;16;8;1603;1603003;-;-;5;2;4;8;18000;2;3;0.524956;0.459215
2547;2020;16;8;1603;1603003;-;-;5;2;4;9;6000;2;3;0.519569;0.393443
2548;2020;16;8;1603;1603003;-;01;5;3;11;8;18500;2;3;0.884051;0.890528
2549;2020;16;8;1603;1603003;-;02;5;2;11;8;286070;2;3;0.977648;0.974483
2550;2020;16;8;1603;1603003;-;02;11;2;11;8;137970;2;3;0.990647;0.987443
2551;2020;16;8;1603;1603004;-;01;5;3;11;8;76430;2;3;0.826800;0.854766
2552;2020;16;8;1603;1603004;-;02;2;3;11;8;86000;2;3;0.990788;0.981319
2553;2020;16;8;1603;1603004;-;02;5;2;11;8;13870;2;3;0.971131;0.973972
2554;2020;16;8;1603;1603004;-;02;11;3;11;8;293690;2;3;0.992288;0.990190
2555;2020;16;8;1603;1603005;-;01;5;2;11;8;33370;2;3;0.828879;0.766139
2556;2020;16;8;1603;1603006;-;02;5;2;11;8;443200;2;3;0.977648;0.974483
2557;2020;16;8;1603;1603006;-;02;5;2;11;9;40150;2;3;0.897944;0.851454
2558;2020;16;8;1605;1605004;-;02;11;2;11;8;39240;2;3;0.992849;0.990201
2559;2020;16;8;1606;1606001;-;02;5;2;11;8;29200;2;3;0.970073;0.969018
2560;2020;16;8;1606;1606001;-;02;8;2;11;8;170000;2;3;0.984631;0.987117
2561;2020;16;8;1606;1606002;-;01;5;2;11;8;16200;2;3;0.836510;0.798486
2562;2020;16;8;1606;1606004;-;03;5;3;11;8;68000;2;3;0.629755;0.633349
2563;2020;16;8;1607;1607003;-;02;11;2;11;8;6390;2;3;0.971917;0.974375
2564;2020;16;9;1602;1602001;-;01;5;7;11;8;345000;2;3;0.858711;0.855201
2565;2020;16;9;1602;1602001;-;01;8;5;11;8;150000;2;3;0.925666;0.913126
2566;2020;16;9;1602;1602001;-;02;5;3;11;8;430000;2;3;0.963469;0.975165
2567;2020;16;9;1602;1602001;-;02;11;3;11;8;80300;2;3;0.992366;0.991351
2568;2020;16;9;1602;1602001;-;02;11;4;11;8;137050;2;3;0.984608;0.981715
2569;2020;16;9;1602;1602002;-;02;5;4;11;8;602250;2;3;0.961319;0.957159
2570;2020;16;9;1602;1602002;-;02;11;4;11;8;109500;2;3;0.979487;0.976592
2571;2020;16;9;1602;1602002;-;02;12;5;11;8;10800;2;3;0.975904;0.983002
2572;2020;16;9;1602;1602003;-;01;5;2;11;8;181750;2;3;0.781250;0.714436
2573;2020;16;9;1602;1602003;-;01;11;3;11;8;76000;2;3;0.898214;0.934754
2574;2020;16;9;1602;1602003;-;02;5;2;11;8;172392;2;3;0.967262;0.971884
2575;2020;16;9;1602;1602003;-;02;5;3;11;8;359700;2;3;0.979478;0.975165
2576;2020;16;9;1602;1602003;-;02;11;2;11;8;424800;2;3;0.992492;0.989084
2577;2020;16;9;1602;1602003;-;02;11;3;11;8;255500;2;3;0.992240;0.979652
2578;2020;16;9;1602;1602003;-;02;11;4;11;8;216000;2;3;0.985793;0.983329
2579;2020;16;10;0;0;-;02;5;1;11;8;289680;2;3;0.625197;0.594438
2580;2020;17;5;1704;1704002;-;02;11;4;11;8;134400;2;3;0.987454;0.988723
2581;2020;17;6;1702;1702006;-;02;5;2;11;9;48000;2;3;0.949562;0.889109
2582;2020;17;7;1701;1701001;-;03;4;6;11;6;856;2;3;0.817449;0.821506
2583;2020;17;7;1701;1701001;-;03;4;6;11;7;2598;2;3;0.857839;0.869855
2584;2020;17;7;1701;1701001;-;03;4;6;11;8;163040;2;3;0.840664;0.820279
2585;2020;17;7;1701;1701001;-;03;4;6;11;9;14360;2;3;0.849734;0.796196
2586;2020;17;8;1702;1702002;-;01;5;2;11;8;40000;2;3;0.771241;0.777145
2587;2020;17;8;1702;1702005;-;01;0;2;11;8;27057;2;3;0.885213;0.898762
2588;2020;17;8;1702;1702005;-;01;11;3;11;8;78408;2;3;0.954616;0.959338
2589;2020;17;8;1702;1702005;-;02;5;2;11;8;247090;2;3;0.907323;0.902115
2590;2020;17;8;1702;1702005;-;02;5;3;11;8;162000;2;3;0.964812;0.978152
2591;2020;17;8;1702;1702005;-;02;11;2;11;8;10600;2;3;0.983891;0.986569
2592;2020;17;8;1702;1702005;-;02;11;5;11;8;540000;2;3;0.981163;0.988753
2593;2020;17;8;1703;1703005;-;01;5;4;11;8;182500;2;3;0.816071;0.786991
2594;2020;17;9;1704;1704002;-;03;3;4;11;8;240000;2;3;0.730133;0.724902
2595;2020;17;9;1704;1704003;-;02;5;4;11;8;355170;2;3;0.951398;0.951769
2596;2020;17;9;1704;1704004;-;01;5;3;11;8;151500;2;3;0.835977;0.834539
2597;2020;17;9;1704;1704005;-;01;5;3;11;8;300000;2;3;0.633805;0.674872
2598;2020;17;9;1704;1704006;-;01;11;3;11;8;438000;2;3;0.892952;0.883807
2599;2020;17;10;0;0;-;63;5;1;11;8;741746;1;1;0.954358;0.965800
2600;2020;17;10;1702;1702002;-;01;5;4;11;8;108000;2;3;0.844981;0.850939
2601;2020;17;10;1702;1702002;-;02;11;3;11;8;165000;2;3;0.984186;0.991934
2602;2020;17;10;1702;1702005;-;02;11;4;11;8;110000;2;3;0.987726;0.989044
2603;2020;17;10;1702;1702006;-;02;5;3;11;8;79000;2;3;0.972853;0.969931
2604;2020;17;10;1702;1702006;-;02;11;6;11;8;504496;2;3;0.981163;0.988753
2605;2020;17;11;1702;1702003;-;01;5;4;11;8;15000;2;3;0.870829;0.890490
2606;2020;17;11;1702;1702003;-;02;5;2;11;8;97000;2;3;0.962772;0.966191
2607;2020;17;11;1702;1702003;-;02;11;2;11;8;44000;2;3;0.987463;0.988284
2608;2020;17;11;1702;1702003;-;02;11;5;11;8;150000;2;3;0.987407;0.989533
2609;2020;17;11;1702;1702004;-;02;5;3;11;8;138000;2;3;0.977901;0.978152
2610;2020;17;11;1702;1702004;-;02;11;2;11;8;20000;2;3;0.983891;0.986569
2611;2020;17;11;1702;1702004;-;02;11;3;11;8;36500;2;3;0.991780;0.992237
2612;2020;17;11;1702;1702008;-;01;3;5;11;8;4725;2;3;0.894066;0.900195
2613;2020;17;11;1702;1702008;-;02;5;4;11;8;272000;2;3;0.949194;0.954807
2614;2020;18;6;0;0;-;02;5;1;11;8;42000;2;3;0.612517;0.585669
2615;2020;18;6;1802;1802001;-;02;5;2;11;8;31120;2;3;0.969357;0.970570
2616;2020;18;6;1802;1802002;-;02;5;2;11;8;27540;2;3;0.969357;0.970570
2617;2020;18;8;1803;1803005;-;02;11;5;11;8;620730;2;3;0.970206;0.982151
2618;2020;18;10;1802;1802001;-;01;5;2;11;8;15000;2;3;0.797919;0.808087
2619;2020;19;7;1901;1901005;-;02;11;2;11;8;65000;2;3;0.983411;0.983770
2620;2020;19;10;1902;1902003;-;01;5;2;11;8;7300;2;3;0.819034;0.823012
2621;2020;19;10;1903;1903001;-;63;5;1;11;8;30;1;1;0.920780;0.936511
2622;2020;19;10;1903;1903002;-;01;8;2;11;8;50000;2;3;0.940767;0.934429
2623;2021;2;3;303;303004;-;02;5;2;11;8;5000;2;3;0.980673;0.948012
2624;2021;2;3;304;304002;-;40;11;2;4;8;45000;4;9;0.536759;0.368464
2625;2021;2;6;317;317007;-;02;11;3;11;8;73000;2;3;0.996168;0.987764
2626;2021;2;6;318;318003;-;01;5;2;4;9;250;2;3;0.666670;0.543780
2627;2021;2;8;314;314001;-;01;5;2;11;8;4000;2;3;0.847502;0.780546
2628;2021;2;8;314;314001;-;01;5;3;11;8;2000;2;3;0.931320;0.838378
2629;2021;2;8;314;314008;-;02;5;2;11;8;32400;2;3;0.982837;0.950029
2630;2021;2;10;307;307002;-;02;11;3;11;8;30000;2;3;0.996168;0.994336
2631;2021;2;10;308;308002;-;01;5;2;11;8;80000;2;3;0.756333;0.686428
2632;2021;2;10;308;308005;-;02;11;2;11;8;250000;2;3;0.995415;0.981098
2633;2021;2;10;308;308005;-;02;11;3;11;8;230850;2;3;0.995873;0.986453
2634;2021;2;10;309;309001;-;02;5;2;11;8;21550;2;3;0.983704;0.957768
2635;2021;2;10;309;309003;-;02;5;2;11;8;21600;2;3;0.983704;0.957768
2636;2021;2;10;309;309004;-;01;11;2;11;8;70000;2;3;0.956079;0.912296
2637;2021;2;10;312;312002;-;02;8;2;11;8;3900;2;3;0.971737;0.959235
2638;2021;2;11;306;306003;-;02;1;4;11;8;600;2;3;0.955227;0.966312
2639;2021;2;11;307;307001;-;02;5;2;11;8;8500;2;3;0.984218;0.959343
2640;2021;2;14;313;313001;-;40;5;2;11;8;54000;4;3;0.579431;0.310018
2641;2021;2;19;315;315008;-;02;9;2;11;8;19000;2;3;0.983914;0.978062
2642;2021;2;24;315;315005;-;02;11;2;11;8;36000;2;3;0.991495;0.990221
2643;2021;4;2;505;505004;-;01;5;3;11;8;100000;2;3;0.828084;0.841260
2644;2021;4;2;505;505006;-;02;11;3;11;8;150000;2;3;0.989779;0.977568
2645;2021;4;2;505;505006;-;02;11;4;11;8;91000;2;3;0.976288;0.964874
2646;2021;4;2;505;505006;-;16;11;2;11;8;56000;2;3;0.730629;0.701067
2647;2021;4;5;503;503006;-;03;11;4;11;8;110000;2;3;0.788650;0.776347
2648;2021;4;5;505;505003;-;02;11;3;11;8;80000;2;3;0.990052;0.969667
2649;2021;4;5;505;505005;-;02;5;3;11;8;72000;2;3;0.944707;0.933092
2650;2021;4;5;505;505005;-;02;5;4;11;8;120750;2;3;0.974302;0.957429
2651;2021;4;5;505;505005;-;02;11;4;11;8;676772;2;3;0.970080;0.965110
2652;2021;4;5;505;505005;-;02;11;5;11;8;418200;2;3;0.981023;0.973180
2653;2021;4;5;506;506005;-;01;5;2;11;8;52000;2;3;0.686333;0.740036
2654;2021;4;5;506;506005;-;01;11;2;11;8;65500;2;3;0.951343;0.891401
2655;2021;4;5;506;506005;-;02;5;2;11;8;52000;2;3;0.957182;0.952268
2656;2021;4;5;506;506005;-;02;5;4;11;8;1073000;2;3;0.978672;0.973428
2657;2021;4;5;506;506005;-;02;11;3;11;8;408195;2;3;0.984666;0.983521
2658;2021;4;5;506;506005;-;02;11;4;11;8;292000;2;3;0.881011;0.889767
2659;2021;4;5;506;506005;-;02;11;5;11;8;418100;2;3;0.981023;0.973180
2660;2021;4;5;506;506006;-;02;1;4;11;8;271455;2;3;0.964953;0.948933
2661;2021;4;5;506;506006;-;02;1;4;11;9;30172;2;3;0.959561;0.919162
2662;2021;4;5;506;506006;-;02;5;2;11;8;27000;2;3;0.970036;0.968268
2663;2021;4;5;506;506006;-;02;5;3;11;8;182500;2;3;0.982946;0.970781
2664;2021;4;5;506;506006;-;02;11;3;11;8;208000;2;3;0.989458;0.983092
2665;2021;4;6;506;506003;-;01;11;2;11;8;13680;2;3;0.951581;0.917646
2666;2021;4;6;506;506003;-;02;5;2;11;8;59000;2;3;0.923890;0.903343
2667;2021;4;6;506;506003;-;02;5;3;11;8;3240;2;3;0.971762;0.974438
2668;2021;4;6;506;506003;-;02;9;2;11;8;32215;2;3;0.985227;0.975835
2669;2021;4;6;506;506003;-;02;9;2;11;9;2418;2;3;0.932527;0.908022
2670;2021;4;6;506;506004;-;01;12;2;4;8;7200;2;3;0.785628;0.726785
2671;2021;4;6;506;506004;-;01;12;2;11;8;18000;2;3;0.887345;0.890865
2672;2021;4;6;506;506004;-;02;5;2;11;8;153950;2;3;0.965976;0.956410
2673;2021;4;6;506;506004;-;02;11;3;11;8;182000;2;3;0.986101;0.980390
2674;2021;4;6;506;506004;-;02;11;4;11;8;270000;2;3;0.809447;0.824632
2675;2021;4;6;506;506005;-;02;5;2;11;8;113500;2;3;0.947442;0.945655
2676;2021;4;6;506;506005;-;02;5;3;11;8;2300;2;3;0.971762;0.974438
2677;2021;4;6;506;506005;-;02;11;2;11;8;295000;2;3;0.970450;0.968629
2678;2021;4;6;506;506006;-;02;12;3;11;8;320000;2;3;0.989424;0.988360
2679;2021;4;6;506;506009;-;01;11;3;11;8;45500;2;3;0.967796;0.940765
2680;2021;4;6;506;506009;-;02;8;2;11;8;134000;2;3;0.987988;0.965944
2681;2021;4;7;504;504001;-;02;11;3;11;8;540000;2;3;0.984666;0.983521
2682;2021;4;8;0;0;-;18;5;1;11;9;1200;1;1;0.882836;0.873370
2683;2021;4;9;502;502003;-;01;5;3;11;8;240000;2;3;0.849420;0.830063
2684;2021;4;9;502;502003;-;01;8;3;11;8;109500;2;3;0.922300;0.910206
2685;2021;4;9;502;502003;-;02;8;3;11;8;141300;2;3;0.992847;0.984892
2686;2021;4;9;502;502003;-;02;11;3;11;8;54750;2;3;0.990864;0.980087
2687;2021;4;9;502;502003;-;02;11;4;11;8;563000;2;3;0.970080;0.965110
2688;2021;4;9;502;502004;-;01;5;3;11;8;65700;2;3;0.855336;0.870452
2689;2021;4;10;501;501006;-;02;5;3;11;8;338150;2;3;0.986514;0.978145
2690;2021;4;11;501;501002;-;01;5;2;11;8;29200;2;3;0.701750;0.755286
2691;2021;4;11;501;501002;-;02;5;2;11;8;77821;2;3;0.802392;0.826102
2692;2021;4;11;501;501002;-;02;8;6;11;8;2516350;2;3;0.981741;0.989141
2693;2021;4;12;502;502003;-;02;5;2;11;8;60000;2;3;0.918175;0.888105
2694;2021;4;12;502;502004;-;02;11;3;11;8;182500;2;3;0.986101;0.980390
2695;2021;4;12;502;502006;-;02;5;2;11;8;21000;2;3;0.970036;0.972240
2696;2021;4;12;503;503001;-;02;11;4;11;8;56000;2;3;0.980455;0.970975
2697;2021;4;12;503;503002;-;02;5;2;11;8;100000;2;3;0.927918;0.938512
2698;2021;4;13;0;0;-;18;5;1;11;8;79300;1;1;0.863722;0.833431
2699;2021;4;13;503;503003;-;01;11;2;11;8;160000;2;3;0.898343;0.877620
2700;2021;4;13;503;503003;-;02;5;3;11;8;100375;2;3;0.972038;0.975228
2701;2021;4;13;503;503003;-;02;5;4;11;8;730000;2;3;0.984672;0.973428
2702;2021;4;13;503;503003;-;02;11;2;11;8;273750;2;3;0.941536;0.954185
2703;2021;4;13;503;503007;-;01;11;4;11;8;25116;2;3;0.968361;0.938192
2704;2021;4;13;503;503007;-;02;5;2;11;8;85000;2;3;0.866439;0.874980
2705;2021;4;13;503;503007;-;02;5;3;11;8;316800;2;3;0.986514;0.978145
2706;2021;4;13;503;503007;-;02;5;4;11;8;210200;2;3;0.983152;0.972957
2707;2021;4;13;503;503007;-;02;11;4;11;8;180000;2;3;0.972089;0.958779
2708;2021;4;14;502;502006;-;02;5;3;11;8;36500;2;3;0.978713;0.976728
2709;2021;4;14;503;503004;-;01;11;2;11;8;146000;2;3;0.902459;0.855876
2710;2021;4;14;504;504002;-;02;5;4;11;8;98000;2;3;0.971309;0.969830
2711;2021;4;14;504;504002;-;02;11;2;11;8;195500;2;3;0.985570;0.969017
2712;2021;4;14;504;504005;-;02;11;5;11;8;180000;2;3;0.982957;0.971919
2713;2021;4;14;506;506001;-;01;5;5;11;8;145000;2;3;0.823259;0.803283
2714;2021;4;14;506;506001;-;02;5;2;11;8;36500;2;3;0.974169;0.968268
2715;2021;4;14;506;506001;-;02;5;4;11;8;295000;2;3;0.980486;0.972053
2716;2021;4;16;501;501002;-;02;13;2;11;8;28000;2;3;0.860649;0.842341
2717;2021;4;16;504;504006;-;01;5;2;11;8;136000;2;3;0.617731;0.571833
2718;2021;4;16;504;504006;-;02;5;4;11;8;352000;2;3;0.980486;0.972053
2719;2021;4;16;504;504006;-;02;11;4;11;8;127705;2;3;0.976016;0.961124
2720;2021;4;16;504;504006;-;02;11;4;11;9;237166;2;3;0.950559;0.913865
2721;2021;4;16;504;504006;-;02;12;3;11;8;185456;2;3;0.989966;0.988949
2722;2021;4;16;506;506001;-;01;5;4;11;8;36240;2;3;0.896987;0.887282
2723;2021;4;16;506;506001;-;02;11;4;11;8;365000;2;3;0.914896;0.928038
2724;2021;4;16;506;506002;-;02;5;2;11;8;43630;2;3;0.969169;0.968268
2725;2021;4;16;506;506007;-;02;11;2;11;8;110800;2;3;0.984392;0.962685
2726;2021;4;16;506;506007;-;02;11;3;11;8;390000;2;3;0.984666;0.983521
2727;2021;4;16;506;506007;-;02;11;4;11;8;822000;2;3;0.970080;0.965110
2728;2021;4;16;506;506007;-;02;11;5;11;8;100000;2;3;0.983659;0.974264
2729;2021;4;16;506;506008;-;01;5;2;11;8;135000;2;3;0.618398;0.571833
2730;2021;4;16;506;506008;-;02;2;2;11;8;258480;2;3;0.949641;0.949652
2731;2021;4;16;506;506008;-;02;5;2;11;8;18000;2;3;0.964950;0.965394
2732;2021;4;16;506;506008;-;02;8;2;11;8;10000;2;3;0.984111;0.982099
2733;2021;4;17;503;503005;-;01;5;2;11;8;30000;2;3;0.701750;0.755286
2734;2021;4;17;503;503005;-;02;5;2;11;8;29280;2;3;0.974169;0.968268
2735;2021;4;17;503;503005;-;02;5;3;11;8;337450;2;3;0.986514;0.978145
2736;2021;4;17;503;503005;-;02;11;2;11;8;94000;2;3;0.984392;0.954908
2737;2021;4;17;503;503006;-;01;5;2;11;8;148980;2;3;0.672396;0.628222
2738;2021;4;17;503;503006;-;01;11;4;11;8;432000;2;3;0.956455;0.938859
2739;2021;4;17;503;503006;-;01;11;5;11;8;19500;2;3;0.967374;0.941671
2740;2021;4;17;503;503006;-;01;14;6;11;8;60000;2;3;0.926027;0.913809
2741;2021;4;17;503;503006;-;02;5;2;11;8;36500;2;3;0.974169;0.968268
2742;2021;4;17;503;503006;-;02;5;3;11;8;178690;2;3;0.982946;0.970781
2743;2021;4;17;503;503006;-;02;5;4;11;8;478700;2;3;0.979672;0.973428
2744;2021;4;17;503;503006;-;02;11;3;11;8;228800;2;3;0.989458;0.983092
2745;2021;4;17;503;503007;-;02;5;2;11;8;55000;2;3;0.925556;0.904031
2746;2021;4;17;503;503007;-;02;11;2;11;8;68000;2;3;0.986457;0.966327
2747;2021;4;17;503;503007;-;02;11;3;11;8;91250;2;3;0.990052;0.977735
2748;2021;4;17;505;505001;-;01;5;6;11;8;180000;2;3;0.837175;0.834831
2749;2021;4;17;505;505001;-;01;11;5;11;8;18000;2;3;0.967374;0.941671
2750;2021;4;17;505;505001;-;02;5;5;11;8;237250;2;3;0.981834;0.975786
2751;2021;4;17;505;505001;-;02;11;2;11;8;48000;2;3;0.986457;0.972751
2752;2021;4;17;505;505004;-;02;5;2;11;8;73000;2;3;0.806828;0.783130
2753;2021;4;17;505;505004;-;02;5;4;11;8;284700;2;3;0.980486;0.972053
2754;2021;4;17;505;505004;-;02;5;5;11;8;365000;2;3;0.982030;0.976036
2755;2021;4;17;505;505004;-;02;11;4;11;8;546750;2;3;0.970080;0.965110
2756;2021;4;17;505;505004;-;02;11;4;11;9;365000;2;3;0.931609;0.918463
2757;2021;4;17;505;505006;-;02;5;5;11;8;496400;2;3;0.982030;0.977411
2758;2021;4;17;506;506001;-;02;11;2;11;8;192850;2;3;0.985570;0.969017
2759;2021;4;18;505;505001;-;01;5;3;11;8;287500;2;3;0.843910;0.835619
2760;2021;4;18;505;505001;-;01;11;2;11;8;108000;2;3;0.924326;0.868383
2761;2021;4;18;505;505001;-;01;11;3;11;8;115000;2;3;0.965978;0.928704
2762;2021;4;18;505;505001;-;01;11;5;11;8;295000;2;3;0.955601;0.942427
2763;2021;4;18;505;505001;-;02;5;2;11;8;300000;2;3;0.970962;0.958716
2764;2021;4;18;505;505001;-;02;5;4;11;8;181000;2;3;0.978722;0.973930
2765;2021;4;18;505;505001;-;02;11;5;11;8;260000;2;3;0.886402;0.905429
2766;2021;4;18;505;505002;-;01;5;3;11;8;98000;2;3;0.828084;0.841260
2767;2021;4;18;505;505002;-;01;11;3;11;8;717000;2;3;0.949223;0.927015
2768;2021;4;18;505;505002;-;01;11;4;11;8;102000;2;3;0.966543;0.937523
2769;2021;4;18;505;505002;-;01;11;6;11;8;21600;2;3;0.967136;0.941671
2770;2021;4;18;505;505002;-;02;5;5;11;8;500000;2;3;0.982030;0.977411
2771;2021;4;18;505;505002;-;02;11;3;11;8;115121;2;3;0.990052;0.977735
2772;2021;4;18;505;505002;-;02;11;4;11;8;492700;2;3;0.970080;0.965110
2773;2021;4;18;505;505003;-;01;5;4;11;8;292000;2;3;0.856138;0.838361
2774;2021;4;18;505;505003;-;02;5;2;11;8;110595;2;3;0.940775;0.938512
2775;2021;4;18;505;505003;-;02;5;3;11;8;152000;2;3;0.986861;0.969483
2776;2021;4;18;505;505003;-;02;5;4;11;8;155000;2;3;0.976233;0.973930
2777;2021;4;18;505;505003;-;02;8;6;11;8;951640;2;3;0.990268;0.990569
2778;2021;4;18;505;505003;-;02;11;4;11;8;430646;2;3;0.947429;0.951621
2779;2021;4;18;505;505003;-;02;11;5;11;8;230000;2;3;0.975670;0.963328
2780;2021;4;18;505;505005;-;01;5;4;11;8;145000;2;3;0.843554;0.806575
2781;2021;4;18;505;505005;-;01;8;3;11;8;179000;2;3;0.926822;0.913457
2782;2021;4;18;505;505005;-;01;11;2;11;8;18000;2;3;0.951581;0.917646
2783;2021;4;18;505;505005;-;01;11;5;11;8;217000;2;3;0.962577;0.940897
2784;2021;4;18;505;505005;-;02;5;2;11;8;272460;2;3;0.966814;0.958716
2785;2021;4;18;505;505005;-;02;11;2;11;8;182500;2;3;0.982486;0.965340
2786;2021;4;18;505;505005;-;02;11;3;11;8;190000;2;3;0.989458;0.983092
2787;2021;5;2;601;601004;-;02;12;8;11;9;155202802;2;3;0.969326;0.943584
2788;2021;5;2;602;602002;-;01;5;2;11;8;78000;2;3;0.718360;0.686295
2789;2021;5;13;601;601006;-;02;5;2;11;8;47600;2;3;0.986694;0.985213
2790;2021;6;2;702;702002;-;02;5;3;11;8;51000;2;3;0.995115;0.988073
2791;2021;6;2;702;702002;-;02;5;3;11;9;25300;2;3;0.956926;0.890925
2792;2021;6;3;702;702001;-;01;11;4;11;8;124000;2;3;0.921464;0.953581
2793;2021;6;4;701;701003;-;01;11;3;11;8;28000;2;3;0.956611;0.961011
2794;2021;6;4;701;701003;-;02;5;2;11;8;65700;2;3;0.988649;0.987407
2795;2021;6;4;701;701004;-;02;5;4;11;8;200;2;3;0.952220;0.963346
2796;2021;6;4;701;701005;-;02;5;3;11;8;236000;2;3;0.990674;0.987813
2797;2021;6;4;701;701005;-;02;5;4;11;8;326800;2;3;0.985424;0.978029
2798;2021;6;4;701;701005;-;02;5;5;11;8;52803;2;3;0.980548;0.976249
2799;2021;6;5;702;702005;-;16;11;2;11;8;70000;2;3;0.760777;0.684823
2800;2021;6;7;702;702001;-;02;5;2;11;8;84047;2;3;0.980989;0.983524
2801;2021;6;7;702;702001;-;02;5;3;11;8;24000;2;3;0.995115;0.972000
2802;2021;6;7;702;702001;-;02;6;3;11;8;4400;2;3;0.974861;0.974741
2803;2021;6;8;702;702003;-;02;12;3;11;8;280000;2;3;0.994349;0.993338
2804;2021;6;9;701;701004;-;02;5;3;11;8;59650;2;3;0.995115;0.971091
2805;2021;6;9;701;701004;-;02;5;4;11;8;120000;2;3;0.983648;0.975223
2806;2021;6;9;701;701005;-;02;11;2;11;8;40000;2;3;0.986416;0.982592
2807;2021;7;2;803;803005;-;02;11;5;11;8;170000;2;3;0.990818;0.992758
2808;2021;7;2;803;803005;-;02;11;5;11;9;103750;2;3;0.977768;0.944551
2809;2021;7;2;804;804003;-;02;11;5;11;8;300000;2;3;0.988707;0.990600
2810;2021;7;2;804;804004;-;01;5;2;11;8;91000;2;3;0.729306;0.694205
2811;2021;7;2;804;804004;-;02;5;3;11;8;130000;2;3;0.987856;0.985514
2812;2021;7;2;804;804004;-;02;8;4;11;8;185500;2;3;0.993387;0.995698
2813;2021;7;2;804;804004;-;02;8;4;11;9;161250;2;3;0.970859;0.929643
2814;2021;7;3;805;805002;-;02;11;2;11;8;21000;2;3;0.997433;0.993807
2815;2021;7;3;805;805006;-;02;9;5;11;8;150000;2;3;0.993012;0.995056
2816;2021;7;4;801;801003;-;01;11;3;11;8;40000;2;3;0.964903;0.955554
2817;2021;7;5;805;805002;-;02;5;2;11;8;48000;2;3;0.990088;0.984864
2818;2021;7;5;805;805007;-;02;9;3;11;8;60209;2;3;0.997942;0.978965
2819;2021;7;11;802;802002;-;02;11;3;11;8;7000;2;3;0.974689;0.976202
2820;2021;7;13;801;801006;-;02;11;5;11;8;90000;2;3;0.992380;0.988837
2821;2021;8;2;0;0;-;18;11;1;11;8;1200;1;1;0.897373;0.928111
2822;2021;8;2;0;0;-;18;11;1;11;9;300;1;1;0.910890;0.931108
2823;2021;8;3;0;0;-;18;5;1;11;8;40000;1;1;0.801445;0.826929
2824;2021;8;3;904;904003;-;01;5;2;11;8;28000;2;3;0.630945;0.612865
2825;2021;8;3;905;905003;-;-;8;3;11;8;48000;2;3;0.577656;0.533762
2826;2021;8;3;905;905003;-;01;5;3;11;8;2200;2;3;0.631085;0.607302
2827;2021;8;3;905;905003;-;02;5;2;11;8;70000;2;3;0.819631;0.878012
2828;2021;8;4;903;903005;-;02;13;5;11;8;98880;2;3;0.583543;0.688645
2829;2021;8;13;905;905005;-;01;5;2;11;8;58000;2;3;0.630945;0.590537
2830;2021;8;13;906;906001;-;01;11;3;4;8;8000;4;4;0.775506;0.729035
2831;2021;9;2;1002;1002005;-;01;2;5;11;8;87000;2;3;0.836017;0.789568
2832;2021;9;2;1003;1003004;-;02;5;3;4;8;2950;2;3;0.809607;0.745987
2833;2021;9;3;1004;1004003;-;02;5;5;11;8;19440;2;3;0.917084;0.839381
2834;2021;9;5;1004;1004001;-;02;8;4;11;8;219600;2;3;0.953706;0.900243
2835;2021;9;6;1003;1003006;-;02;2;5;11;6;60024;2;3;0.929385;0.884021
2836;2021;9;6;1003;1003006;-;02;2;5;11;8;2463895;2;3;0.936030;0.904334
2837;2021;9;6;1003;1003006;-;02;2;5;11;9;1752291;2;3;0.935252;0.895589
2838;2021;9;12;1002;1002006;-;02;5;2;11;8;2500;2;3;0.937451;0.882231
2839;2021;9;12;1002;1002006;-;02;5;2;11;9;500;2;3;0.898305;0.855258
2840;2021;10;18;101;101002;-;02;5;2;11;8;32800;2;3;0.984515;0.983584
2841;2021;11;6;0;0;-;-;5;1;11;8;146000;1;1;0.678603;0.682591
2842;2021;11;6;1101;1101004;-;01;5;2;11;8;52000;2;3;0.756797;0.804620
2843;2021;11;6;1101;1101004;-;01;5;5;4;8;97700;2;3;0.624243;0.536676
2844;2021;11;6;1101;1101004;-;01;5;5;11;8;145850;2;3;0.565067;0.553310
2845;2021;11;6;1101;1101004;-;02;5;3;11;8;285000;2;3;0.955624;0.958354
2846;2021;11;6;1101;1101005;-;03;11;5;11;8;131035;2;3;0.768040;0.713293
2847;2021;11;6;1101;1101006;-;01;11;5;11;6;3900;2;3;0.851535;0.857084
2848;2021;11;6;1101;1101006;-;01;11;5;11;7;1200;2;3;0.867722;0.905153
2849;2021;11;6;1101;1101006;-;01;11;5;11;8;2700;2;3;0.873823;0.901841
2850;2021;11;6;1101;1101006;-;18;5;1;11;8;14000;1;1;0.870973;0.845978
2851;2021;11;6;1102;1102001;-;01;5;5;11;8;50000;2;3;0.754259;0.776127
2852;2021;11;11;1102;1102008;-;01;5;5;11;8;30820;2;3;0.754259;0.782908
2853;2021;12;2;0;0;-;63;11;1;11;8;99000;1;1;0.931661;0.931593
2854;2021;12;3;0;0;-;63;5;1;11;8;8100;1;1;0.919789;0.916858
2855;2021;12;3;1203;1203004;-;01;11;4;11;8;106500;2;3;0.935760;0.912838
2856;2021;12;3;1203;1203004;-;02;5;3;11;8;73000;2;3;0.952411;0.920779
2857;2021;12;3;1203;1203005;-;02;5;3;11;8;153200;2;3;0.939844;0.940777
2858;2021;12;3;1203;1203005;-;02;11;3;11;8;75400;2;3;0.960122;0.945145
2859;2021;12;4;0;0;-;63;5;1;11;8;58520;1;1;0.961404;0.939702
2860;2021;12;5;1201;1201001;-;02;11;3;11;9;51100;2;3;0.963780;0.898339
2861;2021;12;5;1201;1201002;-;63;11;1;11;8;144000;1;1;0.933448;0.940343
2862;2021;14;3;1401;1401006;-;02;5;3;11;8;36000;2;3;0.994907;0.988432
2863;2021;14;4;1402;1402006;-;01;5;2;11;8;154800;2;3;0.797945;0.779702
2864;2021;14;4;1402;1402006;-;02;5;2;11;8;53000;2;3;0.991042;0.987103
2865;2021;14;4;1402;1402006;-;02;5;4;11;8;50000;2;3;0.988073;0.979066
2866;2021;14;4;1404;1404003;-;01;11;3;11;8;54000;2;3;0.971177;0.959820
2867;2021;14;4;1404;1404007;-;01;5;4;11;8;43200;2;3;0.919222;0.897450
2868;2021;14;8;1404;1404006;-;02;5;2;11;8;73000;2;3;0.967280;0.958820
2869;2021;14;10;1403;1403007;-;01;5;4;11;8;89982;2;3;0.891060;0.880892
2870;2021;14;12;1405;1405001;-;02;5;4;11;8;135750;2;3;0.987349;0.972371
2871;2021;15;7;1503;1503004;-;02;5;5;11;8;129800;2;3;0.974446;0.973549
2872;2021;16;1;1604;1604002;-;02;5;2;11;8;41900;2;3;0.970073;0.969018
2873;2021;16;1;1605;1605001;-;02;11;3;11;8;285000;2;3;0.992288;0.990190
2874;2021;16;1;1605;1605002;-;01;5;2;11;8;53250;2;3;0.822213;0.766139
2875;2021;16;1;1605;1605002;-;02;5;2;11;9;8100;2;3;0.857917;0.811779
2876;2021;16;1;1605;1605002;-;02;11;2;11;8;36000;2;3;0.992849;0.990201
2877;2021;16;3;1601;1601001;-;02;5;3;11;8;105000;2;3;0.970423;0.971531
2878;2021;16;3;1601;1601002;-;02;5;4;11;8;328500;2;3;0.946596;0.942264
2879;2021;16;3;1601;1601003;-;02;2;4;11;8;160000;2;3;0.968933;0.976978
2880;2021;16;3;1601;1601003;-;02;5;2;11;8;123820;2;3;0.959489;0.964279
2881;2021;16;3;1601;1601003;-;02;5;3;11;8;2255405;2;3;0.968861;0.971483
2882;2021;16;3;1601;1601003;-;02;5;4;11;8;481575;2;3;0.937272;0.935215
2883;2021;16;3;1601;1601003;-;02;5;5;11;8;307695;2;3;0.962438;0.957937
2884;2021;16;3;1601;1601003;-;02;11;2;11;8;141420;2;3;0.990647;0.987443
2885;2021;16;3;1601;1601003;-;02;11;3;11;8;283375;2;3;0.992288;0.990190
2886;2021;16;3;1601;1601003;-;02;11;4;11;8;146000;2;3;0.984608;0.981715
2887;2021;16;3;1601;1601003;-;02;14;2;11;8;50000;2;3;0.959415;0.970839
2888;2021;16;3;1601;1601004;-;02;5;2;11;8;100740;2;3;0.965610;0.970576
2889;2021;16;3;1601;1601004;-;02;5;3;11;8;330000;2;3;0.979478;0.975165
2890;2021;16;3;1601;1601004;-;02;11;2;11;8;141620;2;3;0.990647;0.987443
2891;2021;16;3;1601;1601005;-;02;5;2;11;8;853406;2;3;0.977861;0.974684
2892;2021;16;3;1601;1601005;-;02;5;4;11;8;438000;2;3;0.848809;0.875325
2893;2021;16;3;1601;1601005;-;02;8;2;11;8;58400;2;3;0.985779;0.970217
2894;2021;16;3;1601;1601005;-;02;11;2;11;8;33000;2;3;0.992849;0.990201
2895;2021;16;3;1601;1601006;-;02;5;3;11;8;29200;2;3;0.979106;0.967413
2896;2021;16;3;1601;1601006;-;02;5;4;11;8;456250;2;3;0.868388;0.874529
2897;2021;16;3;1601;1601006;-;02;11;2;11;8;187808;2;3;0.992898;0.988960
2898;2021;16;3;1601;1601006;-;02;11;3;11;8;437500;2;3;0.992288;0.990190
2899;2021;16;3;1602;1602004;-;01;11;2;11;8;60000;2;3;0.949634;0.922310
2900;2021;16;3;1602;1602004;-;02;5;2;11;8;1552960;2;3;0.977861;0.974684
2901;2021;16;3;1602;1602004;-;02;5;3;11;8;555575;2;3;0.980725;0.975808
2902;2021;16;3;1602;1602004;-;02;5;4;11;8;594950;2;3;0.961319;0.957159
2903;2021;16;3;1602;1602004;-;02;5;5;11;8;222000;2;3;0.962991;0.958469
2904;2021;16;3;1602;1602004;-;02;11;2;11;8;233930;2;3;0.992898;0.988960
2905;2021;16;3;1605;1605004;-;02;5;2;11;8;85000;2;3;0.965272;0.972428
2906;2021;16;3;1605;1605004;-;02;11;2;11;8;132130;2;3;0.990647;0.987443
2907;2021;16;4;1601;1601001;-;-;5;4;11;8;105840;2;3;0.559000;0.566877
2908;2021;16;4;1601;1601001;-;01;5;2;11;8;245996;2;3;0.776193;0.696612
2909;2021;16;4;1601;1601001;-;02;5;2;11;8;287530;2;3;0.977648;0.974483
2910;2021;16;4;1601;1601001;-;02;5;3;11;8;590720;2;3;0.980725;0.975808
2911;2021;16;4;1601;1601001;-;02;8;2;11;8;20800;2;3;0.988895;0.988040
2912;2021;16;4;1601;1601001;-;02;11;2;4;8;13500;2;3;0.910672;0.829256
2913;2021;16;4;1601;1601001;-;02;11;2;11;8;14200;2;3;0.986453;0.988486
2914;2021;16;4;1601;1601001;-;02;11;3;11;8;249000;2;3;0.992695;0.990066
2915;2021;16;4;1601;1601001;-;02;11;4;11;8;178600;2;3;0.986072;0.981976
2916;2021;16;4;1601;1601002;-;02;5;2;11;8;594202;2;3;0.977801;0.974684
2917;2021;16;4;1601;1601002;-;02;5;3;11;8;340138;2;3;0.979478;0.975165
2918;2021;16;4;1601;1601002;-;02;5;4;11;8;620500;2;3;0.961319;0.957159
2919;2021;16;4;1601;1601002;-;02;8;3;11;8;200750;2;3;0.992850;0.989081
2920;2021;16;4;1601;1601002;-;02;11;2;11;8;45000;2;3;0.992849;0.990201
2921;2021;16;4;1601;1601002;-;02;11;3;11;8;372300;2;3;0.992288;0.990190
2922;2021;16;4;1601;1601002;-;02;11;4;11;8;163000;2;3;0.977872;0.981976
2923;2021;16;4;1601;1601003;-;02;11;3;11;8;180000;2;3;0.992974;0.989784
2924;2021;16;4;1602;1602004;-;02;5;2;11;8;171550;2;3;0.967262;0.971884
2925;2021;16;4;1604;1604001;-;02;11;4;11;8;220000;2;3;0.985793;0.983329
2926;2021;16;5;1601;1601003;-;-;5;2;11;8;2700;2;3;0.590639;0.521609
2927;2021;16;5;1604;1604001;-;01;5;5;11;8;132000;2;3;0.817903;0.833298
2928;2021;16;5;1604;1604001;-;01;11;2;11;8;267975;2;3;0.904168;0.922760
2929;2021;16;5;1604;1604001;-;01;11;4;11;8;147000;2;3;0.931260;0.931802
2930;2021;16;5;1604;1604001;-;01;11;5;11;8;1086300;2;3;0.876595;0.850728
2931;2021;16;5;1604;1604001;-;02;5;2;11;8;987325;2;3;0.977861;0.974684
2932;2021;16;5;1604;1604001;-;02;5;3;11;8;661000;2;3;0.980725;0.975808
2933;2021;16;5;1604;1604001;-;02;5;4;11;8;175000;2;3;0.936854;0.919156
2934;2021;16;5;1604;1604001;-;02;11;2;11;8;199700;2;3;0.992898;0.988960
2935;2021;16;5;1604;1604001;-;02;11;3;11;8;191800;2;3;0.992695;0.990066
2936;2021;16;5;1604;1604001;-;02;11;4;11;8;329000;2;3;0.978047;0.980618
2937;2021;16;5;1604;1604001;-;02;12;5;11;8;288000;2;3;0.976516;0.981598
2938;2021;16;5;1604;1604001;-;16;5;3;11;8;100000;2;3;0.588208;0.597213
2939;2021;16;5;1604;1604002;-;02;5;2;11;8;348395;2;3;0.977648;0.974483
2940;2021;16;5;1604;1604002;-;02;5;3;11;8;990405;2;3;0.980784;0.975808
2941;2021;16;5;1604;1604002;-;02;5;4;11;8;314265;2;3;0.946596;0.942264
2942;2021;16;5;1604;1604002;-;02;5;4;11;9;326890;2;3;0.885382;0.880915
2943;2021;16;5;1604;1604002;-;02;8;4;11;8;88000;2;3;0.978092;0.972961
2944;2021;16;5;1604;1604002;-;02;11;2;11;8;222960;2;3;0.992898;0.988960
2945;2021;16;5;1604;1604002;-;02;11;3;11;8;479652;2;3;0.991962;0.990190
2946;2021;16;5;1604;1604003;-;-;5;2;11;8;1800;2;3;0.590639;0.521609
2947;2021;16;5;1604;1604003;-;01;5;2;11;8;54750;2;3;0.815934;0.757981
2948;2021;16;5;1604;1604003;-;02;2;4;11;8;891000;2;3;0.978413;0.975405
2949;2021;16;5;1604;1604003;-;02;5;2;11;8;672635;2;3;0.977801;0.974684
2950;2021;16;5;1604;1604003;-;02;5;3;11;8;373000;2;3;0.979478;0.975165
2951;2021;16;5;1604;1604003;-;02;5;4;11;8;872070;2;3;0.961379;0.957159
2952;2021;16;5;1604;1604003;-;02;8;5;11;8;708235;2;3;0.986056;0.988779
2953;2021;16;5;1604;1604003;-;02;11;2;11;8;73000;2;3;0.983223;0.984741
2954;2021;16;5;1604;1604003;-;02;11;3;11;8;665700;2;3;0.991962;0.990190
2955;2021;16;5;1604;1604003;-;02;11;5;11;8;370729;2;3;0.986934;0.984006
2956;2021;16;5;1604;1604004;-;01;5;3;11;8;1554000;2;3;0.826880;0.826101
2957;2021;16;5;1604;1604004;-;01;5;4;11;8;80000;2;3;0.829355;0.858172
2958;2021;16;5;1604;1604004;-;02;5;2;11;8;118079;2;3;0.936650;0.951479
2959;2021;16;5;1604;1604004;-;02;5;3;11;8;150000;2;3;0.976588;0.973449
2960;2021;16;5;1604;1604004;-;02;5;4;11;8;725645;2;3;0.961319;0.957159
2961;2021;16;5;1604;1604004;-;02;5;5;11;8;525600;2;3;0.961843;0.965799
2962;2021;16;5;1604;1604004;-;02;5;6;11;8;140885;2;3;0.940857;0.944000
2963;2021;16;5;1604;1604004;-;02;11;2;11;8;128380;2;3;0.990647;0.987443
2964;2021;16;5;1604;1604004;-;02;11;3;11;8;2142288;2;3;0.940668;0.943722
2965;2021;16;5;1604;1604005;-;02;5;2;11;8;393050;2;3;0.977648;0.974483
2966;2021;16;5;1604;1604005;-;02;5;3;11;8;146000;2;3;0.976575;0.972957
2967;2021;16;5;1604;1604005;-;02;5;4;11;8;580000;2;3;0.961319;0.957159
2968;2021;16;5;1604;1604005;-;02;11;2;11;8;164250;2;3;0.985444;0.987704
2969;2021;16;5;1604;1604005;-;02;11;3;11;8;538000;2;3;0.991962;0.990190
2970;2021;16;5;1604;1604005;-;02;11;4;11;8;105000;2;3;0.979487;0.976592
2971;2021;16;5;1604;1604006;-;01;5;5;11;8;1683672;2;3;0.835832;0.834981
2972;2021;16;5;1604;1604006;-;02;5;2;11;8;340000;2;3;0.977648;0.974483
2973;2021;16;5;1604;1604006;-;02;5;3;11;8;73000;2;3;0.978530;0.976911
2974;2021;16;5;1604;1604006;-;02;5;4;11;8;1077000;2;3;0.961379;0.957159
2975;2021;16;5;1604;1604006;-;02;5;5;11;8;1900000;2;3;0.967617;0.965918
2976;2021;16;5;1604;1604006;-;02;11;2;11;8;14000;2;3;0.986453;0.988486
2977;2021;16;5;1604;1604006;-;02;11;3;11;8;137500;2;3;0.992018;0.989523
2978;2021;16;5;1604;1604007;-;01;11;2;11;8;251850;2;3;0.910835;0.922760
2979;2021;16;5;1604;1604007;-;01;11;6;11;8;980000;2;3;0.905286;0.872037
2980;2021;16;5;1604;1604007;-;01;11;6;11;9;270000;2;3;0.871376;0.840509
2981;2021;16;5;1604;1604007;-;02;5;2;11;8;511880;2;3;0.977801;0.974684
2982;2021;16;5;1604;1604007;-;02;5;3;11;8;1058800;2;3;0.980784;0.975808
2983;2021;16;5;1604;1604007;-;02;5;4;11;8;672330;2;3;0.961319;0.957159
2984;2021;16;5;1604;1604007;-;02;8;2;11;8;300000;2;3;0.990851;0.988389
2985;2021;16;5;1604;1604007;-;02;11;2;11;8;91000;2;3;0.983267;0.984981
2986;2021;16;5;1604;1604007;-;02;11;3;11;8;949280;2;3;0.991962;0.990190
2987;2021;16;5;1604;1604007;-;02;14;5;11;8;240000;2;3;0.962544;0.973406
2988;2021;16;5;1607;1607004;-;02;5;2;11;8;21000;2;3;0.969297;0.972397
2989;2021;16;6;1605;1605001;-;02;5;2;11;8;136364;2;3;0.959489;0.969279
2990;2021;16;6;1605;1605001;-;02;5;3;11;8;42500;2;3;0.979106;0.973230
2991;2021;16;6;1605;1605001;-;63;5;1;11;8;21900;1;1;0.917711;0.956420
2992;2021;16;6;1605;1605002;-;02;5;2;11;8;69600;2;3;0.970978;0.975914
2993;2021;16;6;1605;1605003;-;01;5;2;11;9;111650;2;3;0.738272;0.696755
2994;2021;16;6;1605;1605003;-;01;8;2;11;8;20000;2;3;0.937244;0.920201
2995;2021;16;6;1605;1605003;-;02;5;2;11;8;111500;2;3;0.960610;0.970576
2996;2021;16;6;1605;1605004;-;02;5;2;11;8;40000;2;3;0.970073;0.969018
2997;2021;16;6;1605;1605004;-;02;5;3;11;8;59000;2;3;0.979106;0.973230
2998;2021;16;6;1605;1605006;-;02;2;4;11;8;511000;2;3;0.972698;0.975405
2999;2021;16;6;1605;1605006;-;02;5;2;11;8;107310;2;3;0.965610;0.970576
3000;2021;16;6;1605;1605006;-;02;11;3;11;8;19000;2;3;0.986370;0.989155
3001;2021;16;6;1606;1606005;-;01;5;2;11;8;45600;2;3;0.822213;0.766139
3002;2021;16;6;1606;1606005;-;02;5;2;11;8;84060;2;3;0.965272;0.972428
3003;2021;16;6;1606;1606005;-;02;5;3;11;8;1200000;2;3;0.980784;0.975808
3004;2021;16;6;1607;1607001;-;02;5;2;11;8;188300;2;3;0.977272;0.975016
3005;2021;16;7;1605;1605004;-;02;11;2;11;8;76650;2;3;0.946185;0.983208
3006;2021;16;7;1606;1606004;-;02;5;3;11;8;102240;2;3;0.970423;0.971531
3007;2021;16;7;1607;1607001;-;02;3;4;4;8;72853;2;3;0.933291;0.800025
3008;2021;16;7;1607;1607003;-;02;8;3;11;8;336165;2;3;0.991972;0.986931
3009;2021;16;7;1607;1607003;-;02;11;3;11;8;352760;2;3;0.992288;0.990190
3010;2021;16;8;1602;1602001;-;02;5;2;11;8;36500;2;3;0.970073;0.969018
3011;2021;16;8;1603;1603001;-;01;5;2;11;8;110000;2;3;0.656615;0.632567
3012;2021;16;8;1603;1603001;-;02;5;2;11;8;342000;2;3;0.977648;0.974483
3013;2021;16;8;1603;1603002;-;01;11;2;11;8;208050;2;3;0.924781;0.923496
3014;2021;16;8;1603;1603002;-;02;5;2;11;8;52300;2;3;0.970073;0.969018
3015;2021;16;8;1603;1603003;-;01;5;3;11;8;18750;2;3;0.884051;0.890528
3016;2021;16;8;1603;1603003;-;02;5;2;11;7;1;2;3;0.927481;0.950521
3017;2021;16;8;1603;1603003;-;02;5;2;11;8;223778;2;3;0.977272;0.975016
3018;2021;16;8;1603;1603003;-;02;11;2;11;8;148190;2;3;0.990647;0.987443
3019;2021;16;8;1603;1603004;-;01;5;3;11;8;79390;2;3;0.830458;0.854766
3020;2021;16;8;1603;1603004;-;02;11;3;11;8;102200;2;3;0.991968;0.988581
3021;2021;16;8;1603;1603006;-;02;5;2;11;8;86275;2;3;0.965272;0.972428
3022;2021;16;8;1605;1605004;-;02;11;2;11;8;45600;2;3;0.992849;0.990201
3023;2021;16;8;1606;1606001;-;02;5;2;11;8;36500;2;3;0.970073;0.969018
3024;2021;16;8;1606;1606001;-;02;8;2;11;8;180000;2;3;0.991423;0.987117
3025;2021;16;8;1606;1606002;-;02;5;2;11;8;71050;2;3;0.970978;0.968414
3026;2021;16;9;1602;1602001;-;01;5;7;11;8;345000;2;3;0.858711;0.855201
3027;2021;16;9;1602;1602001;-;02;5;3;11;8;500000;2;3;0.975010;0.975808
3028;2021;16;9;1602;1602001;-;02;8;5;11;8;240791;2;3;0.983221;0.987339
3029;2021;16;9;1602;1602001;-;02;11;3;11;8;92000;2;3;0.992366;0.987382
3030;2021;16;9;1602;1602001;-;02;11;4;11;8;481500;2;3;0.986139;0.975227
3031;2021;16;9;1602;1602002;-;02;5;4;11;8;608100;2;3;0.961319;0.957159
3032;2021;16;9;1602;1602002;-;02;5;5;11;9;10000;2;3;0.918039;0.861452
3033;2021;16;9;1602;1602002;-;02;11;4;11;8;109500;2;3;0.979487;0.976592
3034;2021;16;9;1602;1602003;-;01;5;3;11;8;71500;2;3;0.873477;0.873599
3035;2021;16;9;1602;1602003;-;01;11;3;11;8;77000;2;3;0.898214;0.934754
3036;2021;16;9;1602;1602003;-;02;5;2;11;8;159100;2;3;0.962317;0.970033
3037;2021;16;9;1602;1602003;-;02;5;3;11;8;384710;2;3;0.979478;0.975165
3038;2021;16;9;1602;1602003;-;02;8;2;11;8;29100;2;3;0.989672;0.987635
3039;2021;16;9;1602;1602003;-;02;11;2;11;8;358300;2;3;0.992492;0.989084
3040;2021;16;9;1602;1602003;-;02;11;3;11;8;262800;2;3;0.985084;0.979357
3041;2021;16;9;1602;1602003;-;02;11;4;11;8;219000;2;3;0.985793;0.983329
3042;2021;16;10;0;0;-;02;5;1;11;8;279820;2;3;0.625197;0.594438
3043;2021;17;3;1701;1701004;-;02;5;4;11;8;165876;2;3;0.951537;0.964737
3044;2021;17;5;1704;1704002;-;02;11;4;11;8;125328;2;3;0.987454;0.988723
3045;2021;17;6;1702;1702006;-;02;5;2;11;9;48000;2;3;0.949562;0.889109
3046;2021;17;7;1701;1701001;-;03;4;6;11;6;1078;2;3;0.823814;0.837867
3047;2021;17;7;1701;1701001;-;03;4;6;11;7;794;2;3;0.836474;0.848108
3048;2021;17;7;1701;1701001;-;03;4;6;11;8;253810;2;3;0.804449;0.807844
3049;2021;17;7;1701;1701001;-;03;4;6;11;9;20306;2;3;0.835402;0.798344
3050;2021;17;8;1702;1702002;-;01;5;2;11;8;43800;2;3;0.771241;0.777145
3051;2021;17;8;1702;1702005;-;01;0;2;11;8;17000;2;3;0.879695;0.896571
3052;2021;17;8;1702;1702005;-;01;5;3;11;8;182500;2;3;0.816071;0.803163
3053;2021;17;8;1702;1702005;-;01;11;2;11;8;164250;2;3;0.887020;0.906784
3054;2021;17;8;1702;1702005;-;01;11;3;11;8;78408;2;3;0.954616;0.959338
3055;2021;17;8;1702;1702005;-;02;5;2;11;8;218130;2;3;0.934687;0.937062
3056;2021;17;8;1702;1702005;-;02;5;3;11;8;130000;2;3;0.977901;0.978152
3057;2021;17;8;1702;1702005;-;02;11;5;11;8;900000;2;3;0.981163;0.988753
3058;2021;17;8;1702;1702006;-;01;5;3;11;8;3000;2;3;0.888214;0.896148
3059;2021;17;9;1704;1704002;-;02;3;4;11;8;40000;2;3;0.983336;0.990897
3060;2021;17;9;1704;1704003;-;02;5;4;11;8;420980;2;3;0.959398;0.969466
3061;2021;17;9;1704;1704004;-;01;5;2;11;8;180420;2;3;0.616201;0.572341
3062;2021;17;9;1704;1704005;-;01;5;3;11;8;400000;2;3;0.684180;0.693569
3063;2021;17;9;1704;1704006;-;01;11;3;11;8;432000;2;3;0.892952;0.883807
3064;2021;17;10;0;0;-;63;5;1;11;8;805790;1;1;0.954358;0.974300
3065;2021;17;10;1702;1702002;-;02;5;3;11;8;18250;2;3;0.968573;0.978412
3066;2021;17;10;1702;1702002;-;02;5;5;11;8;126000;2;3;0.953097;0.965246
3067;2021;17;10;1702;1702002;-;02;11;3;11;8;133000;2;3;0.991431;0.991934
3068;2021;17;10;1702;1702005;-;02;11;4;11;8;125000;2;3;0.987454;0.988723
3069;2021;17;10;1702;1702006;-;02;11;6;11;8;559746;2;3;0.981163;0.988753
3070;2021;17;11;1702;1702003;-;01;5;4;11;8;21600;2;3;0.870193;0.886854
3071;2021;17;11;1702;1702003;-;02;5;2;11;8;94000;2;3;0.962772;0.966191
3072;2021;17;11;1702;1702003;-;02;11;2;11;8;44000;2;3;0.987463;0.988284
3073;2021;17;11;1702;1702003;-;02;11;4;11;8;120;2;3;0.964463;0.956971
3074;2021;17;11;1702;1702004;-;02;5;3;11;8;180000;2;3;0.964218;0.971961
3075;2021;17;11;1702;1702004;-;02;5;4;11;8;69350;2;3;0.964848;0.963318
3076;2021;17;11;1702;1702004;-;02;11;2;11;8;15000;2;3;0.983891;0.986569
3077;2021;17;11;1702;1702004;-;02;11;3;11;8;50000;2;3;0.991780;0.992237
3078;2021;17;11;1702;1702008;-;01;3;5;11;8;5600;2;3;0.894066;0.905422
3079;2021;17;11;1702;1702008;-;02;5;4;11;8;190000;2;3;0.952734;0.971047
3080;2021;18;6;0;0;-;02;5;1;11;8;5000;2;3;0.581344;0.571751
3081;2021;18;6;1802;1802001;-;02;5;2;11;8;31120;2;3;0.969357;0.970570
3082;2021;18;6;1802;1802002;-;02;5;2;11;8;27540;2;3;0.969357;0.970570
3083;2021;18;8;1803;1803005;-;02;11;5;11;8;642800;2;3;0.970206;0.982151
3084;2021;18;10;1802;1802001;-;01;5;2;11;8;15000;2;3;0.797919;0.808087
3085;2021;19;7;1901;1901005;-;02;11;2;11;8;53055;2;3;0.985259;0.984106
3086;2021;19;10;1903;1903001;-;01;5;2;11;8;73000;2;3;0.759103;0.723422
3087;2021;19;10;1903;1903001;-;63;5;1;11;6;30;1;1;0.897367;0.901622
3088;2021;19;10;1903;1903001;-;63;5;1;11;8;30;1;1;0.920780;0.936511
3089;2021;19;10;1903;1903002;-;01;8;2;11;8;60000;2;3;0.938919;0.895316
3090;2022;1;2;204;204001;-;02;1;3;11;8;5000;2;3;;
3091;2022;1;3;204;204001;-;18;5;1;4;8;200;1;1;;
3092;2022;2;3;303;303004;-;02;5;2;11;8;5000;2;3;;
3093;2022;2;3;304;304002;-;40;11;2;4;8;45000;2;3;;
3094;2022;2;3;304;304002;-;40;11;2;11;8;19500;2;3;;
3095;2022;2;8;314;314001;-;01;5;2;11;8;4000;2;3;;
3096;2022;2;8;314;314001;-;01;5;3;11;8;2000;2;3;;
3097;2022;2;8;314;314008;-;02;11;2;11;8;20000;2;3;;
3098;2022;2;10;307;307002;-;02;11;2;11;8;3000;2;3;;
3099;2022;2;10;308;308002;-;01;5;2;11;8;80000;2;3;;
3100;2022;2;10;308;308005;-;02;11;2;11;8;250000;2;3;;
3101;2022;2;10;308;308005;-;02;11;3;11;8;233600;2;3;;
3102;2022;2;10;309;309001;-;02;5;2;11;8;65700;2;3;;
3103;2022;2;10;309;309003;-;02;5;2;11;8;20000;2;3;;
3104;2022;2;10;309;309004;-;01;11;2;11;9;70000;2;3;;
3105;2022;2;10;309;309005;-;02;11;2;11;8;96300;2;3;;
3106;2022;2;11;307;307001;-;02;5;2;11;8;16200;2;3;;
3107;2022;2;14;313;313001;-;40;5;2;4;8;54000;4;9;;
3108;2022;2;19;315;315008;-;02;9;2;11;8;30000;2;3;;
3109;2022;2;24;315;315005;-;02;11;2;11;8;50000;2;3;;
3110;2022;4;2;505;505004;-;01;5;3;11;8;120000;2;3;;
3111;2022;4;2;505;505004;-;02;5;2;11;8;20000;2;3;;
3112;2022;4;2;505;505006;-;02;11;2;11;8;59000;2;3;;
3113;2022;4;2;505;505006;-;02;11;3;11;8;200000;2;3;;
3114;2022;4;2;505;505006;-;02;11;4;11;8;94040;2;3;;
3115;2022;4;5;503;503006;-;02;11;3;11;8;130000;2;3;;
3116;2022;4;5;505;505003;-;02;11;3;11;8;82000;2;3;;
3117;2022;4;5;505;505005;-;02;5;4;11;8;120750;2;3;;
3118;2022;4;5;505;505005;-;02;11;4;11;8;442774;2;3;;
3119;2022;4;5;505;505005;-;02;11;5;11;8;432000;2;3;;
3120;2022;4;5;506;506005;-;01;11;2;11;8;65500;2;3;;
3121;2022;4;5;506;506005;-;01;11;3;11;8;179112;2;3;;
3122;2022;4;5;506;506005;-;02;5;2;11;8;52000;2;3;;
3123;2022;4;5;506;506005;-;02;5;4;11;8;1200000;2;3;;
3124;2022;4;5;506;506005;-;02;11;3;11;8;427200;2;3;;
3125;2022;4;5;506;506005;-;02;11;4;11;8;248200;2;3;;
3126;2022;4;5;506;506005;-;02;11;5;11;8;449700;2;3;;
3127;2022;4;5;506;506006;-;02;1;4;11;8;271500;2;3;;
3128;2022;4;5;506;506006;-;02;1;4;11;9;30150;2;3;;
3129;2022;4;5;506;506006;-;02;5;2;11;8;28000;2;3;;
3130;2022;4;5;506;506006;-;02;5;3;11;8;146000;2;3;;
3131;2022;4;5;506;506006;-;02;11;3;11;8;280000;2;3;;
3132;2022;4;6;505;505002;-;02;5;2;11;8;335800;2;3;;
3133;2022;4;6;506;506003;-;01;11;2;4;8;16425;2;3;;
3134;2022;4;6;506;506003;-;01;11;2;11;8;16425;2;3;;
3135;2022;4;6;506;506003;-;02;5;2;11;8;141300;2;3;;
3136;2022;4;6;506;506003;-;02;5;3;11;8;24000;2;3;;
3137;2022;4;6;506;506003;-;02;9;2;11;8;34342;2;3;;
3138;2022;4;6;506;506003;-;02;9;2;11;9;3520;2;3;;
3139;2022;4;6;506;506004;-;01;12;2;4;8;7200;2;3;;
3140;2022;4;6;506;506004;-;01;12;2;11;8;30000;2;3;;
3141;2022;4;6;506;506004;-;02;11;2;11;8;68000;2;3;;
3142;2022;4;6;506;506004;-;02;11;3;11;8;180000;2;3;;
3143;2022;4;6;506;506004;-;02;11;4;11;8;250000;2;3;;
3144;2022;4;6;506;506005;-;02;5;2;11;8;150000;2;3;;
3145;2022;4;6;506;506005;-;02;5;3;11;8;1200;2;3;;
3146;2022;4;6;506;506005;-;02;11;2;11;8;325115;2;3;;
3147;2022;4;6;506;506006;-;02;12;3;11;8;420000;2;3;;
3148;2022;4;6;506;506009;-;02;8;2;11;8;140000;2;3;;
3149;2022;4;7;504;504001;-;02;11;3;11;8;550000;2;3;;
3150;2022;4;8;0;0;-;18;5;1;11;8;500;1;1;;
3151;2022;4;8;0;0;-;18;5;1;11;9;100;1;1;;
3152;2022;4;9;502;502003;-;01;5;3;11;8;240000;2;3;;
3153;2022;4;9;502;502003;-;01;8;3;11;8;110700;2;3;;
3154;2022;4;9;502;502003;-;02;8;3;11;8;141300;2;3;;
3155;2022;4;9;502;502003;-;02;11;3;11;8;36500;2;3;;
3156;2022;4;9;502;502003;-;02;11;4;11;8;605000;2;3;;
3157;2022;4;9;502;502004;-;01;5;3;11;8;54750;2;3;;
3158;2022;4;11;501;501002;-;01;5;2;11;8;26000;2;3;;
3159;2022;4;11;501;501002;-;02;5;2;11;8;75322;1;1;;
3160;2022;4;11;501;501002;-;02;8;6;11;8;2344920;2;3;;
3161;2022;4;12;502;502004;-;02;11;3;11;8;212393;2;3;;
3162;2022;4;12;503;503002;-;02;5;2;11;8;100000;2;3;;
3163;2022;4;13;0;0;-;63;5;1;11;8;79000;1;1;;
3164;2022;4;13;503;503003;-;01;11;2;11;8;160000;2;3;;
3165;2022;4;13;503;503003;-;02;5;3;11;8;100000;2;3;;
3166;2022;4;13;503;503003;-;02;5;4;11;8;138700;2;3;;
3167;2022;4;13;503;503003;-;02;11;2;11;8;288350;2;3;;
3168;2022;4;13;503;503007;-;01;11;4;11;8;26112;2;3;;
3169;2022;4;13;503;503007;-;02;5;2;11;8;110000;2;3;;
3170;2022;4;13;503;503007;-;02;5;3;11;8;242300;2;3;;
3171;2022;4;13;503;503007;-;02;11;3;11;8;109500;2;3;;
3172;2022;4;13;503;503007;-;02;11;4;11;8;100000;2;3;;
3173;2022;4;14;502;502006;-;02;5;3;11;8;38325;2;3;;
3174;2022;4;14;503;503004;-;02;11;2;11;8;164250;2;3;;
3175;2022;4;14;504;504002;-;02;11;2;11;8;208000;2;3;;
3176;2022;4;14;504;504005;-;02;11;5;11;8;120000;2;3;;
3177;2022;4;14;506;506001;-;01;5;5;11;8;145000;2;3;;
3178;2022;4;14;506;506001;-;02;5;2;11;8;36500;2;3;;
3179;2022;4;14;506;506001;-;02;5;4;11;8;304200;2;3;;
3180;2022;4;16;501;501002;-;02;13;2;11;8;28000;2;3;;
3181;2022;4;16;504;504006;-;01;5;2;11;8;142000;2;3;;
3182;2022;4;16;504;504006;-;02;5;3;11;8;252000;2;3;;
3183;2022;4;16;504;504006;-;02;5;4;11;8;376290;2;3;;
3184;2022;4;16;504;504006;-;02;11;4;11;8;250000;2;3;;
3185;2022;4;16;504;504006;-;02;11;4;11;9;77000;2;3;;
3186;2022;4;16;504;504006;-;02;12;3;11;8;198520;2;3;;
3187;2022;4;16;506;506001;-;01;5;3;11;8;40146;2;3;;
3188;2022;4;16;506;506001;-;02;11;4;11;8;401500;2;3;;
3189;2022;4;16;506;506007;-;02;11;2;11;8;410800;2;3;;
3190;2022;4;16;506;506007;-;02;11;3;11;8;150000;2;3;;
3191;2022;4;16;506;506007;-;02;11;4;11;8;292000;2;3;;
3192;2022;4;16;506;506007;-;02;11;5;11;8;130000;2;3;;
3193;2022;4;16;506;506008;-;01;5;2;11;8;130000;2;3;;
3194;2022;4;17;503;503005;-;02;5;2;11;8;26900;2;3;;
3195;2022;4;17;503;503005;-;02;5;3;11;8;336260;2;3;;
3196;2022;4;17;503;503005;-;02;11;2;11;8;18250;2;3;;
3197;2022;4;17;503;503006;-;01;5;2;11;8;168815;2;3;;
3198;2022;4;17;503;503006;-;01;11;4;11;8;432000;2;3;;
3199;2022;4;17;503;503006;-;01;14;5;11;8;76650;2;3;;
3200;2022;4;17;503;503006;-;02;5;2;11;8;36500;2;3;;
3201;2022;4;17;503;503006;-;02;5;3;11;8;279225;2;3;;
3202;2022;4;17;503;503006;-;02;5;4;11;8;505300;2;3;;
3203;2022;4;17;503;503006;-;02;11;3;11;8;218700;2;3;;
3204;2022;4;17;503;503007;-;02;5;2;11;8;54750;2;3;;
3205;2022;4;17;503;503007;-;02;11;2;11;8;68000;2;3;;
3206;2022;4;17;503;503007;-;02;11;3;11;8;91250;2;3;;
3207;2022;4;17;505;505001;-;01;5;6;11;8;150000;2;3;;
3208;2022;4;17;505;505001;-;01;11;5;11;8;18000;2;3;;
3209;2022;4;17;505;505001;-;02;5;5;11;8;225980;2;3;;
3210;2022;4;17;505;505001;-;02;11;2;11;8;52000;2;3;;
3211;2022;4;17;505;505004;-;02;5;4;11;8;285000;2;3;;
3212;2022;4;17;505;505004;-;02;5;5;11;8;547500;2;3;;
3213;2022;4;17;505;505004;-;02;11;4;11;8;546000;2;3;;
3214;2022;4;17;505;505004;-;02;11;4;11;9;438000;2;3;;
3215;2022;4;17;505;505006;-;01;11;3;11;8;400000;2;3;;
3216;2022;4;17;505;505006;-;02;5;5;11;8;503700;2;3;;
3217;2022;4;18;505;505001;-;01;5;3;11;8;281500;2;3;;
3218;2022;4;18;505;505001;-;01;11;2;11;8;110000;2;3;;
3219;2022;4;18;505;505001;-;01;11;5;11;8;291250;2;3;;
3220;2022;4;18;505;505001;-;02;5;2;11;8;180000;2;3;;
3221;2022;4;18;505;505001;-;02;5;4;11;8;146000;2;3;;
3222;2022;4;18;505;505001;-;02;11;5;11;8;351000;2;3;;
3223;2022;4;18;505;505002;-;01;5;3;11;8;102000;2;3;;
3224;2022;4;18;505;505002;-;01;11;3;11;8;732150;2;3;;
3225;2022;4;18;505;505002;-;01;11;4;11;8;110000;2;3;;
3226;2022;4;18;505;505002;-;01;11;6;11;8;21600;2;3;;
3227;2022;4;18;505;505002;-;02;5;5;11;8;620500;2;3;;
3228;2022;4;18;505;505002;-;02;11;2;11;8;70000;2;3;;
3229;2022;4;18;505;505002;-;02;11;3;11;8;650;2;3;;
3230;2022;4;18;505;505002;-;02;11;4;11;8;584000;2;3;;
3231;2022;4;18;505;505003;-;01;5;4;11;8;328500;2;3;;
3232;2022;4;18;505;505003;-;02;5;3;11;8;152300;2;3;;
3233;2022;4;18;505;505003;-;02;8;6;11;8;692690;2;3;;
3234;2022;4;18;505;505003;-;02;11;4;11;8;460946;2;3;;
3235;2022;4;18;505;505005;-;01;5;3;11;8;142200;2;3;;
3236;2022;4;18;505;505005;-;01;11;5;11;8;220000;2;3;;
3237;2022;4;18;505;505005;-;02;5;2;11;8;50000;2;3;;
3238;2022;4;18;505;505005;-;02;11;2;11;8;219000;2;3;;
3239;2022;4;18;505;505005;-;02;11;3;11;8;185000;2;3;;
3240;2022;5;2;601;601004;-;02;12;8;11;9;162531152;2;3;;
3241;2022;5;2;602;602002;-;01;5;2;11;8;78000;2;3;;
3242;2022;5;13;601;601006;-;02;5;2;11;8;48000;2;3;;
3243;2022;6;2;702;702002;-;02;5;3;11;8;50000;2;3;;
3244;2022;6;2;702;702002;-;02;5;3;11;9;20000;2;3;;
3245;2022;6;3;702;702001;-;01;11;4;11;8;128000;2;3;;
3246;2022;6;4;701;701003;-;01;11;3;11;8;28000;2;3;;
3247;2022;6;4;701;701003;-;02;5;2;11;8;91250;2;3;;
3248;2022;6;4;701;701003;-;02;11;2;11;8;108000;2;3;;
3249;2022;6;4;701;701004;-;02;5;4;11;8;500;2;3;;
3250;2022;6;4;701;701005;-;02;5;3;11;8;241200;2;3;;
3251;2022;6;4;701;701005;-;02;5;5;11;8;51864;2;3;;
3252;2022;6;5;702;702005;-;16;11;2;11;8;70000;2;3;;
3253;2022;6;7;702;702001;-;02;5;2;11;8;72147;2;3;;
3254;2022;6;7;702;702001;-;02;5;3;4;8;15000;2;3;;
3255;2022;6;7;702;702001;-;02;5;3;11;8;15000;2;3;;
3256;2022;6;7;702;702001;-;02;6;3;11;8;54000;2;3;;
3257;2022;6;8;702;702003;-;02;12;3;11;8;280000;2;3;;
3258;2022;6;9;701;701004;-;02;5;3;11;8;65700;2;3;;
3259;2022;6;9;701;701004;-;02;5;4;11;8;100000;2;3;;
3260;2022;6;9;701;701005;-;02;11;2;11;8;30000;2;3;;
3261;2022;7;2;804;804003;-;02;11;5;11;8;300000;2;3;;
3262;2022;7;2;804;804004;-;02;5;2;11;8;117000;2;3;;
3263;2022;7;2;804;804004;-;02;5;3;11;8;186630;2;3;;
3264;2022;7;2;804;804004;-;02;8;4;11;8;198000;2;3;;
3265;2022;7;2;804;804004;-;02;8;4;11;9;172300;2;3;;
3266;2022;7;2;804;804004;-;02;11;4;11;8;185000;2;3;;
3267;2022;7;2;804;804004;-;02;11;4;11;9;88750;2;3;;
3268;2022;7;3;805;805006;-;02;9;5;11;8;170000;2;3;;
3269;2022;7;4;801;801003;-;01;11;3;11;8;40000;2;3;;
3270;2022;7;4;801;801005;-;02;5;3;11;8;36500;2;3;;
3271;2022;7;5;805;805002;-;02;5;2;11;8;48000;2;3;;
3272;2022;7;5;805;805007;-;02;9;3;11;8;50500;2;3;;
3273;2022;7;13;801;801006;-;02;11;5;11;8;90000;2;3;;
3274;2022;8;2;0;0;-;18;11;1;11;8;5000;1;1;;
3275;2022;8;2;0;0;-;18;11;1;11;9;1000;1;1;;
3276;2022;8;3;904;904003;-;01;5;2;11;8;28100;2;3;;
3277;2022;8;3;904;904003;-;63;5;1;11;8;40000;1;1;;
3278;2022;8;3;905;905003;-;01;5;3;11;8;41000;2;3;;
3279;2022;8;3;905;905003;-;02;5;2;11;8;70000;2;3;;
3280;2022;8;4;903;903005;-;02;13;5;11;8;70308;2;3;;
3281;2022;8;13;905;905005;-;02;8;2;11;8;64000;2;3;;
3282;2022;8;13;906;906001;-;01;11;3;4;8;8000;4;4;;
3283;2022;9;2;1003;1003004;-;02;5;3;4;8;3200;2;3;;
3284;2022;9;3;1004;1004004;-;02;5;5;11;8;13500;2;3;;
3285;2022;9;5;1004;1004001;-;02;8;4;11;8;52500;2;3;;
3286;2022;9;6;1003;1003006;-;02;2;5;11;6;149942;2;3;;
3287;2022;9;6;1003;1003006;-;02;2;5;11;8;1751889;2;3;;
3288;2022;9;6;1003;1003006;-;02;2;5;11;9;2033360;2;3;;
3289;2022;9;12;1002;1002006;-;02;5;2;11;8;3500;2;3;;
3290;2022;9;12;1002;1002006;-;02;5;2;11;9;500;2;3;;
3291;2022;10;18;101;101002;-;02;5;2;11;8;29200;2;3;;
3292;2022;11;6;1101;1101004;-;01;5;2;11;8;50000;2;3;;
3293;2022;11;6;1101;1101004;-;01;5;5;11;8;144000;1;1;;
3294;2022;11;6;1101;1101004;-;01;5;5;4;8;140000;2;3;;
3295;2022;11;6;1101;1101004;-;02;5;3;11;8;240000;2;3;;
3296;2022;11;6;1101;1101005;-;03;11;5;11;8;90000;2;3;;
3297;2022;11;6;1102;1102001;-;01;5;5;11;8;30000;2;3;;
3298;2022;11;11;1102;1102008;-;01;5;5;11;8;9220;2;3;;
3299;2022;12;3;1203;1203004;-;01;11;4;11;8;106500;2;3;;
3300;2022;12;3;1203;1203004;-;02;5;3;11;8;60000;2;3;;
3301;2022;12;3;1203;1203005;-;02;11;3;11;8;92500;2;3;;
3302;2022;12;4;0;0;-;63;5;1;11;8;34500;1;1;;
3303;2022;12;5;1201;1201001;-;01;11;3;11;6;10;2;3;;
3304;2022;12;5;1201;1201001;-;01;11;3;11;7;10;2;3;;
3305;2022;12;5;1201;1201001;-;01;11;3;11;8;20;2;3;;
3306;2022;12;5;1201;1201001;-;02;11;3;11;8;49300;2;3;;
3307;2022;12;5;1201;1201002;-;63;11;1;11;8;172500;1;1;;
3308;2022;12;5;1201;1201003;-;02;11;2;11;8;112700;2;3;;
3309;2022;14;3;1401;1401006;-;02;5;3;11;8;33200;2;3;;
3310;2022;14;4;1402;1402006;-;01;5;2;11;8;154900;2;3;;
3311;2022;14;4;1402;1402006;-;02;5;2;11;8;26000;2;3;;
3312;2022;14;4;1402;1402006;-;02;5;4;11;8;50000;2;3;;
3313;2022;14;4;1404;1404003;-;01;11;3;11;8;54000;2;3;;
3314;2022;14;4;1404;1404007;-;01;5;4;11;8;43200;2;3;;
3315;2022;14;8;1404;1404006;-;02;5;2;11;8;91250;2;3;;
3316;2022;14;8;1405;1405002;-;01;5;5;11;8;70000;2;3;;
3317;2022;14;10;1403;1403007;-;01;5;4;11;8;89592;2;3;;
3318;2022;14;10;1403;1403007;-;01;8;5;11;8;190000;2;3;;
3319;2022;14;12;1405;1405001;-;02;5;4;11;8;182500;2;3;;
3320;2022;14;12;1405;1405002;-;02;14;2;11;8;189580;2;3;;
3321;2022;15;7;1503;1503004;-;02;5;5;11;8;129900;2;3;;
3322;2022;16;1;1605;1605001;-;02;11;3;11;8;295000;2;3;;
3323;2022;16;1;1605;1605002;-;01;5;2;11;8;35000;2;3;;
3324;2022;16;1;1605;1605002;-;02;5;2;11;9;8400;2;3;;
3325;2022;16;1;1605;1605002;-;02;11;2;11;8;36000;2;3;;
3326;2022;16;3;1601;1601001;-;02;5;3;11;8;140000;2;3;;
3327;2022;16;3;1601;1601002;-;02;5;4;11;8;317000;2;3;;
3328;2022;16;3;1601;1601003;-;02;2;4;11;8;160000;2;3;;
3329;2022;16;3;1601;1601003;-;02;5;2;11;8;130900;2;3;;
3330;2022;16;3;1601;1601003;-;02;5;3;11;8;2086288;2;3;;
3331;2022;16;3;1601;1601003;-;02;5;4;11;8;892225;2;3;;
3332;2022;16;3;1601;1601003;-;02;5;5;11;8;394200;2;3;;
3333;2022;16;3;1601;1601003;-;02;11;2;11;8;85000;2;3;;
3334;2022;16;3;1601;1601003;-;02;11;3;11;8;393200;2;3;;
3335;2022;16;3;1601;1601003;-;02;11;4;11;8;182500;2;3;;
3336;2022;16;3;1601;1601003;-;02;14;2;11;8;40000;2;3;;
3337;2022;16;3;1601;1601004;-;02;5;2;11;8;93440;2;3;;
3338;2022;16;3;1601;1601004;-;02;5;3;11;8;691750;2;3;;
3339;2022;16;3;1601;1601004;-;02;11;2;11;8;179945;2;3;;
3340;2022;16;3;1601;1601005;-;02;5;2;11;8;241010;2;3;;
3341;2022;16;3;1601;1601005;-;02;5;4;11;8;492750;2;3;;
3342;2022;16;3;1601;1601005;-;02;8;2;11;8;56210;2;3;;
3343;2022;16;3;1601;1601005;-;02;11;2;11;8;35000;2;3;;
3344;2022;16;3;1601;1601006;-;02;5;2;11;8;21850;2;3;;
3345;2022;16;3;1601;1601006;-;02;5;3;11;8;30300;2;3;;
3346;2022;16;3;1601;1601006;-;02;5;4;11;8;457300;2;3;;
3347;2022;16;3;1601;1601006;-;02;11;2;11;8;176660;2;3;;
3348;2022;16;3;1601;1601006;-;02;11;3;11;8;437450;2;3;;
3349;2022;16;3;1602;1602004;-;01;11;2;11;8;60000;2;3;;
3350;2022;16;3;1602;1602004;-;02;5;2;11;8;1333151;2;3;;
3351;2022;16;3;1602;1602004;-;02;5;3;11;8;275575;2;3;;
3352;2022;16;3;1602;1602004;-;02;5;4;11;8;725620;2;3;;
3353;2022;16;3;1602;1602004;-;02;5;5;11;8;225000;2;3;;
3354;2022;16;3;1602;1602004;-;02;11;2;11;8;212762;2;3;;
3355;2022;16;3;1605;1605004;-;02;5;2;11;8;85000;2;3;;
3356;2022;16;3;1605;1605004;-;02;11;2;11;8;64970;2;3;;
3357;2022;16;4;1601;1601001;-;01;5;2;11;8;186150;2;3;;
3358;2022;16;4;1601;1601001;-;02;5;2;11;8;269470;2;3;;
3359;2022;16;4;1601;1601001;-;02;5;3;11;8;623570;2;3;;
3360;2022;16;4;1601;1601001;-;02;5;4;11;8;505000;2;3;;
3361;2022;16;4;1601;1601001;-;02;8;2;11;8;21600;2;3;;
3362;2022;16;4;1601;1601001;-;02;11;3;11;8;263000;2;3;;
3363;2022;16;4;1601;1601001;-;02;11;4;11;8;294140;2;3;;
3364;2022;16;4;1601;1601002;-;02;5;2;11;8;580110;2;3;;
3365;2022;16;4;1601;1601002;-;02;5;3;11;8;357860;2;3;;
3366;2022;16;4;1601;1601002;-;02;5;4;11;8;36500;2;3;;
3367;2022;16;4;1601;1601002;-;02;8;3;11;8;212000;2;3;;
3368;2022;16;4;1601;1601002;-;02;11;2;4;8;12900;2;3;;
3369;2022;16;4;1601;1601002;-;02;11;2;11;8;18900;2;3;;
3370;2022;16;4;1601;1601002;-;02;11;3;11;8;539240;2;3;;
3371;2022;16;4;1601;1601002;-;02;11;4;11;8;94000;2;3;;
3372;2022;16;4;1601;1601003;-;02;11;3;11;8;190000;2;3;;
3373;2022;16;4;1602;1602004;-;02;5;2;11;8;220750;2;3;;
3374;2022;16;5;1601;1601003;-;02;5;2;11;8;32000;2;3;;
3375;2022;16;5;1604;1604001;-;01;5;2;11;8;100000;4;4;;
3376;2022;16;5;1604;1604001;-;01;5;5;11;8;533200;2;3;;
3377;2022;16;5;1604;1604001;-;01;11;2;11;8;269000;2;3;;
3378;2022;16;5;1604;1604001;-;01;11;4;11;8;150000;2;3;;
3379;2022;16;5;1604;1604001;-;01;11;5;11;8;1143300;2;3;;
3380;2022;16;5;1604;1604001;-;02;5;2;11;8;693500;2;3;;
3381;2022;16;5;1604;1604001;-;02;5;3;11;8;628000;2;3;;
3382;2022;16;5;1604;1604001;-;02;5;4;11;8;180000;2;3;;
3383;2022;16;5;1604;1604001;-;02;5;5;11;8;443000;2;3;;
3384;2022;16;5;1604;1604001;-;02;11;2;11;8;12800;2;3;;
3385;2022;16;5;1604;1604001;-;02;11;3;11;8;255330;2;3;;
3386;2022;16;5;1604;1604001;-;02;11;4;11;8;222650;2;3;;
3387;2022;16;5;1604;1604001;-;02;12;5;11;8;20000;2;3;;
3388;2022;16;5;1604;1604001;-;16;5;3;11;8;102500;2;3;;
3389;2022;16;5;1604;1604002;-;02;5;2;11;8;331140;2;3;;
3390;2022;16;5;1604;1604002;-;02;5;3;11;8;956620;2;3;;
3391;2022;16;5;1604;1604002;-;02;5;4;11;8;555530;2;3;;
3392;2022;16;5;1604;1604002;-;02;8;4;11;8;88000;2;3;;
3393;2022;16;5;1604;1604002;-;02;11;2;11;8;156860;2;3;;
3394;2022;16;5;1604;1604002;-;02;11;3;11;8;538576;2;3;;
3395;2022;16;5;1604;1604003;-;01;5;2;11;8;63900;2;3;;
3396;2022;16;5;1604;1604003;-;02;2;4;11;8;812000;2;3;;
3397;2022;16;5;1604;1604003;-;02;5;2;11;8;616205;2;3;;
3398;2022;16;5;1604;1604003;-;02;5;3;11;8;120000;2;3;;
3399;2022;16;5;1604;1604003;-;02;5;4;11;8;407074;2;3;;
3400;2022;16;5;1604;1604003;-;02;8;5;11;8;765562;2;3;;
3401;2022;16;5;1604;1604003;-;02;11;2;11;8;94750;2;3;;
3402;2022;16;5;1604;1604003;-;02;11;3;11;8;240000;2;3;;
3403;2022;16;5;1604;1604003;-;02;11;5;11;8;326465;2;3;;
3404;2022;16;5;1604;1604004;-;01;5;3;11;8;1500000;2;3;;
3405;2022;16;5;1604;1604004;-;01;5;4;11;8;80000;2;3;;
3406;2022;16;5;1604;1604004;-;02;5;2;11;8;328245;2;3;;
3407;2022;16;5;1604;1604004;-;02;5;3;11;8;320000;2;3;;
3408;2022;16;5;1604;1604004;-;02;5;4;11;8;401500;2;3;;
3409;2022;16;5;1604;1604004;-;02;5;5;11;8;525000;2;3;;
3410;2022;16;5;1604;1604004;-;02;5;6;11;8;147799;2;3;;
3411;2022;16;5;1604;1604004;-;02;11;2;11;8;127020;2;3;;
3412;2022;16;5;1604;1604004;-;02;11;3;11;8;1915901;2;3;;
3413;2022;16;5;1604;1604005;-;02;5;2;11;8;440480;2;3;;
3414;2022;16;5;1604;1604005;-;02;5;3;11;8;146000;2;3;;
3415;2022;16;5;1604;1604005;-;02;5;4;11;8;694800;2;3;;
3416;2022;16;5;1604;1604005;-;02;11;2;11;8;75000;2;3;;
3417;2022;16;5;1604;1604005;-;02;11;3;11;8;518000;2;3;;
3418;2022;16;5;1604;1604005;-;02;11;4;11;8;105000;2;3;;
3419;2022;16;5;1604;1604006;-;01;5;5;11;8;1533000;2;3;;
3420;2022;16;5;1604;1604006;-;02;5;2;11;8;741000;2;3;;
3421;2022;16;5;1604;1604006;-;02;5;3;11;8;73000;2;3;;
3422;2022;16;5;1604;1604006;-;02;5;4;11;8;1420870;2;3;;
3423;2022;16;5;1604;1604006;-;02;5;5;11;8;2000000;2;3;;
3424;2022;16;5;1604;1604006;-;02;11;2;11;8;22995;2;3;;
3425;2022;16;5;1604;1604006;-;02;11;3;11;8;103000;2;3;;
3426;2022;16;5;1604;1604007;-;01;11;2;11;8;223380;2;3;;
3427;2022;16;5;1604;1604007;-;02;5;2;11;8;451440;2;3;;
3428;2022;16;5;1604;1604007;-;02;5;3;11;8;1102365;2;3;;
3429;2022;16;5;1604;1604007;-;02;5;4;11;8;118250;1;1;;
3430;2022;16;5;1604;1604007;-;02;5;4;11;8;584000;2;3;;
3431;2022;16;5;1604;1604007;-;02;8;2;11;8;600000;2;3;;
3432;2022;16;5;1604;1604007;-;02;11;2;11;8;103000;2;3;;
3433;2022;16;5;1604;1604007;-;02;11;3;11;8;892325;2;3;;
3434;2022;16;5;1604;1604007;-;02;14;5;11;8;270000;2;3;;
3435;2022;16;5;1607;1607004;-;02;5;2;11;8;36500;2;3;;
3436;2022;16;6;1605;1605001;-;02;5;2;11;8;70445;2;3;;
3437;2022;16;6;1605;1605001;-;02;5;3;11;8;43200;2;3;;
3438;2022;16;6;1605;1605002;-;02;5;2;11;8;146000;2;3;;
3439;2022;16;6;1605;1605002;-;02;11;2;11;8;18000;2;3;;
3440;2022;16;6;1605;1605003;-;01;5;2;11;8;380000;2;3;;
3441;2022;16;6;1605;1605003;-;01;5;2;11;9;113900;2;3;;
3442;2022;16;6;1605;1605003;-;01;8;2;11;8;20000;2;3;;
3443;2022;16;6;1605;1605003;-;02;5;2;11;8;95500;2;3;;
3444;2022;16;6;1605;1605004;-;02;5;2;11;8;40000;2;3;;
3445;2022;16;6;1605;1605004;-;02;5;3;11;8;59000;2;3;;
3446;2022;16;6;1605;1605006;-;02;5;2;11;8;107310;2;3;;
3447;2022;16;6;1605;1605006;-;02;5;4;11;8;365000;2;3;;
3448;2022;16;6;1605;1605006;-;02;11;3;11;8;30000;2;3;;
3449;2022;16;6;1606;1606005;-;01;5;2;11;8;29800;2;3;;
3450;2022;16;6;1606;1606005;-;01;5;2;11;9;45600;2;3;;
3451;2022;16;6;1606;1606005;-;02;5;2;11;8;22800;2;3;;
3452;2022;16;6;1606;1606005;-;02;5;3;11;8;275000;2;3;;
3453;2022;16;6;1606;1606005;-;02;11;2;11;8;55000;2;3;;
3454;2022;16;6;1606;1606005;-;02;11;3;11;8;200000;2;3;;
3455;2022;16;6;1606;1606005;-;02;14;3;11;8;900000;2;3;;
3456;2022;16;6;1607;1607001;-;02;5;2;11;8;212600;2;3;;
3457;2022;16;7;1607;1607001;-;02;3;4;4;8;159697;2;3;;
3458;2022;16;7;1607;1607003;-;02;5;4;11;8;109200;2;3;;
3459;2022;16;7;1607;1607003;-;02;8;3;11;8;354150;2;3;;
3460;2022;16;7;1607;1607003;-;02;11;3;11;8;175565;2;3;;
3461;2022;16;8;1602;1602001;-;02;5;2;11;8;23700;2;3;;
3462;2022;16;8;1603;1603001;-;01;5;2;11;8;146000;2;3;;
3463;2022;16;8;1603;1603001;-;02;5;2;11;8;345000;2;3;;
3464;2022;16;8;1603;1603002;-;01;11;2;11;8;195275;2;3;;
3465;2022;16;8;1603;1603002;-;02;5;2;11;8;56000;2;3;;
3466;2022;16;8;1603;1603003;-;01;5;3;11;8;15000;2;3;;
3467;2022;16;8;1603;1603003;-;02;5;2;11;8;305604;2;3;;
3468;2022;16;8;1603;1603003;-;02;11;2;11;8;152570;2;3;;
3469;2022;16;8;1603;1603004;-;01;5;3;11;9;225970;2;3;;
3470;2022;16;8;1603;1603004;-;02;11;3;11;8;112500;2;3;;
3471;2022;16;8;1603;1603005;-;02;5;3;11;8;85750;2;3;;
3472;2022;16;8;1603;1603006;-;01;5;3;11;8;10000;2;3;;
3473;2022;16;8;1603;1603006;-;02;5;2;11;8;40200;2;3;;
3474;2022;16;8;1603;1603006;-;02;11;2;11;8;30000;2;3;;
3475;2022;16;8;1606;1606001;-;02;5;2;11;8;36500;2;3;;
3476;2022;16;8;1606;1606001;-;02;8;2;11;8;195000;2;3;;
3477;2022;16;8;1606;1606002;-;02;5;2;11;8;72650;2;3;;
3478;2022;16;9;1602;1602001;-;01;5;7;11;8;349000;2;3;;
3479;2022;16;9;1602;1602001;-;02;5;3;11;8;597000;2;3;;
3480;2022;16;9;1602;1602001;-;02;8;5;11;8;248800;2;3;;
3481;2022;16;9;1602;1602001;-;02;11;4;11;8;273020;2;3;;
3482;2022;16;9;1602;1602002;-;02;5;4;11;8;310250;2;3;;
3483;2022;16;9;1602;1602003;-;01;11;3;11;8;76500;2;3;;
3484;2022;16;9;1602;1602003;-;02;5;2;11;8;157680;2;3;;
3485;2022;16;9;1602;1602003;-;02;5;3;11;8;463365;2;3;;
3486;2022;16;9;1602;1602003;-;02;8;2;11;8;60960;2;3;;
3487;2022;16;9;1602;1602003;-;02;11;2;11;8;321000;2;3;;
3488;2022;16;9;1602;1602003;-;02;11;3;11;8;200750;2;3;;
3489;2022;16;9;1602;1602003;-;02;11;4;11;8;310000;2;3;;
3490;2022;16;10;0;0;-;63;5;1;11;8;374400;1;1;;
3491;2022;17;5;1704;1704002;-;02;11;4;11;8;120264;2;3;;
3492;2022;17;7;1701;1701001;-;03;4;6;11;6;1310;2;3;;
3493;2022;17;7;1701;1701001;-;03;4;6;11;8;218975;2;3;;
3494;2022;17;7;1701;1701001;-;03;4;6;11;9;14362;2;3;;
3495;2022;17;8;1702;1702002;-;01;5;2;11;8;54750;2;3;;
3496;2022;17;8;1702;1702005;-;01;0;2;11;8;17000;2;3;;
3497;2022;17;8;1702;1702005;-;01;5;3;11;8;182500;2;3;;
3498;2022;17;8;1702;1702005;-;01;11;2;11;8;109500;2;3;;
3499;2022;17;8;1702;1702005;-;01;11;3;11;8;50250;2;3;;
3500;2022;17;8;1702;1702005;-;02;5;2;11;8;218600;2;3;;
3501;2022;17;8;1702;1702005;-;02;5;3;11;8;130000;2;3;;
3502;2022;17;8;1702;1702005;-;02;11;2;11;8;8900;2;3;;
3503;2022;17;8;1702;1702005;-;02;11;5;11;8;912500;2;3;;
3504;2022;17;8;1702;1702006;-;02;5;3;11;8;3000;2;3;;
3505;2022;17;9;1704;1704003;-;02;5;4;11;8;785027;2;3;;
3506;2022;17;9;1704;1704004;-;01;5;2;11;8;336440;1;1;;
3507;2022;17;9;1704;1704005;-;02;5;3;11;8;720000;2;3;;
3508;2022;17;9;1704;1704006;-;01;11;3;11;8;405764;2;3;;
3509;2022;17;10;0;0;-;63;5;1;11;8;1142925;1;1;;
3510;2022;17;10;1702;1702002;-;02;5;5;11;8;126000;2;3;;
3511;2022;17;10;1702;1702002;-;02;11;3;11;8;140000;2;3;;
3512;2022;17;10;1702;1702005;-;02;11;4;11;8;90000;2;3;;
3513;2022;17;10;1702;1702006;-;02;11;6;11;8;760570;2;3;;
3514;2022;17;11;1702;1702003;-;02;5;2;11;8;80000;2;3;;
3515;2022;17;11;1702;1702003;-;02;11;2;11;8;44600;2;3;;
3516;2022;17;11;1702;1702004;-;01;5;4;11;8;65000;2;3;;
3517;2022;17;11;1702;1702004;-;02;5;3;11;8;292000;2;3;;
3518;2022;17;11;1702;1702004;-;02;11;3;11;8;50000;2;3;;
3519;2022;17;11;1702;1702008;-;01;3;5;11;8;1400;2;3;;
3520;2022;17;11;1702;1702008;-;02;5;4;11;8;212000;2;3;;
3521;2022;18;6;0;0;-;63;5;1;11;8;5000;1;1;;
3522;2022;18;6;1802;1802001;-;02;5;2;11;8;20000;2;3;;
3523;2022;18;6;1802;1802002;-;02;5;2;11;8;27540;2;3;;
3524;2022;18;8;1803;1803005;-;02;11;5;11;8;620500;2;3;;
3525;2022;19;7;1901;1901005;-;02;11;2;11;8;54000;2;3;;
3526;2022;19;10;1903;1903001;-;01;5;2;11;8;73000;2;3;;
3527;2022;19;10;1903;1903001;-;63;5;1;11;6;20;1;1;;
3528;2022;19;10;1903;1903001;-;63;5;1;11;8;30;1;1;;
3529;2022;19;10;1903;1903002;-;01;8;2;11;8;90000;2;3;;
3530;2023;2;3;303;303004;-;02;5;2;11;8;5000;2;3;;
3531;2023;2;3;304;304002;-;01;11;2;4;8;60000;2;3;;
3532;2023;2;3;304;304002;-;01;11;2;11;8;22500;2;3;;
3533;2023;2;8;314;314001;-;01;5;2;11;8;3000;2;3;;
3534;2023;2;8;314;314001;-;01;5;3;11;8;2000;2;3;;
3535;2023;2;8;314;314008;-;02;11;2;11;8;15800;2;3;;
3536;2023;2;10;308;308002;-;01;5;2;11;8;70000;2;3;;
3537;2023;2;10;308;308005;-;02;11;2;11;8;250000;2;3;;
3538;2023;2;10;308;308005;-;02;11;3;11;8;233600;2;3;;
3539;2023;2;10;309;309001;-;02;5;2;11;8;21550;2;3;;
3540;2023;2;10;309;309003;-;02;5;2;11;8;54750;2;3;;
3541;2023;2;10;309;309004;-;01;11;2;11;9;70000;2;3;;
3542;2023;2;11;307;307001;-;02;5;2;11;8;16500;2;3;;
3543;2023;2;19;315;315008;-;02;9;2;11;8;30000;2;3;;
3544;2023;2;24;315;315005;-;02;11;2;11;6;4800;2;3;;
3545;2023;2;24;315;315005;-;02;11;2;11;7;2400;2;3;;
3546;2023;2;24;315;315005;-;02;11;2;11;8;45000;2;3;;
3547;2023;4;2;505;505004;-;01;5;3;11;8;122000;2;3;;
3548;2023;4;2;505;505004;-;02;5;3;11;8;20000;2;3;;
3549;2023;4;2;505;505006;-;02;5;4;11;8;401500;2;3;;
3550;2023;4;2;505;505006;-;02;11;2;11;8;36000;2;3;;
3551;2023;4;2;505;505006;-;02;11;3;11;8;200000;2;3;;
3552;2023;4;2;505;505006;-;02;11;4;11;8;79200;2;3;;
3553;2023;4;5;503;503006;-;02;11;3;11;8;11000;2;3;;
3554;2023;4;5;505;505003;-;01;5;2;11;8;73000;4;4;;
3555;2023;4;5;505;505003;-;02;11;3;11;8;80000;2;3;;
3556;2023;4;5;505;505005;-;02;11;4;11;8;417615;2;3;;
3557;2023;4;5;505;505005;-;02;11;5;11;8;451200;2;3;;
3558;2023;4;5;506;506005;-;01;11;2;11;8;65500;2;3;;
3559;2023;4;5;506;506005;-;01;11;3;11;8;161713;2;3;;
3560;2023;4;5;506;506005;-;02;5;2;11;8;52000;2;3;;
3561;2023;4;5;506;506005;-;02;5;4;11;8;1038500;2;3;;
3562;2023;4;5;506;506005;-;02;11;3;11;8;385000;2;3;;
3563;2023;4;5;506;506005;-;02;11;4;11;8;178850;2;3;;
3564;2023;4;5;506;506005;-;02;11;5;11;8;650335;2;3;;
3565;2023;4;5;506;506006;-;02;1;4;11;8;272000;2;3;;
3566;2023;4;5;506;506006;-;02;1;4;11;9;30200;2;3;;
3567;2023;4;5;506;506006;-;02;5;2;11;8;27000;2;3;;
3568;2023;4;5;506;506006;-;02;5;3;11;8;219000;2;3;;
3569;2023;4;5;506;506006;-;02;11;3;11;8;279000;2;3;;
3570;2023;4;6;506;506003;-;01;11;2;4;8;15830;2;3;;
3571;2023;4;6;506;506003;-;02;5;2;11;8;140600;2;3;;
3572;2023;4;6;506;506003;-;02;5;3;11;8;24000;2;3;;
3573;2023;4;6;506;506003;-;02;9;2;11;8;32086;2;3;;
3574;2023;4;6;506;506003;-;02;9;2;11;9;3080;2;3;;
3575;2023;4;6;506;506004;-;01;12;2;4;8;3750;2;3;;
3576;2023;4;6;506;506004;-;01;12;2;11;8;32400;2;3;;
3577;2023;4;6;506;506004;-;02;11;2;11;8;62000;2;3;;
3578;2023;4;6;506;506004;-;02;11;3;11;8;192000;2;3;;
3579;2023;4;6;506;506004;-;02;11;4;11;8;260000;2;3;;
3580;2023;4;6;506;506005;-;02;5;2;11;8;180000;2;3;;
3581;2023;4;6;506;506005;-;02;5;3;11;8;1000;2;3;;
3582;2023;4;6;506;506005;-;02;5;3;11;9;1000;2;3;;
3583;2023;4;6;506;506005;-;02;11;2;11;8;376696;2;3;;
3584;2023;4;6;506;506006;-;02;12;3;11;8;554000;2;3;;
3585;2023;4;6;506;506009;-;02;8;2;11;8;146000;2;3;;
3586;2023;4;7;504;504001;-;02;11;3;11;8;570000;2;3;;
3587;2023;4;8;0;0;-;18;5;1;11;8;500;1;1;;
3588;2023;4;8;0;0;-;18;5;1;11;9;500;1;1;;
3589;2023;4;9;502;502003;-;01;5;3;11;8;140000;2;3;;
3590;2023;4;9;502;502003;-;01;8;3;11;8;120400;2;3;;
3591;2023;4;9;502;502003;-;02;8;3;11;8;141300;2;3;;
3592;2023;4;9;502;502003;-;02;11;4;11;8;662000;2;3;;
3593;2023;4;9;502;502004;-;01;5;3;11;8;50200;2;3;;
3594;2023;4;11;501;501002;-;01;5;2;11;8;28000;2;3;;
3595;2023;4;11;501;501002;-;02;8;6;11;8;2698500;2;3;;
3596;2023;4;12;502;502004;-;02;11;3;11;8;199620;2;3;;
3597;2023;4;12;503;503002;-;02;5;2;11;8;90000;2;3;;
3598;2023;4;13;0;0;-;63;5;1;11;8;79000;1;1;;
3599;2023;4;13;503;503003;-;02;5;3;11;8;47000;2;3;;
3600;2023;4;13;503;503003;-;02;5;4;11;8;109500;2;3;;
3601;2023;4;13;503;503003;-;02;11;2;11;8;310250;2;3;;
3602;2023;4;13;503;503003;-;64;11;2;11;8;160000;4;4;;
3603;2023;4;13;503;503007;-;01;11;4;11;8;14123;2;3;;
3604;2023;4;13;503;503007;-;02;5;2;11;8;36500;2;3;;
3605;2023;4;13;503;503007;-;02;5;3;11;8;219224;2;3;;
3606;2023;4;13;503;503007;-;02;5;4;11;8;255550;2;3;;
3607;2023;4;13;503;503007;-;02;11;3;11;8;105850;2;3;;
3608;2023;4;13;503;503007;-;02;11;4;11;8;50000;2;3;;
3609;2023;4;14;502;502006;-;02;5;3;11;8;54750;2;3;;
3610;2023;4;14;503;503004;-;02;11;2;11;8;167170;2;3;;
3611;2023;4;14;504;504002;-;02;11;2;11;8;205400;2;3;;
3612;2023;4;14;504;504005;-;02;11;5;11;8;110000;2;3;;
3613;2023;4;14;506;506001;-;01;5;5;11;8;135000;2;3;;
3614;2023;4;14;506;506001;-;02;5;2;11;8;36500;2;3;;
3615;2023;4;14;506;506001;-;02;5;4;11;8;248000;2;3;;
3616;2023;4;16;501;501002;-;02;13;2;11;8;270500;2;3;;
3617;2023;4;16;504;504006;-;01;5;2;11;8;155000;2;3;;
3618;2023;4;16;504;504006;-;02;5;3;11;8;255000;2;3;;
3619;2023;4;16;504;504006;-;02;5;4;11;8;389000;2;3;;
3620;2023;4;16;504;504006;-;02;12;3;11;8;126510;2;3;;
3621;2023;4;16;506;506001;-;01;5;3;11;8;36281;2;3;;
3622;2023;4;16;506;506002;-;02;11;5;11;8;310250;2;3;;
3623;2023;4;16;506;506007;-;02;11;2;11;8;137800;2;3;;
3624;2023;4;16;506;506007;-;02;11;4;11;8;440000;2;3;;
3625;2023;4;16;506;506008;-;01;5;2;11;8;135000;2;3;;
3626;2023;4;17;503;503005;-;02;5;2;11;8;29200;2;3;;
3627;2023;4;17;503;503005;-;02;5;3;11;8;243620;2;3;;
3628;2023;4;17;503;503005;-;02;11;2;11;8;36000;2;3;;
3629;2023;4;17;503;503006;-;01;5;2;11;8;146000;2;3;;
3630;2023;4;17;503;503006;-;01;11;4;11;8;364000;2;3;;
3631;2023;4;17;503;503006;-;01;14;5;11;8;81760;2;3;;
3632;2023;4;17;503;503006;-;02;5;2;11;8;36500;2;3;;
3633;2023;4;17;503;503006;-;02;5;3;11;8;233600;2;3;;
3634;2023;4;17;503;503006;-;02;5;4;11;8;505300;2;3;;
3635;2023;4;17;503;503006;-;02;11;3;11;8;178200;2;3;;
3636;2023;4;17;503;503007;-;02;5;2;11;8;40150;2;3;;
3637;2023;4;17;503;503007;-;02;11;2;11;8;72000;2;3;;
3638;2023;4;17;503;503007;-;02;11;3;11;8;75000;2;3;;
3639;2023;4;17;505;505001;-;01;5;6;11;8;135000;2;3;;
3640;2023;4;17;505;505001;-;02;5;5;11;8;255500;2;3;;
3641;2023;4;17;505;505001;-;02;11;2;11;8;53000;2;3;;
3642;2023;4;17;505;505004;-;02;5;4;11;8;328500;2;3;;
3643;2023;4;17;505;505004;-;02;5;5;11;8;730000;2;3;;
3644;2023;4;17;505;505004;-;02;11;4;11;8;546000;2;3;;
3645;2023;4;17;505;505004;-;02;11;4;11;9;438000;2;3;;
3646;2023;4;17;505;505006;-;02;5;5;11;8;610000;2;3;;
3647;2023;4;17;505;505006;-;02;11;3;11;8;730000;2;3;;
3648;2023;4;18;505;505001;-;01;5;3;11;8;109500;2;3;;
3649;2023;4;18;505;505001;-;01;11;2;11;8;115000;2;3;;
3650;2023;4;18;505;505001;-;01;11;5;11;8;301000;2;3;;
3651;2023;4;18;505;505001;-;02;5;2;11;8;180000;2;3;;
3652;2023;4;18;505;505001;-;02;5;4;11;8;150000;2;3;;
3653;2023;4;18;505;505001;-;02;11;5;11;8;338313;2;3;;
3654;2023;4;18;505;505002;-;01;5;3;11;8;107000;2;3;;
3655;2023;4;18;505;505002;-;01;11;3;11;8;737200;2;3;;
3656;2023;4;18;505;505002;-;01;11;4;11;8;102000;2;3;;
3657;2023;4;18;505;505002;-;01;11;6;11;8;21600;2;3;;
3658;2023;4;18;505;505002;-;02;5;5;11;8;620500;2;3;;
3659;2023;4;18;505;505002;-;02;11;2;11;8;72000;2;3;;
3660;2023;4;18;505;505002;-;02;11;3;11;8;700;2;3;;
3661;2023;4;18;505;505002;-;02;11;4;11;8;680000;2;3;;
3662;2023;4;18;505;505003;-;01;5;4;11;8;255500;2;3;;
3663;2023;4;18;505;505003;-;02;5;3;11;8;145000;2;3;;
3664;2023;4;18;505;505003;-;02;5;4;11;8;91250;2;3;;
3665;2023;4;18;505;505003;-;02;8;6;11;8;799532;2;3;;
3666;2023;4;18;505;505003;-;02;11;4;11;8;411115;2;3;;
3667;2023;4;18;505;505003;-;02;11;5;11;8;72000;2;3;;
3668;2023;4;18;505;505005;-;01;5;3;11;8;146000;2;3;;
3669;2023;4;18;505;505005;-;01;11;5;11;8;230000;2;3;;
3670;2023;4;18;505;505005;-;02;5;2;11;8;51200;2;3;;
3671;2023;4;18;505;505005;-;02;11;2;11;8;182500;2;3;;
3672;2023;4;18;505;505005;-;02;11;3;11;8;130000;2;3;;
3673;2023;5;2;601;601004;-;02;12;5;11;9;140150083;2;3;;
3674;2023;5;2;601;601004;-;02;12;8;11;9;24506786;2;3;;
3675;2023;5;2;602;602002;-;02;5;2;11;8;78000;2;3;;
3676;2023;5;13;601;601006;-;02;5;2;11;8;49000;2;3;;
3677;2023;6;3;702;702001;-;01;11;4;11;8;80000;2;3;;
3678;2023;6;4;701;701003;-;01;11;3;11;8;23000;2;3;;
3679;2023;6;4;701;701003;-;02;5;2;11;8;95000;2;3;;
3680;2023;6;4;701;701003;-;02;11;2;11;8;36000;2;3;;
3681;2023;6;4;701;701004;-;02;5;4;11;8;600;2;3;;
3682;2023;6;4;701;701005;-;02;5;3;11;8;241475;2;3;;
3683;2023;6;4;701;701005;-;02;5;4;11;8;335000;2;3;;
3684;2023;6;4;701;701005;-;02;5;5;11;8;52963;2;3;;
3685;2023;6;5;702;702005;-;16;11;2;11;8;7000;2;3;;
3686;2023;6;7;702;702001;-;02;5;2;11;8;68796;2;3;;
3687;2023;6;7;702;702001;-;02;5;3;11;8;180;2;3;;
3688;2023;6;7;702;702001;-;02;6;3;11;8;54000;2;3;;
3689;2023;6;9;701;701004;-;02;5;3;11;8;75000;2;3;;
3690;2023;6;9;701;701004;-;02;11;4;11;8;80000;2;3;;
3691;2023;6;9;701;701005;-;02;11;2;11;8;42000;2;3;;
3692;2023;7;2;804;804003;-;02;11;5;11;8;300000;2;3;;
3693;2023;7;2;804;804004;-;01;5;2;11;8;36500;2;3;;
3694;2023;7;2;804;804004;-;02;5;2;11;8;134500;2;3;;
3695;2023;7;2;804;804004;-;02;5;3;11;8;201600;2;3;;
3696;2023;7;2;804;804004;-;02;8;4;11;8;198000;2;3;;
3697;2023;7;2;804;804004;-;02;8;4;11;9;172300;2;3;;
3698;2023;7;2;804;804004;-;02;11;4;11;8;192000;2;3;;
3699;2023;7;2;804;804004;-;02;11;4;11;9;102000;2;3;;
3700;2023;7;3;805;805006;-;02;9;5;11;8;210000;2;3;;
3701;2023;7;4;801;801003;-;01;11;3;11;8;40000;2;3;;
3702;2023;7;5;805;805002;-;02;5;2;11;8;42000;2;3;;
3703;2023;7;5;805;805007;-;02;9;3;11;8;51600;2;3;;
3704;2023;7;13;801;801006;-;02;11;5;11;8;70000;2;3;;
3705;2023;8;2;0;0;-;18;11;1;11;8;4500;1;1;;
3706;2023;8;2;0;0;-;18;11;1;11;9;600;1;1;;
3707;2023;8;3;904;904003;-;01;5;2;11;8;40050;2;3;;
3708;2023;8;3;905;905003;-;02;5;2;11;8;50000;2;3;;
3709;2023;8;4;903;903005;-;64;13;5;11;8;79619;3;4;;
3710;2023;8;13;905;905005;-;02;8;2;11;8;64000;2;3;;
3711;2023;8;13;906;906001;-;01;11;3;4;8;8000;4;4;;
3712;2023;9;2;1003;1003004;-;02;5;3;4;8;3200;2;3;;
3713;2023;9;6;1003;1003006;-;02;2;5;11;6;143810;2;3;;
3714;2023;9;6;1003;1003006;-;02;2;5;11;8;1213425;2;3;;
3715;2023;9;6;1003;1003006;-;02;2;5;11;9;2041373;2;3;;
3716;2023;9;12;1002;1002006;-;02;5;2;11;8;4000;2;3;;
3717;2023;9;12;1002;1002006;-;02;5;2;11;9;1000;2;3;;
3718;2023;10;18;101;101002;-;02;5;2;11;8;36000;2;3;;
3719;2023;11;6;1101;1101004;-;01;5;2;11;8;52000;2;3;;
3720;2023;11;6;1101;1101004;-;01;5;5;11;8;182500;1;1;;
3721;2023;11;6;1101;1101004;-;01;5;5;4;8;146000;2;3;;
3722;2023;11;6;1101;1101004;-;01;5;5;11;8;146000;2;3;;
3723;2023;11;6;1101;1101004;-;02;5;3;11;8;216000;2;3;;
3724;2023;11;6;1101;1101005;-;01;11;5;11;8;219000;2;3;;
3725;2023;11;11;1102;1102008;-;01;5;5;11;8;6300;2;3;;
3726;2023;12;3;1203;1203004;-;02;5;3;11;8;50500;2;3;;
3727;2023;12;3;1203;1203004;-;02;11;4;11;8;106500;2;3;;
3728;2023;12;3;1203;1203005;-;02;5;3;11;8;28800;2;3;;
3729;2023;12;3;1203;1203005;-;02;11;3;11;8;93600;2;3;;
3730;2023;12;4;0;0;-;63;5;1;11;8;67045;1;1;;
3731;2023;12;5;1201;1201001;-;01;11;3;11;6;10;2;3;;
3732;2023;12;5;1201;1201001;-;01;11;3;11;7;3;2;3;;
3733;2023;12;5;1201;1201001;-;01;11;3;11;8;43277;2;3;;
3734;2023;12;5;1201;1201002;-;63;11;1;11;8;244700;1;1;;
3735;2023;12;5;1201;1201003;-;02;11;2;11;8;177660;2;3;;
3736;2023;14;3;1401;1401006;-;02;5;3;11;8;36000;2;3;;
3737;2023;14;4;1402;1402006;-;01;5;2;11;8;129600;2;3;;
3738;2023;14;4;1402;1402006;-;01;5;2;11;9;24000;2;3;;
3739;2023;14;4;1402;1402006;-;02;5;2;11;8;26000;2;3;;
3740;2023;14;4;1402;1402006;-;02;5;4;11;8;50000;2;3;;
3741;2023;14;4;1404;1404003;-;01;11;3;11;8;54000;2;3;;
3742;2023;14;4;1404;1404007;-;01;5;4;11;8;42500;2;3;;
3743;2023;14;8;1404;1404005;-;02;5;3;11;8;127750;2;3;;
3744;2023;14;8;1405;1405002;-;01;5;5;11;8;73000;2;3;;
3745;2023;14;10;1403;1403007;-;01;8;5;11;8;190000;2;3;;
3746;2023;14;12;1405;1405001;-;02;5;4;11;8;109500;2;3;;
3747;2023;15;4;1505;1505003;-;01;14;2;11;8;12720;2;3;;
3748;2023;15;6;1504;1504005;-;02;5;6;11;8;40000;2;3;;
3749;2023;15;7;1503;1503004;-;02;5;5;11;8;128000;2;3;;
3750;2023;16;1;1605;1605001;-;02;11;3;11;8;158000;2;3;;
3751;2023;16;1;1605;1605002;-;01;5;2;11;8;32000;2;3;;
3752;2023;16;1;1605;1605002;-;02;5;2;11;8;12000;2;3;;
3753;2023;16;1;1605;1605002;-;02;11;2;11;8;24000;2;3;;
3754;2023;16;3;1601;1601001;-;02;5;3;11;8;130000;2;3;;
3755;2023;16;3;1601;1601002;-;02;5;4;11;8;180000;2;3;;
3756;2023;16;3;1601;1601003;-;02;2;4;11;8;170000;2;3;;
3757;2023;16;3;1601;1601003;-;02;5;2;11;8;565300;2;3;;
3758;2023;16;3;1601;1601003;-;02;5;3;11;8;1950825;2;3;;
3759;2023;16;3;1601;1601003;-;02;5;4;11;8;911650;2;3;;
3760;2023;16;3;1601;1601003;-;02;5;5;11;8;270830;2;3;;
3761;2023;16;3;1601;1601003;-;02;11;2;11;8;70000;2;3;;
3762;2023;16;3;1601;1601003;-;02;11;3;11;8;446370;2;3;;
3763;2023;16;3;1601;1601004;-;02;5;2;11;8;81760;2;3;;
3764;2023;16;3;1601;1601004;-;02;5;3;11;8;816000;2;3;;
3765;2023;16;3;1601;1601004;-;02;11;2;11;8;180920;2;3;;
3766;2023;16;3;1601;1601005;-;02;5;2;11;8;249988;2;3;;
3767;2023;16;3;1601;1601005;-;02;5;4;11;8;175200;2;3;;
3768;2023;16;3;1601;1601005;-;02;8;2;11;8;44895;2;3;;
3769;2023;16;3;1601;1601005;-;02;11;2;11;8;36000;2;3;;
3770;2023;16;3;1601;1601005;-;02;14;4;11;8;328500;2;3;;
3771;2023;16;3;1601;1601006;-;02;5;2;11;8;22995;2;3;;
3772;2023;16;3;1601;1601006;-;02;5;3;11;8;326880;2;3;;
3773;2023;16;3;1601;1601006;-;02;11;2;11;8;127020;2;3;;
3774;2023;16;3;1601;1601006;-;02;11;3;11;8;438500;2;3;;
3775;2023;16;3;1602;1602004;-;01;11;2;11;8;50000;2;3;;
3776;2023;16;3;1602;1602004;-;02;5;2;11;8;625630;2;3;;
3777;2023;16;3;1602;1602004;-;02;5;3;11;8;319740;2;3;;
3778;2023;16;3;1602;1602004;-;02;5;4;11;8;754820;2;3;;
3779;2023;16;3;1602;1602004;-;02;5;5;11;9;250000;2;3;;
3780;2023;16;3;1602;1602004;-;02;11;2;11;8;443740;2;3;;
3781;2023;16;3;1605;1605004;-;02;5;2;11;8;85000;2;3;;
3782;2023;16;3;1605;1605004;-;02;11;2;11;8;96360;2;3;;
3783;2023;16;4;1601;1601001;-;01;5;2;11;8;212065;2;3;;
3784;2023;16;4;1601;1601001;-;02;5;2;11;8;284320;2;3;;
3785;2023;16;4;1601;1601001;-;02;5;3;11;8;509070;2;3;;
3786;2023;16;4;1601;1601001;-;02;5;4;11;8;551250;2;3;;
3787;2023;16;4;1601;1601001;-;02;8;2;11;8;22000;2;3;;
3788;2023;16;4;1601;1601001;-;02;11;3;11;8;105840;2;3;;
3789;2023;16;4;1601;1601001;-;02;11;4;11;8;844000;2;3;;
3790;2023;16;4;1601;1601002;-;02;5;2;11;8;445670;2;3;;
3791;2023;16;4;1601;1601002;-;02;5;3;11;8;165345;2;3;;
3792;2023;16;4;1601;1601002;-;02;5;4;11;8;39420;2;3;;
3793;2023;16;4;1601;1601002;-;02;8;3;11;8;215350;2;3;;
3794;2023;16;4;1601;1601002;-;02;11;2;4;8;14900;2;3;;
3795;2023;16;4;1601;1601002;-;02;11;2;11;8;28450;2;3;;
3796;2023;16;4;1601;1601002;-;02;11;3;11;8;481210;2;3;;
3797;2023;16;4;1601;1601002;-;02;11;4;11;8;95000;2;3;;
3798;2023;16;4;1601;1601003;-;02;11;3;11;8;237250;2;3;;
3799;2023;16;4;1602;1602004;-;02;5;2;11;8;184800;2;3;;
3800;2023;16;5;1601;1601003;-;02;5;2;11;8;26000;2;3;;
3801;2023;16;5;1604;1604001;-;01;5;5;11;8;530323;2;3;;
3802;2023;16;5;1604;1604001;-;01;11;2;11;8;154000;2;3;;
3803;2023;16;5;1604;1604001;-;01;11;4;11;8;148500;2;3;;
3804;2023;16;5;1604;1604001;-;01;11;5;11;8;1059000;2;3;;
3805;2023;16;5;1604;1604001;-;02;5;2;11;8;748250;2;3;;
3806;2023;16;5;1604;1604001;-;02;5;3;11;8;380000;2;3;;
3807;2023;16;5;1604;1604001;-;02;5;4;11;8;130000;2;3;;
3808;2023;16;5;1604;1604001;-;02;11;2;11;8;18000;2;3;;
3809;2023;16;5;1604;1604001;-;02;11;3;11;8;269200;2;3;;
3810;2023;16;5;1604;1604001;-;02;12;5;11;8;145000;2;3;;
3811;2023;16;5;1604;1604001;-;16;5;3;11;8;102000;2;3;;
3812;2023;16;5;1604;1604002;-;02;5;2;11;8;479070;2;3;;
3813;2023;16;5;1604;1604002;-;02;5;3;11;8;919300;2;3;;
3814;2023;16;5;1604;1604002;-;02;5;4;11;8;534510;2;3;;
3815;2023;16;5;1604;1604002;-;02;8;4;11;8;85000;2;3;;
3816;2023;16;5;1604;1604002;-;02;11;2;11;8;171300;2;3;;
3817;2023;16;5;1604;1604002;-;02;11;3;11;8;576895;2;3;;
3818;2023;16;5;1604;1604003;-;01;5;2;11;8;53800;2;3;;
3819;2023;16;5;1604;1604003;-;02;2;4;11;8;795000;2;3;;
3820;2023;16;5;1604;1604003;-;02;5;2;11;8;532060;2;3;;
3821;2023;16;5;1604;1604003;-;02;5;3;11;8;96000;2;3;;
3822;2023;16;5;1604;1604003;-;02;5;4;11;8;395000;2;3;;
3823;2023;16;5;1604;1604003;-;02;8;5;11;8;874500;2;3;;
3824;2023;16;5;1604;1604003;-;02;11;3;11;8;900000;2;3;;
3825;2023;16;5;1604;1604003;-;02;11;5;11;8;342735;2;3;;
3826;2023;16;5;1604;1604004;-;01;5;4;11;8;80000;2;3;;
3827;2023;16;5;1604;1604004;-;01;11;3;11;8;1600000;2;3;;
3828;2023;16;5;1604;1604004;-;02;5;2;11;8;347400;2;3;;
3829;2023;16;5;1604;1604004;-;02;5;3;11;8;140000;2;3;;
3830;2023;16;5;1604;1604004;-;02;5;4;11;8;380000;2;3;;
3831;2023;16;5;1604;1604004;-;02;5;5;11;8;826417;2;3;;
3832;2023;16;5;1604;1604004;-;02;11;2;11;8;90520;2;3;;
3833;2023;16;5;1604;1604004;-;02;11;3;11;8;1532244;2;3;;
3834;2023;16;5;1604;1604005;-;02;5;2;11;8;398795;2;3;;
3835;2023;16;5;1604;1604005;-;02;5;3;11;8;146000;2;3;;
3836;2023;16;5;1604;1604005;-;02;5;4;11;8;432155;2;3;;
3837;2023;16;5;1604;1604005;-;02;5;5;11;8;215000;2;3;;
3838;2023;16;5;1604;1604005;-;02;11;2;11;8;73500;2;3;;
3839;2023;16;5;1604;1604005;-;02;11;3;11;8;491000;2;3;;
3840;2023;16;5;1604;1604005;-;02;11;4;11;8;105000;2;3;;
3841;2023;16;5;1604;1604006;-;01;5;5;11;8;1672795;2;3;;
3842;2023;16;5;1604;1604006;-;01;11;2;11;8;21600;2;3;;
3843;2023;16;5;1604;1604006;-;02;5;2;11;8;715000;2;3;;
3844;2023;16;5;1604;1604006;-;02;5;3;11;8;73000;2;3;;
3845;2023;16;5;1604;1604006;-;02;5;4;11;8;1460787;2;3;;
3846;2023;16;5;1604;1604006;-;02;5;5;11;8;1800000;2;3;;
3847;2023;16;5;1604;1604006;-;02;11;2;11;8;25200;2;3;;
3848;2023;16;5;1604;1604006;-;02;11;3;11;8;99500;2;3;;
3849;2023;16;5;1604;1604007;-;01;11;2;11;8;272160;2;3;;
3850;2023;16;5;1604;1604007;-;02;5;2;11;8;329340;2;3;;
3851;2023;16;5;1604;1604007;-;02;5;3;4;8;185000;2;3;;
3852;2023;16;5;1604;1604007;-;02;5;3;11;8;714042;2;3;;
3853;2023;16;5;1604;1604007;-;02;5;4;11;8;794000;2;3;;
3854;2023;16;5;1604;1604007;-;02;8;2;11;8;700000;2;3;;
3855;2023;16;5;1604;1604007;-;02;11;2;11;8;206300;2;3;;
3856;2023;16;5;1604;1604007;-;02;11;3;11;8;874720;2;3;;
3857;2023;16;5;1604;1604007;-;02;14;5;11;9;275000;2;3;;
3858;2023;16;5;1607;1607004;-;02;5;2;11;8;32000;2;3;;
3859;2023;16;6;1605;1605001;-;02;5;2;11;8;68985;2;3;;
3860;2023;16;6;1605;1605001;-;02;5;3;11;8;61200;2;3;;
3861;2023;16;6;1605;1605001;-;63;5;1;11;8;19500;1;1;;
3862;2023;16;6;1605;1605002;-;02;5;2;11;8;15000;2;3;;
3863;2023;16;6;1605;1605002;-;02;11;2;11;8;20000;2;3;;
3864;2023;16;6;1605;1605003;-;01;5;2;11;8;372200;2;3;;
3865;2023;16;6;1605;1605003;-;01;5;2;11;9;112600;2;3;;
3866;2023;16;6;1605;1605003;-;01;8;2;11;8;18000;2;3;;
3867;2023;16;6;1605;1605003;-;02;5;2;11;8;95700;2;3;;
3868;2023;16;6;1605;1605004;-;02;5;2;11;8;36000;2;3;;
3869;2023;16;6;1605;1605004;-;02;5;3;11;8;59000;2;3;;
3870;2023;16;6;1605;1605006;-;02;5;2;11;8;178063;2;3;;
3871;2023;16;6;1605;1605006;-;02;5;4;11;8;850000;2;3;;
3872;2023;16;6;1605;1605006;-;02;11;3;11;8;109500;2;3;;
3873;2023;16;6;1606;1606005;-;01;5;2;11;8;29400;2;3;;
3874;2023;16;6;1606;1606005;-;01;5;2;11;9;193000;2;3;;
3875;2023;16;6;1606;1606005;-;02;5;2;11;8;201780;2;3;;
3876;2023;16;6;1606;1606005;-;02;5;3;11;9;285000;2;3;;
3877;2023;16;6;1606;1606005;-;02;11;2;11;8;55000;2;3;;
3878;2023;16;6;1606;1606005;-;02;11;3;11;8;200000;2;3;;
3879;2023;16;6;1606;1606005;-;02;14;3;11;9;275000;1;1;;
3880;2023;16;6;1606;1606005;-;02;14;3;11;8;700000;2;3;;
3881;2023;16;6;1607;1607001;-;02;5;2;11;8;252600;2;3;;
3882;2023;16;7;1606;1606004;-;02;5;3;11;8;54700;2;3;;
3883;2023;16;7;1607;1607001;-;02;3;4;4;8;142060;2;3;;
3884;2023;16;7;1607;1607003;-;02;5;3;11;8;119600;2;3;;
3885;2023;16;7;1607;1607003;-;02;8;3;4;8;3540;2;3;;
3886;2023;16;7;1607;1607003;-;02;8;3;11;8;427535;2;3;;
3887;2023;16;7;1607;1607003;-;02;11;3;11;8;233620;2;3;;
3888;2023;16;8;1602;1602001;-;02;5;2;11;8;21600;2;3;;
3889;2023;16;8;1603;1603001;-;02;5;2;11;8;428000;2;3;;
3890;2023;16;8;1603;1603002;-;01;11;2;11;8;186880;2;3;;
3891;2023;16;8;1603;1603003;-;01;5;3;11;8;14000;2;3;;
3892;2023;16;8;1603;1603003;-;02;5;2;11;8;296604;2;3;;
3893;2023;16;8;1603;1603003;-;02;11;2;11;8;147410;2;3;;
3894;2023;16;8;1603;1603003;-;40;5;2;11;8;60000;4;6;;
3895;2023;16;8;1603;1603003;-;40;5;2;11;9;23000;4;6;;
3896;2023;16;8;1603;1603004;-;01;5;3;11;9;230970;2;3;;
3897;2023;16;8;1603;1603005;-;01;5;2;11;8;70000;2;3;;
3898;2023;16;8;1603;1603005;-;02;5;3;11;8;63220;2;3;;
3899;2023;16;8;1603;1603006;-;02;5;2;11;8;40615;2;3;;
3900;2023;16;8;1603;1603006;-;02;11;2;11;8;29200;2;3;;
3901;2023;16;8;1606;1606001;-;02;5;2;11;8;36500;2;3;;
3902;2023;16;8;1606;1606001;-;02;8;3;11;8;270000;2;3;;
3903;2023;16;8;1606;1606002;-;02;5;2;11;8;64000;2;3;;
3904;2023;16;9;1602;1602001;-;01;5;7;11;8;292000;2;3;;
3905;2023;16;9;1602;1602001;-;02;5;3;11;8;776000;2;3;;
3906;2023;16;9;1602;1602001;-;02;8;5;11;8;265017;2;3;;
3907;2023;16;9;1602;1602001;-;02;11;4;11;8;357700;2;3;;
3908;2023;16;9;1602;1602002;-;02;5;4;11;8;31750;2;3;;
3909;2023;16;9;1602;1602003;-;01;11;3;11;8;75000;2;3;;
3910;2023;16;9;1602;1602003;-;02;5;2;11;8;174420;2;3;;
3911;2023;16;9;1602;1602003;-;02;5;3;11;8;548695;2;3;;
3912;2023;16;9;1602;1602003;-;02;8;2;11;8;60960;2;3;;
3913;2023;16;9;1602;1602003;-;02;11;2;11;8;180000;2;3;;
3914;2023;16;9;1602;1602003;-;02;11;3;11;8;432500;2;3;;
3915;2023;16;10;0;0;-;63;5;1;11;8;366080;1;1;;
3916;2023;17;3;1701;1701004;-;02;5;4;11;8;445000;2;3;;
3917;2023;17;3;1701;1701004;-;02;5;4;11;9;65000;2;3;;
3918;2023;17;5;1704;1704002;-;02;11;4;11;8;112430;2;3;;
3919;2023;17;6;1702;1702006;-;02;5;2;11;8;4800;2;3;;
3920;2023;17;7;1701;1701001;-;03;4;6;11;6;1066;2;3;;
3921;2023;17;7;1701;1701001;-;03;4;6;11;8;167030;2;3;;
3922;2023;17;7;1701;1701001;-;03;4;6;11;9;10312;2;3;;
3923;2023;17;8;1702;1702002;-;01;5;2;11;8;55000;2;3;;
3924;2023;17;8;1702;1702005;-;01;0;2;11;8;17000;2;3;;
3925;2023;17;8;1702;1702005;-;01;5;3;11;8;182500;2;3;;
3926;2023;17;8;1702;1702005;-;01;11;2;11;8;146960;2;3;;
3927;2023;17;8;1702;1702005;-;01;11;3;11;8;40000;2;3;;
3928;2023;17;8;1702;1702005;-;02;5;2;11;8;93590;2;3;;
3929;2023;17;8;1702;1702005;-;02;5;3;11;8;130000;2;3;;
3930;2023;17;8;1702;1702005;-;02;5;4;11;8;110000;2;3;;
3931;2023;17;8;1702;1702005;-;02;11;2;11;8;3000;2;3;;
3932;2023;17;8;1702;1702005;-;02;11;5;11;8;915000;2;3;;
3933;2023;17;8;1702;1702006;-;02;5;3;11;8;1920;2;3;;
3934;2023;17;9;1704;1704003;-;02;5;4;11;8;751301;2;3;;
3935;2023;17;9;1704;1704004;-;01;5;2;11;8;321985;1;1;;
3936;2023;17;9;1704;1704005;-;02;5;3;11;8;970000;2;3;;
3937;2023;17;9;1704;1704006;-;01;11;3;11;8;438000;2;3;;
3938;2023;17;10;0;0;-;63;5;1;11;8;1345343;1;1;;
3939;2023;17;10;1701;1701006;-;01;5;3;11;8;36500;2;3;;
3940;2023;17;10;1702;1702002;-;02;11;3;11;8;108000;2;3;;
3941;2023;17;10;1702;1702005;-;02;11;4;11;8;95000;2;3;;
3942;2023;17;10;1702;1702006;-;02;11;6;11;8;896893;2;3;;
3943;2023;17;11;1702;1702003;-;02;5;2;11;8;80000;2;3;;
3944;2023;17;11;1702;1702003;-;02;11;2;11;8;39500;2;3;;
3945;2023;17;11;1702;1702003;-;02;11;4;11;8;60000;2;3;;
3946;2023;17;11;1702;1702004;-;01;5;4;11;8;63000;2;3;;
3947;2023;17;11;1702;1702004;-;02;5;3;11;8;312075;2;3;;
3948;2023;17;11;1702;1702004;-;02;11;3;11;8;50000;2;3;;
3949;2023;17;11;1702;1702008;-;02;5;4;11;8;225540;2;3;;
3950;2023;18;6;0;0;-;63;5;1;11;6;4000;1;1;;
3951;2023;18;6;0;0;-;63;5;1;11;8;4000;1;1;;
3952;2023;18;6;1802;1802001;-;02;5;2;11;8;20000;2;3;;
3953;2023;18;6;1802;1802002;-;02;5;2;11;8;27540;2;3;;
3954;2023;18;8;1803;1803005;-;02;11;5;11;8;585700;2;3;;
3955;2023;19;7;1901;1901005;-;01;11;2;11;8;53000;2;3;;
3956;2023;19;10;1903;1903001;-;01;5;2;11;8;73000;2;3;;
3957;2023;19;10;1903;1903002;-;01;8;2;11;8;90000;2;3;;
3958;2024;2;3;303;303004;-;02;5;2;11;8;91280;2;3;;
3959;2024;2;8;314;314001;-;01;5;2;11;8;3000;2;3;;
3960;2024;2;8;314;314001;-;01;5;3;11;8;2000;2;3;;
3961;2024;2;8;314;314008;-;02;11;2;11;8;9100;2;3;;
3962;2024;2;10;307;307002;-;02;5;4;11;8;18000;2;3;;
3963;2024;2;10;308;308002;-;01;5;2;11;8;70000;2;3;;
3964;2024;2;10;308;308005;-;02;11;2;11;8;146000;2;3;;
3965;2024;2;10;308;308005;-;02;11;3;11;8;208670;2;3;;
3966;2024;2;10;309;309001;-;02;5;2;11;8;36000;2;3;;
3967;2024;2;10;309;309003;-;02;5;2;11;8;27375;2;3;;
3968;2024;2;10;309;309004;-;01;11;2;11;9;70000;2;3;;
3969;2024;2;11;307;307001;-;02;5;2;11;8;21800;2;3;;
3970;2024;2;19;315;315008;-;02;9;2;11;8;30000;2;3;;
3971;2024;2;24;315;315005;-;02;11;2;11;6;3000;2;3;;
3972;2024;2;24;315;315005;-;02;11;2;11;7;2000;2;3;;
3973;2024;2;24;315;315005;-;02;11;2;11;8;40000;2;3;;
3974;2024;2;24;315;315005;-;02;11;2;11;9;1900;2;3;;
3975;2024;4;2;505;505004;-;01;5;3;11;8;95000;2;3;;
3976;2024;4;2;505;505004;-;02;5;3;11;8;10000;2;3;;
3977;2024;4;2;505;505006;-;02;5;4;11;8;372000;2;3;;
3978;2024;4;2;505;505006;-;02;11;2;11;8;29800;2;3;;
3979;2024;4;2;505;505006;-;02;11;3;11;8;250000;2;3;;
3980;2024;4;2;505;505006;-;02;11;4;11;8;98300;2;3;;
3981;2024;4;5;503;503006;-;02;11;3;11;8;150000;2;3;;
3982;2024;4;5;505;505003;-;01;5;2;11;8;146000;4;4;;
3983;2024;4;5;505;505003;-;02;11;3;11;8;90000;2;3;;
3984;2024;4;5;505;505005;-;02;11;4;11;8;466551;2;3;;
3985;2024;4;5;505;505005;-;02;12;5;11;8;512700;2;3;;
3986;2024;4;5;506;506005;-;01;11;2;11;8;65500;2;3;;
3987;2024;4;5;506;506005;-;01;11;3;11;8;136511;2;3;;
3988;2024;4;5;506;506005;-;02;5;2;11;8;52500;2;3;;
3989;2024;4;5;506;506005;-;02;5;4;11;8;1193440;2;3;;
3990;2024;4;5;506;506005;-;02;11;3;11;8;367800;2;3;;
3991;2024;4;5;506;506005;-;02;11;4;11;8;237250;2;3;;
3992;2024;4;5;506;506005;-;02;11;5;11;8;590262;2;3;;
3993;2024;4;5;506;506006;-;02;1;4;11;8;291375;2;3;;
3994;2024;4;5;506;506006;-;02;1;4;11;9;30000;2;3;;
3995;2024;4;5;506;506006;-;02;5;2;11;8;27500;2;3;;
3996;2024;4;5;506;506006;-;02;5;3;11;8;182500;2;3;;
3997;2024;4;5;506;506006;-;02;11;2;11;8;91250;2;3;;
3998;2024;4;5;506;506006;-;02;11;3;11;8;292000;2;3;;
3999;2024;4;6;506;506003;-;01;11;2;4;8;21100;2;3;;
4000;2024;4;6;506;506003;-;02;5;2;11;8;138000;2;3;;
4001;2024;4;6;506;506003;-;02;5;3;11;8;22000;2;3;;
4002;2024;4;6;506;506003;-;02;9;2;11;8;29385;2;3;;
4003;2024;4;6;506;506003;-;02;9;2;11;9;3740;2;3;;
4004;2024;4;6;506;506004;-;01;12;2;4;8;4500;2;3;;
4005;2024;4;6;506;506004;-;01;12;2;11;8;32400;2;3;;
4006;2024;4;6;506;506004;-;02;5;2;11;8;52000;2;3;;
4007;2024;4;6;506;506004;-;02;11;3;11;8;225000;2;3;;
4008;2024;4;6;506;506004;-;02;11;4;11;8;250000;2;3;;
4009;2024;4;6;506;506005;-;02;5;2;11;8;344716;2;3;;
4010;2024;4;6;506;506005;-;02;5;3;11;8;79500;2;3;;
4011;2024;4;6;506;506005;-;02;11;2;11;8;110000;2;3;;
4012;2024;4;6;506;506006;-;02;12;3;11;8;620000;2;3;;
4013;2024;4;6;506;506009;-;02;8;2;11;8;146000;2;3;;
4014;2024;4;7;504;504001;-;02;11;3;11;8;570000;2;3;;
4015;2024;4;9;502;502003;-;01;5;3;11;8;219000;2;3;;
4016;2024;4;9;502;502003;-;01;8;3;11;8;200750;2;3;;
4017;2024;4;9;502;502003;-;02;5;3;11;8;300;2;3;;
4018;2024;4;9;502;502003;-;02;5;4;11;8;290000;2;3;;
4019;2024;4;9;502;502003;-;02;8;3;11;8;141300;2;3;;
4020;2024;4;9;502;502003;-;02;11;4;11;8;648000;2;3;;
4021;2024;4;9;502;502004;-;01;5;3;11;8;54750;2;3;;
4022;2024;4;10;501;501006;-;02;5;3;11;8;120000;2;3;;
4023;2024;4;11;501;501002;-;01;5;2;11;8;26000;2;3;;
4024;2024;4;11;501;501002;-;02;8;5;11;8;2703800;2;3;;
4025;2024;4;12;502;502004;-;02;11;3;11;8;210000;2;3;;
4026;2024;4;12;502;502006;-;02;5;2;11;8;2500;2;3;;
4027;2024;4;12;503;503002;-;02;5;2;11;8;125000;2;3;;
4028;2024;4;13;503;503003;-;02;5;3;11;8;100000;2;3;;
4029;2024;4;13;503;503003;-;02;5;4;11;8;98550;2;3;;
4030;2024;4;13;503;503003;-;02;11;2;11;8;328500;2;3;;
4031;2024;4;13;503;503003;-;64;11;2;11;8;160000;4;4;;
4032;2024;4;13;503;503007;-;01;11;4;11;8;8000;2;3;;
4033;2024;4;13;503;503007;-;02;5;2;11;8;80000;2;3;;
4034;2024;4;13;503;503007;-;02;5;3;11;8;219500;2;3;;
4035;2024;4;13;503;503007;-;02;5;4;11;8;248800;2;3;;
4036;2024;4;13;503;503007;-;02;11;3;11;8;102200;2;3;;
4037;2024;4;13;503;503007;-;02;11;4;11;8;35000;2;3;;
4038;2024;4;14;502;502006;-;02;5;3;11;8;54750;2;3;;
4039;2024;4;14;503;503004;-;02;11;2;11;8;101587;2;3;;
4040;2024;4;14;504;504002;-;02;11;2;11;8;208340;2;3;;
4041;2024;4;14;504;504005;-;02;5;4;11;8;59300;2;3;;
4042;2024;4;14;504;504005;-;02;11;4;11;8;202877;2;3;;
4043;2024;4;14;506;506001;-;01;5;5;11;8;150000;2;3;;
4044;2024;4;14;506;506001;-;02;5;2;11;8;36500;2;3;;
4045;2024;4;14;506;506001;-;02;5;4;11;8;215500;2;3;;
4046;2024;4;16;501;501002;-;02;13;2;11;8;64800;2;3;;
4047;2024;4;16;504;504006;-;01;5;2;11;8;146000;2;3;;
4048;2024;4;16;504;504006;-;02;5;3;11;8;120870;2;3;;
4049;2024;4;16;504;504006;-;02;5;4;11;8;330000;2;3;;
4050;2024;4;16;504;504006;-;02;12;3;11;8;114660;2;3;;
4051;2024;4;16;506;506001;-;01;5;4;11;8;16250;2;3;;
4052;2024;4;16;506;506002;-;02;11;5;11;8;365000;2;3;;
4053;2024;4;16;506;506007;-;02;11;2;11;8;438500;2;3;;
4054;2024;4;16;506;506007;-;02;11;4;11;8;445000;2;3;;
4055;2024;4;16;506;506008;-;01;5;2;11;8;135000;2;3;;
4056;2024;4;17;503;503005;-;02;5;2;11;8;36500;2;3;;
4057;2024;4;17;503;503005;-;02;5;3;11;8;188800;2;3;;
4058;2024;4;17;503;503005;-;02;11;2;11;8;36000;2;3;;
4059;2024;4;17;503;503006;-;01;5;2;11;8;145000;2;3;;
4060;2024;4;17;503;503006;-;01;11;4;11;8;364000;2;3;;
4061;2024;4;17;503;503006;-;02;5;2;11;8;36500;2;3;;
4062;2024;4;17;503;503006;-;02;5;3;11;8;234200;2;3;;
4063;2024;4;17;503;503006;-;02;5;4;11;8;521000;2;3;;
4064;2024;4;17;503;503006;-;02;11;3;11;8;219000;2;3;;
4065;2024;4;17;503;503007;-;02;5;2;11;8;36500;2;3;;
4066;2024;4;17;503;503007;-;02;11;2;11;8;72000;2;3;;
4067;2024;4;17;503;503007;-;02;11;3;11;8;60000;2;3;;
4068;2024;4;17;505;505001;-;01;5;6;11;8;90000;2;3;;
4069;2024;4;17;505;505001;-;02;5;5;11;8;248000;2;3;;
4070;2024;4;17;505;505001;-;02;11;2;11;8;53000;2;3;;
4071;2024;4;17;505;505004;-;02;5;4;11;8;300000;2;3;;
4072;2024;4;17;505;505004;-;02;5;5;11;8;835020;2;3;;
4073;2024;4;17;505;505004;-;02;11;4;11;8;1141500;2;3;;
4074;2024;4;17;505;505006;-;02;5;5;11;8;456000;2;3;;
4075;2024;4;17;505;505006;-;02;11;3;11;8;650000;2;3;;
4076;2024;4;18;505;505001;-;01;5;3;11;8;109500;2;3;;
4077;2024;4;18;505;505001;-;01;11;2;11;8;116000;2;3;;
4078;2024;4;18;505;505001;-;01;11;5;11;8;312000;2;3;;
4079;2024;4;18;505;505001;-;02;5;2;11;8;100000;2;3;;
4080;2024;4;18;505;505001;-;02;5;4;11;8;150000;2;3;;
4081;2024;4;18;505;505001;-;02;11;5;11;8;345600;2;3;;
4082;2024;4;18;505;505002;-;01;5;3;11;8;110000;2;3;;
4083;2024;4;18;505;505002;-;01;11;3;11;8;760000;2;3;;
4084;2024;4;18;505;505002;-;02;11;2;11;8;156000;2;3;;
4085;2024;4;18;505;505002;-;02;11;4;11;8;740000;2;3;;
4086;2024;4;18;505;505002;-;02;11;5;11;8;620000;2;3;;
4087;2024;4;18;505;505003;-;01;5;4;11;8;108000;2;3;;
4088;2024;4;18;505;505003;-;02;5;3;11;8;145000;2;3;;
4089;2024;4;18;505;505003;-;02;8;6;11;8;687067;2;3;;
4090;2024;4;18;505;505003;-;02;11;4;11;8;402210;2;3;;
4091;2024;4;18;505;505003;-;02;11;5;11;8;292000;2;3;;
4092;2024;4;18;505;505005;-;01;5;3;11;8;149200;2;3;;
4093;2024;4;18;505;505005;-;01;11;3;11;8;50000;2;3;;
4094;2024;4;18;505;505005;-;01;11;5;11;8;235000;2;3;;
4095;2024;4;18;505;505005;-;02;5;2;11;8;53000;2;3;;
4096;2024;4;18;505;505005;-;02;11;2;11;8;182500;2;3;;
4097;2024;5;2;601;601004;-;02;12;5;11;9;144637029;2;3;;
4098;2024;5;2;601;601004;-;02;12;8;11;9;32250395;2;3;;
4099;2024;5;2;602;602002;-;02;5;2;11;8;70000;2;3;;
4100;2024;5;13;601;601006;-;02;5;2;11;8;49500;2;3;;
4101;2024;6;3;702;702001;-;18;11;1;11;8;80000;1;1;;
4102;2024;6;4;701;701003;-;01;11;3;11;8;29000;2;3;;
4103;2024;6;4;701;701003;-;02;5;2;11;8;100000;2;3;;
4104;2024;6;4;701;701003;-;02;11;2;11;8;32850;2;3;;
4105;2024;6;4;701;701004;-;02;5;4;11;8;170000;2;3;;
4106;2024;6;4;701;701005;-;02;5;3;11;8;223400;2;3;;
4107;2024;6;4;701;701005;-;02;5;5;11;8;47785;2;3;;
4108;2024;6;5;702;702005;-;01;11;2;11;8;8000;2;3;;
4109;2024;6;7;702;702001;-;02;6;3;11;8;54000;2;3;;
4110;2024;6;7;702;702001;-;02;11;3;11;8;140;2;3;;
4111;2024;6;9;701;701004;-;02;5;3;11;8;76000;2;3;;
4112;2024;6;9;701;701004;-;02;11;3;11;8;80000;2;3;;
4113;2024;7;2;804;804003;-;02;11;5;11;8;300000;2;3;;
4114;2024;7;2;804;804004;-;02;5;2;11;8;112500;2;3;;
4115;2024;7;2;804;804004;-;02;5;3;11;8;284560;2;3;;
4116;2024;7;2;804;804004;-;02;8;2;11;8;198000;2;3;;
4117;2024;7;2;804;804004;-;02;8;2;11;9;172300;2;3;;
4118;2024;7;2;804;804004;-;02;11;4;11;8;195000;2;3;;
4119;2024;7;2;804;804004;-;02;11;4;11;9;110000;2;3;;
4120;2024;7;3;805;805006;-;02;9;5;11;8;294000;2;3;;
4121;2024;7;4;801;801003;-;01;11;3;11;8;40000;2;3;;
4122;2024;7;5;805;805002;-;02;5;2;11;8;42000;2;3;;
4123;2024;7;11;802;802002;-;02;11;3;11;8;5000;2;3;;
4124;2024;7;13;801;801006;-;02;11;5;11;8;70000;2;3;;
4125;2024;8;2;0;0;-;18;11;1;11;8;5000;1;1;;
4126;2024;8;2;0;0;-;18;11;1;11;9;700;1;1;;
4127;2024;8;3;904;904003;-;01;5;2;11;8;1800;2;3;;
4128;2024;8;3;904;904003;-;02;5;2;11;8;60000;2;3;;
4129;2024;8;4;903;903005;-;64;13;5;11;8;62800;3;5;;
4130;2024;8;4;903;903005;-;64;13;5;11;9;20220;3;5;;
4131;2024;8;13;905;905005;-;02;8;2;11;8;64000;2;3;;
4132;2024;9;2;1002;1002001;-;01;11;5;11;8;1000;2;3;;
4133;2024;9;2;1002;1002001;-;01;11;5;11;9;2000;2;3;;
4134;2024;9;2;1003;1003004;-;02;5;2;11;8;29200;2;3;;
4135;2024;9;2;1003;1003004;-;02;5;3;4;8;3200;2;3;;
4136;2024;9;3;1004;1004004;-;64;5;5;11;8;25500;4;5;;
4137;2024;9;6;1003;1003006;-;02;2;5;11;6;180726;2;3;;
4138;2024;9;6;1003;1003006;-;02;2;5;11;8;1262309;2;3;;
4139;2024;9;6;1003;1003006;-;02;2;5;11;9;3106221;2;3;;
4140;2024;9;12;1002;1002006;-;02;5;2;11;8;70000;2;3;;
4141;2024;9;12;1002;1002006;-;02;5;2;11;9;3000;2;3;;
4142;2024;10;18;101;101002;-;02;14;2;11;8;29200;2;3;;
4143;2024;11;6;1101;1101004;-;01;5;2;11;8;48000;2;3;;
4144;2024;11;6;1101;1101004;-;01;5;5;11;8;108000;2;3;;
4145;2024;11;6;1101;1101004;-;02;5;3;11;8;150000;2;3;;
4146;2024;11;6;1101;1101005;-;01;11;5;11;8;200000;2;3;;
4147;2024;11;6;1101;1101006;-;01;8;5;11;8;80000;2;3;;
4148;2024;12;3;1203;1203004;-;02;5;3;11;8;39600;2;3;;
4149;2024;12;3;1203;1203004;-;02;11;4;11;8;1300000;2;3;;
4150;2024;12;3;1203;1203005;-;02;5;3;11;8;33600;2;3;;
4151;2024;12;3;1203;1203005;-;02;11;3;11;8;68900;2;3;;
4152;2024;12;4;0;0;-;63;5;1;11;8;76000;1;1;;
4153;2024;12;5;1201;1201001;-;01;11;3;11;6;10;2;3;;
4154;2024;12;5;1201;1201001;-;01;11;3;11;7;3;2;3;;
4155;2024;12;5;1201;1201001;-;01;11;3;11;8;45027;2;3;;
4156;2024;12;5;1201;1201001;-;02;8;4;11;8;30000;2;3;;
4157;2024;12;5;1201;1201002;-;63;11;1;11;8;283000;1;1;;
4158;2024;12;5;1201;1201003;-;02;11;2;11;8;200000;2;3;;
4159;2024;14;3;1401;1401006;-;02;5;3;11;8;28800;2;3;;
4160;2024;14;4;1402;1402006;-;01;5;2;11;8;129600;2;3;;
4161;2024;14;4;1402;1402006;-;02;5;4;11;8;40000;2;3;;
4162;2024;14;4;1404;1404003;-;01;11;3;11;8;60000;2;3;;
4163;2024;14;4;1404;1404007;-;01;5;4;11;8;425000;2;3;;
4164;2024;14;8;1404;1404005;-;02;5;4;11;8;126000;2;3;;
4165;2024;14;8;1405;1405002;-;01;5;5;11;8;73000;2;3;;
4166;2024;14;10;1403;1403007;-;01;8;5;11;8;182500;2;3;;
4167;2024;14;12;1405;1405001;-;02;5;4;11;8;58400;2;3;;
4168;2024;14;12;1405;1405005;-;01;1;4;11;8;11047;2;3;;
4169;2024;15;4;1505;1505003;-;01;14;2;11;8;20000;2;3;;
4170;2024;15;6;1504;1504005;-;02;14;6;11;8;825000;2;3;;
4171;2024;15;7;1503;1503005;-;02;5;5;11;8;112000;2;3;;
4172;2024;16;1;1605;1605002;-;01;5;2;11;8;30000;2;3;;
4173;2024;16;1;1605;1605002;-;02;5;2;11;6;180;2;3;;
4174;2024;16;1;1605;1605002;-;02;5;2;11;7;1020;2;3;;
4175;2024;16;1;1605;1605002;-;02;5;2;11;8;18000;2;3;;
4176;2024;16;1;1605;1605002;-;02;5;2;11;9;1400;2;3;;
4177;2024;16;1;1605;1605002;-;02;11;2;11;8;24000;2;3;;
4178;2024;16;1;1605;1605002;-;02;11;3;11;8;160000;2;3;;
4179;2024;16;3;1601;1601001;-;02;5;3;11;8;115000;2;3;;
4180;2024;16;3;1601;1601002;-;02;5;4;11;8;265000;2;3;;
4181;2024;16;3;1601;1601003;-;02;2;4;11;8;190000;2;3;;
4182;2024;16;3;1601;1601003;-;02;5;2;11;8;529600;2;3;;
4183;2024;16;3;1601;1601003;-;02;5;3;11;8;1871950;2;3;;
4184;2024;16;3;1601;1601003;-;02;5;4;11;8;774450;2;3;;
4185;2024;16;3;1601;1601003;-;02;5;5;11;8;264850;2;3;;
4186;2024;16;3;1601;1601003;-;02;11;2;11;8;45000;2;3;;
4187;2024;16;3;1601;1601003;-;02;11;3;11;8;443950;2;3;;
4188;2024;16;3;1601;1601003;-;02;11;4;11;8;146000;2;3;;
4189;2024;16;3;1601;1601004;-;02;5;2;11;8;68620;2;3;;
4190;2024;16;3;1601;1601004;-;02;5;3;11;8;504500;2;3;;
4191;2024;16;3;1601;1601004;-;02;5;3;11;9;360000;2;3;;
4192;2024;16;3;1601;1601004;-;02;11;2;11;8;194450;2;3;;
4193;2024;16;3;1601;1601005;-;02;5;2;11;8;245509;2;3;;
4194;2024;16;3;1601;1601005;-;02;5;4;11;8;200750;2;3;;
4195;2024;16;3;1601;1601005;-;02;11;2;11;8;36000;2;3;;
4196;2024;16;3;1601;1601005;-;02;14;4;11;8;160500;2;3;;
4197;2024;16;3;1601;1601006;-;02;5;2;11;8;31025;2;3;;
4198;2024;16;3;1601;1601006;-;02;5;3;11;8;357700;2;3;;
4199;2024;16;3;1601;1601006;-;02;11;2;11;8;124830;2;3;;
4200;2024;16;3;1601;1601006;-;02;11;3;11;8;438000;2;3;;
4201;2024;16;3;1602;1602004;-;02;5;2;11;8;528775;2;3;;
4202;2024;16;3;1602;1602004;-;02;5;3;11;8;408800;2;3;;
4203;2024;16;3;1602;1602004;-;02;5;4;11;8;765725;2;3;;
4204;2024;16;3;1602;1602004;-;02;5;5;11;9;260000;2;3;;
4205;2024;16;3;1602;1602004;-;02;11;2;11;8;538182;2;3;;
4206;2024;16;3;1605;1605004;-;02;11;2;11;8;76650;2;3;;
4207;2024;16;4;1601;1601001;-;01;5;2;11;8;100500;2;3;;
4208;2024;16;4;1601;1601001;-;02;5;2;11;8;337000;2;3;;
4209;2024;16;4;1601;1601001;-;02;5;3;11;8;531950;2;3;;
4210;2024;16;4;1601;1601001;-;02;5;4;11;8;581065;2;3;;
4211;2024;16;4;1601;1601001;-;02;8;2;11;8;22000;2;3;;
4212;2024;16;4;1601;1601001;-;02;11;4;11;8;674840;2;3;;
4213;2024;16;4;1601;1601001;-;02;11;5;11;8;487000;2;3;;
4214;2024;16;4;1601;1601002;-;02;5;2;11;8;204500;2;3;;
4215;2024;16;4;1601;1601002;-;02;5;3;11;8;146825;2;3;;
4216;2024;16;4;1601;1601002;-;02;5;4;11;8;37595;2;3;;
4217;2024;16;4;1601;1601002;-;02;8;3;11;8;208050;2;3;;
4218;2024;16;4;1601;1601002;-;02;11;2;4;8;18000;2;3;;
4219;2024;16;4;1601;1601002;-;02;11;2;11;8;273700;2;3;;
4220;2024;16;4;1601;1601002;-;02;11;3;11;8;551650;2;3;;
4221;2024;16;4;1601;1601002;-;02;11;4;11;8;80000;2;3;;
4222;2024;16;4;1601;1601003;-;02;11;3;11;8;292000;2;3;;
4223;2024;16;4;1602;1602004;-;02;5;2;11;8;213525;2;3;;
4224;2024;16;5;1601;1601003;-;02;5;2;11;8;23000;2;3;;
4225;2024;16;5;1604;1604001;-;01;5;5;11;8;535500;2;3;;
4226;2024;16;5;1604;1604001;-;01;11;2;11;8;27000;2;3;;
4227;2024;16;5;1604;1604001;-;01;11;4;11;8;150000;2;3;;
4228;2024;16;5;1604;1604001;-;01;11;5;11;8;1015900;2;3;;
4229;2024;16;5;1604;1604001;-;02;5;2;11;8;642150;2;3;;
4230;2024;16;5;1604;1604001;-;02;5;3;11;8;325800;2;3;;
4231;2024;16;5;1604;1604001;-;02;5;4;11;7;110000;2;3;;
4232;2024;16;5;1604;1604001;-;02;11;2;11;8;128700;2;3;;
4233;2024;16;5;1604;1604001;-;02;11;3;11;8;150450;2;3;;
4234;2024;16;5;1604;1604001;-;02;11;4;11;8;127750;2;3;;
4235;2024;16;5;1604;1604001;-;02;12;4;11;8;160000;2;3;;
4236;2024;16;5;1604;1604002;-;02;5;2;11;8;492175;2;3;;
4237;2024;16;5;1604;1604002;-;02;5;3;11;8;923500;2;3;;
4238;2024;16;5;1604;1604002;-;02;5;4;11;8;697150;2;3;;
4239;2024;16;5;1604;1604002;-;02;8;4;11;8;85000;2;3;;
4240;2024;16;5;1604;1604002;-;02;11;2;11;8;240350;2;3;;
4241;2024;16;5;1604;1604002;-;02;11;3;11;8;556989;2;3;;
4242;2024;16;5;1604;1604003;-;01;5;2;11;8;18250;2;3;;
4243;2024;16;5;1604;1604003;-;01;11;2;11;8;40000;2;3;;
4244;2024;16;5;1604;1604003;-;02;2;2;11;8;101693;2;3;;
4245;2024;16;5;1604;1604003;-;02;5;2;11;8;420135;2;3;;
4246;2024;16;5;1604;1604003;-;02;5;3;11;8;85000;2;3;;
4247;2024;16;5;1604;1604003;-;02;5;4;11;8;385000;2;3;;
4248;2024;16;5;1604;1604003;-;02;8;5;11;8;730000;2;3;;
4249;2024;16;5;1604;1604003;-;02;11;3;11;8;730000;2;3;;
4250;2024;16;5;1604;1604003;-;02;11;5;11;8;367041;2;3;;
4251;2024;16;5;1604;1604004;-;01;5;4;11;8;70000;2;3;;
4252;2024;16;5;1604;1604004;-;01;11;3;11;8;1400000;2;3;;
4253;2024;16;5;1604;1604004;-;02;5;2;11;8;322230;2;3;;
4254;2024;16;5;1604;1604004;-;02;5;3;11;8;180000;2;3;;
4255;2024;16;5;1604;1604004;-;02;5;4;11;8;365000;2;3;;
4256;2024;16;5;1604;1604004;-;02;5;5;11;8;514000;2;3;;
4257;2024;16;5;1604;1604004;-;02;11;2;11;8;298130;2;3;;
4258;2024;16;5;1604;1604004;-;02;11;3;11;8;1567115;2;3;;
4259;2024;16;5;1604;1604004;-;02;11;6;11;8;2140000;2;3;;
4260;2024;16;5;1604;1604005;-;02;5;2;11;8;410650;2;3;;
4261;2024;16;5;1604;1604005;-;02;5;3;11;6;1;2;3;;
4262;2024;16;5;1604;1604005;-;02;5;3;11;7;1;2;3;;
4263;2024;16;5;1604;1604005;-;02;5;3;11;8;1;2;3;;
4264;2024;16;5;1604;1604005;-;02;5;3;11;9;1;2;3;;
4265;2024;16;5;1604;1604005;-;02;5;4;11;8;602000;2;3;;
4266;2024;16;5;1604;1604005;-;02;5;5;11;8;220000;2;3;;
4267;2024;16;5;1604;1604005;-;02;11;2;11;8;200750;2;3;;
4268;2024;16;5;1604;1604005;-;02;11;3;11;8;454500;2;3;;
4269;2024;16;5;1604;1604005;-;02;11;4;11;8;90000;2;3;;
4270;2024;16;5;1604;1604006;-;01;5;5;11;8;2088750;2;3;;
4271;2024;16;5;1604;1604006;-;01;11;2;11;8;35000;2;3;;
4272;2024;16;5;1604;1604006;-;02;5;2;11;8;780200;2;3;;
4273;2024;16;5;1604;1604006;-;02;5;3;11;8;73000;2;3;;
4274;2024;16;5;1604;1604006;-;02;5;4;11;8;1465430;2;3;;
4275;2024;16;5;1604;1604006;-;02;5;5;11;8;2000000;2;3;;
4276;2024;16;5;1604;1604006;-;02;11;3;11;8;206400;2;3;;
4277;2024;16;5;1604;1604006;-;02;13;5;11;8;520338;2;3;;
4278;2024;16;5;1604;1604007;-;01;11;2;11;8;302160;2;3;;
4279;2024;16;5;1604;1604007;-;02;5;2;11;8;287900;2;3;;
4280;2024;16;5;1604;1604007;-;02;5;3;11;8;1056005;2;3;;
4281;2024;16;5;1604;1604007;-;02;5;4;11;8;900818;2;3;;
4282;2024;16;5;1604;1604007;-;02;8;2;11;8;620000;2;3;;
4283;2024;16;5;1604;1604007;-;02;11;2;11;8;241000;2;3;;
4284;2024;16;5;1604;1604007;-;02;11;3;11;8;1107430;2;3;;
4285;2024;16;5;1604;1604007;-;02;14;5;11;9;275000;2;3;;
4286;2024;16;5;1607;1607004;-;02;5;2;11;8;28000;2;3;;
4287;2024;16;6;1605;1605001;-;02;5;2;11;8;72270;2;3;;
4288;2024;16;6;1605;1605001;-;02;5;3;11;8;64900;2;3;;
4289;2024;16;6;1605;1605001;-;63;5;1;11;8;17000;1;1;;
4290;2024;16;6;1605;1605002;-;02;5;2;11;8;700000;2;3;;
4291;2024;16;6;1605;1605003;-;01;5;2;11;8;145080;2;3;;
4292;2024;16;6;1605;1605003;-;01;8;2;11;8;11000;2;3;;
4293;2024;16;6;1605;1605003;-;02;5;2;11;8;89000;2;3;;
4294;2024;16;6;1605;1605004;-;02;5;2;11;8;21500;2;3;;
4295;2024;16;6;1605;1605004;-;02;5;3;11;8;59000;2;3;;
4296;2024;16;6;1605;1605006;-;02;5;2;11;8;215600;2;3;;
4297;2024;16;6;1605;1605006;-;02;5;4;11;8;730000;2;3;;
4298;2024;16;6;1605;1605006;-;02;11;3;11;8;109500;2;3;;
4299;2024;16;6;1606;1606005;-;01;5;2;11;8;222430;2;3;;
4300;2024;16;6;1606;1606005;-;02;5;2;11;8;212050;2;3;;
4301;2024;16;6;1606;1606005;-;02;5;3;11;9;252000;2;3;;
4302;2024;16;6;1606;1606005;-;02;11;2;11;8;56000;2;3;;
4303;2024;16;6;1606;1606005;-;02;11;3;11;8;200000;2;3;;
4304;2024;16;6;1606;1606005;-;02;14;3;11;8;595600;2;3;;
4305;2024;16;6;1606;1606005;-;02;14;3;11;9;260000;2;3;;
4306;2024;16;6;1607;1607001;-;02;5;2;11;8;292730;2;3;;
4307;2024;16;7;1607;1607001;-;02;3;4;4;8;107907;2;3;;
4308;2024;16;7;1607;1607003;-;02;5;3;11;8;87600;2;3;;
4309;2024;16;7;1607;1607003;-;02;8;3;4;8;2960;2;3;;
4310;2024;16;7;1607;1607003;-;02;8;3;11;8;481274;2;3;;
4311;2024;16;7;1607;1607003;-;02;11;3;11;8;295600;2;3;;
4312;2024;16;8;1602;1602001;-;02;5;2;11;8;25200;2;3;;
4313;2024;16;8;1603;1603001;-;01;5;2;11;8;143000;2;3;;
4314;2024;16;8;1603;1603001;-;02;5;2;11;8;432000;2;3;;
4315;2024;16;8;1603;1603002;-;01;11;2;11;8;224475;2;3;;
4316;2024;16;8;1603;1603002;-;02;5;2;11;8;52000;2;3;;
4317;2024;16;8;1603;1603003;-;01;5;3;11;8;15000;2;3;;
4318;2024;16;8;1603;1603003;-;02;5;2;4;8;50000;2;3;;
4319;2024;16;8;1603;1603003;-;02;5;2;4;9;1000;2;3;;
4320;2024;16;8;1603;1603003;-;02;5;2;11;8;348491;2;3;;
4321;2024;16;8;1603;1603003;-;02;11;2;11;8;178850;2;3;;
4322;2024;16;8;1603;1603004;-;01;5;3;11;8;235970;2;3;;
4323;2024;16;8;1603;1603004;-;02;11;3;11;8;78000;2;3;;
4324;2024;16;8;1603;1603005;-;01;5;2;11;8;54000;2;3;;
4325;2024;16;8;1603;1603005;-;02;5;3;11;8;100000;2;3;;
4326;2024;16;8;1603;1603006;-;02;5;2;11;8;70100;2;3;;
4327;2024;16;8;1603;1603006;-;02;11;2;11;8;31025;2;3;;
4328;2024;16;8;1606;1606001;-;02;5;2;11;8;12000;2;3;;
4329;2024;16;8;1606;1606001;-;02;8;3;11;8;320000;2;3;;
4330;2024;16;8;1606;1606002;-;02;5;2;11;8;10500;2;3;;
4331;2024;16;9;1602;1602001;-;01;5;7;11;8;226000;2;3;;
4332;2024;16;9;1602;1602001;-;02;5;3;11;8;712000;2;3;;
4333;2024;16;9;1602;1602001;-;02;8;5;11;8;431427;2;3;;
4334;2024;16;9;1602;1602001;-;02;11;4;11;8;372300;2;3;;
4335;2024;16;9;1602;1602001;-;64;5;2;11;8;162000;4;4;;
4336;2024;16;9;1602;1602002;-;02;5;4;11;8;946000;2;3;;
4337;2024;16;9;1602;1602003;-;01;11;3;11;8;80000;2;3;;
4338;2024;16;9;1602;1602003;-;02;5;2;11;8;226250;2;3;;
4339;2024;16;9;1602;1602003;-;02;5;3;11;8;374050;2;3;;
4340;2024;16;9;1602;1602003;-;02;8;2;11;8;73000;2;3;;
4341;2024;16;9;1602;1602003;-;02;11;3;11;8;542000;2;3;;
4342;2024;16;10;0;0;-;63;5;1;11;8;415730;1;1;;
4343;2024;17;5;1704;1704002;-;02;11;4;11;8;102320;2;3;;
4344;2024;17;6;1702;1702006;-;02;5;2;11;8;72000;2;3;;
4345;2024;17;6;1703;1703003;-;64;5;4;11;8;174470;4;4;;
4346;2024;17;7;1701;1701001;-;03;4;6;11;6;652;2;3;;
4347;2024;17;7;1701;1701001;-;03;4;6;11;8;170968;2;3;;
4348;2024;17;7;1701;1701001;-;03;4;6;11;9;9487;2;3;;
4349;2024;17;8;1702;1702002;-;01;5;2;11;8;55000;2;3;;
4350;2024;17;8;1702;1702005;-;01;0;2;11;8;17000;2;3;;
4351;2024;17;8;1702;1702005;-;01;5;3;11;8;182500;2;3;;
4352;2024;17;8;1702;1702005;-;01;11;2;11;8;86400;2;3;;
4353;2024;17;8;1702;1702005;-;01;11;3;11;8;40000;2;3;;
4354;2024;17;8;1702;1702005;-;02;5;2;11;8;39100;2;3;;
4355;2024;17;8;1702;1702005;-;02;5;3;11;8;130000;2;3;;
4356;2024;17;8;1702;1702005;-;02;5;4;11;8;110000;2;3;;
4357;2024;17;8;1702;1702005;-;02;11;2;11;8;61955;2;3;;
4358;2024;17;8;1702;1702005;-;02;11;5;11;8;918000;2;3;;
4359;2024;17;9;1704;1704003;-;02;5;4;11;8;586137;2;3;;
4360;2024;17;9;1704;1704004;-;01;5;2;11;8;251199;1;1;;
4361;2024;17;9;1704;1704005;-;02;5;3;11;8;1120000;2;3;;
4362;2024;17;9;1704;1704006;-;01;11;3;11;8;389715;2;3;;
4363;2024;17;10;0;0;-;63;5;1;11;8;800633;1;1;;
4364;2024;17;10;1701;1701006;-;01;5;3;11;8;244000;2;3;;
4365;2024;17;10;1702;1702002;-;02;11;3;11;8;90000;2;3;;
4366;2024;17;10;1702;1702005;-;02;11;4;11;8;95000;2;3;;
4367;2024;17;10;1702;1702006;-;02;11;6;11;8;513757;2;3;;
4368;2024;17;11;1702;1702003;-;02;5;2;11;8;75000;2;3;;
4369;2024;17;11;1702;1702003;-;02;11;2;11;8;37230;2;3;;
4370;2024;17;11;1702;1702003;-;02;11;4;11;8;12000;2;3;;
4371;2024;17;11;1702;1702004;-;01;5;4;11;8;73000;2;3;;
4372;2024;17;11;1702;1702004;-;02;5;3;11;8;401500;2;3;;
4373;2024;17;11;1702;1702004;-;02;11;3;11;8;50000;2;3;;
4374;2024;17;11;1702;1702008;-;02;5;4;11;8;183200;2;3;;
4375;2024;18;6;1802;1802001;-;02;5;2;11;8;20000;2;3;;
4376;2024;18;6;1802;1802002;-;02;5;2;11;8;27540;2;3;;
4377;2024;18;8;1803;1803005;-;02;11;5;11;8;593200;2;3;;
4378;2024;19;7;1901;1901005;-;01;11;2;11;8;45000;2;3;;
4379;2024;19;10;1903;1903001;-;01;5;2;11;8;73000;2;3;;
4380;2024;19;10;1903;1903002;-;01;8;2;11;8;90000;2;3;;
4381;2025;1;2;204;204001;-;18;5;1;11;8;54000;1;1;;
4382;2025;1;2;204;204001;-;18;5;1;11;9;27000;1;1;;
4383;2025;2;3;303;303004;-;02;5;2;11;8;91250;2;3;;
4384;2025;2;6;317;317006;-;02;5;2;11;8;10000;2;3;;
4385;2025;2;8;314;314001;-;01;5;2;11;8;3000;2;3;;
4386;2025;2;8;314;314001;-;01;5;3;11;8;2000;2;3;;
4387;2025;2;8;314;314008;-;02;11;2;11;8;9125;2;3;;
4388;2025;2;10;308;308002;-;01;5;2;11;8;70000;2;3;;
4389;2025;2;10;308;308005;-;02;11;2;11;8;220000;2;3;;
4390;2025;2;10;308;308005;-;02;11;3;11;8;219000;2;3;;
4391;2025;2;10;309;309001;-;02;5;2;11;8;36000;2;3;;
4392;2025;2;10;309;309003;-;02;5;2;11;8;27375;2;3;;
4393;2025;2;11;307;307001;-;02;5;2;11;8;28570;2;3;;
4394;2025;2;19;315;315008;-;02;9;2;11;8;30000;2;3;;
4395;2025;2;24;315;315005;-;02;11;2;11;6;144;2;3;;
4396;2025;2;24;315;315005;-;02;11;2;11;7;480;2;3;;
4397;2025;2;24;315;315005;-;02;11;2;11;8;40500;2;3;;
4398;2025;2;24;315;315005;-;02;11;2;11;9;2076;2;3;;
4399;2025;4;2;505;505004;-;01;5;3;11;8;60000;2;3;;
4400;2025;4;2;505;505004;-;02;5;3;11;8;10000;2;3;;
4401;2025;4;2;505;505006;-;02;5;4;11;8;366000;2;3;;
4402;2025;4;2;505;505006;-;02;11;2;11;8;50000;2;3;;
4403;2025;4;2;505;505006;-;02;11;3;11;8;250000;2;3;;
4404;2025;4;2;505;505006;-;02;11;4;11;8;90000;2;3;;
4405;2025;4;3;502;502001;-;02;8;3;11;8;5325;2;3;;
4406;2025;4;5;503;503006;-;02;11;3;11;8;150000;2;3;;
4407;2025;4;5;505;505003;-;01;5;2;11;8;127750;4;4;;
4408;2025;4;5;505;505005;-;02;11;4;11;8;82470;2;3;;
4409;2025;4;5;505;505005;-;02;12;5;11;8;490880;2;3;;
4410;2025;4;5;506;506005;-;01;11;2;11;8;6550;2;3;;
4411;2025;4;5;506;506005;-;01;11;3;11;8;119191;2;3;;
4412;2025;4;5;506;506005;-;02;5;2;11;8;88500;2;3;;
4413;2025;4;5;506;506005;-;02;5;4;11;8;971936;2;3;;
4414;2025;4;5;506;506005;-;02;11;3;11;8;369100;2;3;;
4415;2025;4;5;506;506005;-;02;11;4;11;8;255500;2;3;;
4416;2025;4;5;506;506005;-;02;11;5;11;8;532400;2;3;;
4417;2025;4;5;506;506006;-;02;1;4;11;8;374252;2;3;;
4418;2025;4;5;506;506006;-;02;1;4;11;9;40000;2;3;;
4419;2025;4;5;506;506006;-;02;5;2;11;8;27800;2;3;;
4420;2025;4;5;506;506006;-;02;5;3;11;8;200750;2;3;;
4421;2025;4;5;506;506006;-;02;11;2;11;8;65700;2;3;;
4422;2025;4;5;506;506006;-;02;11;3;11;8;282000;2;3;;
4423;2025;4;6;506;506003;-;01;11;2;4;8;25550;2;3;;
4424;2025;4;6;506;506003;-;02;5;2;11;8;135000;2;3;;
4425;2025;4;6;506;506003;-;02;5;3;11;8;24000;2;3;;
4426;2025;4;6;506;506003;-;02;9;2;11;8;32255;2;3;;
4427;2025;4;6;506;506003;-;02;9;2;11;9;3678;2;3;;
4428;2025;4;6;506;506004;-;01;12;2;4;8;4500;2;3;;
4429;2025;4;6;506;506004;-;01;12;2;11;8;14700;2;3;;
4430;2025;4;6;506;506004;-;02;5;2;11;8;49000;2;3;;
4431;2025;4;6;506;506004;-;02;11;3;11;8;225780;2;3;;
4432;2025;4;6;506;506004;-;02;11;4;11;8;260000;1;1;;
4433;2025;4;6;506;506005;-;02;5;2;11;8;219731;2;3;;
4434;2025;4;6;506;506005;-;02;5;3;11;8;79500;2;3;;
4435;2025;4;6;506;506005;-;02;11;2;11;8;250000;2;3;;
4436;2025;4;6;506;506006;-;02;12;3;11;8;620660;2;3;;
4437;2025;4;6;506;506009;-;02;8;2;11;8;146000;2;3;;
4438;2025;4;7;504;504001;-;64;13;3;11;8;570000;4;4;;
4439;2025;4;9;502;502001;-;02;5;2;11;8;24000;2;3;;
4440;2025;4;9;502;502001;-;02;11;2;11;8;4800;2;3;;
4441;2025;4;9;502;502003;-;01;5;3;11;8;220000;2;3;;
4442;2025;4;9;502;502003;-;02;5;3;11;8;240;2;3;;
4443;2025;4;9;502;502003;-;02;5;4;11;8;310540;2;3;;
4444;2025;4;9;502;502003;-;02;8;3;11;8;183392;2;3;;
4445;2025;4;9;502;502003;-;02;11;4;11;8;640000;2;3;;
4446;2025;4;9;502;502004;-;01;5;3;11;8;80300;2;3;;
4447;2025;4;10;501;501006;-;02;5;3;11;8;270650;2;3;;
4448;2025;4;11;501;501002;-;02;8;5;11;8;2647920;2;3;;
4449;2025;4;12;502;502004;-;02;11;3;11;8;215000;2;3;;
4450;2025;4;12;503;503001;-;02;11;4;11;8;240000;2;3;;
4451;2025;4;12;503;503002;-;02;5;2;11;8;110000;2;3;;
4452;2025;4;13;503;503003;-;02;5;3;11;8;100000;2;3;;
4453;2025;4;13;503;503003;-;02;5;4;11;8;98550;2;3;;
4454;2025;4;13;503;503003;-;02;11;2;11;8;346750;2;3;;
4455;2025;4;13;503;503003;-;64;11;2;11;8;155000;4;4;;
4456;2025;4;13;503;503007;-;01;11;4;11;8;10220;2;3;;
4457;2025;4;13;503;503007;-;02;5;2;11;8;80000;2;3;;
4458;2025;4;13;503;503007;-;02;5;4;11;8;253805;2;3;;
4459;2025;4;13;503;503007;-;02;11;3;11;8;91250;2;3;;
4460;2025;4;13;503;503007;-;02;11;4;11;8;25000;2;3;;
4461;2025;4;14;502;502006;-;02;5;3;11;8;32850;2;3;;
4462;2025;4;14;503;503004;-;02;11;2;11;8;109500;2;3;;
4463;2025;4;14;504;504005;-;02;5;4;11;8;145674;2;3;;
4464;2025;4;14;504;504005;-;02;11;4;11;8;167133;2;3;;
4465;2025;4;14;506;506001;-;01;5;5;11;8;150000;2;3;;
4466;2025;4;14;506;506001;-;02;5;2;11;8;36500;2;3;;
4467;2025;4;14;506;506001;-;02;5;4;11;8;224500;2;3;;
4468;2025;4;15;504;504005;-;02;11;4;11;8;84000;2;3;;
4469;2025;4;16;501;501002;-;02;13;2;11;8;64800;2;3;;
4470;2025;4;16;504;504006;-;01;5;2;11;8;147550;2;3;;
4471;2025;4;16;504;504006;-;02;5;3;11;8;273325;2;3;;
4472;2025;4;16;504;504006;-;02;5;4;11;8;80000;2;3;;
4473;2025;4;16;504;504006;-;02;12;3;11;8;164250;2;3;;
4474;2025;4;16;506;506001;-;01;5;4;11;8;14720;2;3;;
4475;2025;4;16;506;506001;-;02;5;4;11;8;150000;2;3;;
4476;2025;4;16;506;506002;-;02;11;5;11;8;401500;2;3;;
4477;2025;4;16;506;506007;-;02;11;2;11;8;420000;2;3;;
4478;2025;4;16;506;506007;-;02;11;3;11;8;112700;2;3;;
4479;2025;4;16;506;506007;-;02;11;4;11;8;428000;2;3;;
4480;2025;4;16;506;506007;-;64;5;3;11;8;132855;4;4;;
4481;2025;4;16;506;506008;-;01;5;2;11;8;135000;2;3;;
4482;2025;4;17;503;503005;-;02;5;2;11;8;36500;2;3;;
4483;2025;4;17;503;503005;-;02;5;3;11;8;202500;2;3;;
4484;2025;4;17;503;503005;-;02;11;2;11;8;36000;2;3;;
4485;2025;4;17;503;503006;-;01;11;4;11;8;364000;2;3;;
4486;2025;4;17;503;503006;-;02;5;4;11;8;144000;2;3;;
4487;2025;4;17;503;503006;-;02;11;2;11;8;36500;2;3;;
4488;2025;4;17;503;503007;-;02;5;2;11;8;47450;2;3;;
4489;2025;4;17;503;503007;-;02;11;2;11;8;72000;2;3;;
4490;2025;4;17;503;503007;-;02;11;3;11;8;65000;2;3;;
4491;2025;4;17;505;505001;-;01;5;6;11;8;95000;2;3;;
4492;2025;4;17;505;505001;-;02;5;5;11;8;219000;2;3;;
4493;2025;4;17;505;505001;-;02;11;2;11;8;53500;2;3;;
4494;2025;4;17;505;505004;-;02;5;4;11;8;300000;2;3;;
4495;2025;4;17;505;505004;-;02;5;5;11;8;1025100;2;3;;
4496;2025;4;17;505;505004;-;02;11;4;11;8;547500;2;3;;
4497;2025;4;17;505;505004;-;02;11;4;11;9;594000;2;3;;
4498;2025;4;17;505;505006;-;02;5;5;11;8;450000;2;3;;
4499;2025;4;17;505;505006;-;02;11;3;11;8;720000;2;3;;
4500;2025;4;18;505;505001;-;01;5;3;11;8;109500;2;3;;
4501;2025;4;18;505;505001;-;01;11;2;11;8;117600;2;3;;
4502;2025;4;18;505;505001;-;01;11;5;11;8;314000;2;3;;
4503;2025;4;18;505;505001;-;02;5;2;11;8;30000;2;3;;
4504;2025;4;18;505;505001;-;02;5;4;11;8;150000;2;3;;
4505;2025;4;18;505;505001;-;02;11;5;11;8;108000;2;3;;
4506;2025;4;18;505;505002;-;01;5;3;11;8;119000;2;3;;
4507;2025;4;18;505;505002;-;01;11;3;11;8;780200;2;3;;
4508;2025;4;18;505;505002;-;02;11;2;11;8;158000;2;3;;
4509;2025;4;18;505;505002;-;02;11;4;11;8;65000;2;3;;
4510;2025;4;18;505;505002;-;02;11;5;11;8;620000;2;3;;
4511;2025;4;18;505;505003;-;01;5;4;11;8;108000;2;3;;
4512;2025;4;18;505;505003;-;02;5;3;11;8;145000;2;3;;
4513;2025;4;18;505;505003;-;02;8;6;11;8;673607;2;3;;
4514;2025;4;18;505;505003;-;02;11;4;11;8;199620;2;3;;
4515;2025;4;18;505;505005;-;01;5;3;11;8;150000;2;3;;
4516;2025;4;18;505;505005;-;01;11;5;11;8;240000;2;3;;
4517;2025;4;18;505;505005;-;02;5;2;11;8;204300;2;3;;
4518;2025;5;2;601;601004;-;02;12;5;11;9;150062493;2;3;;
4519;2025;5;2;601;601004;-;02;12;8;11;9;34802510;2;3;;
4520;2025;5;2;602;602002;-;02;5;2;11;8;70000;2;3;;
4521;2025;5;13;601;601006;-;02;5;2;11;7;260;2;3;;
4522;2025;5;13;601;601006;-;02;5;2;11;8;78485;2;3;;
4523;2025;6;4;701;701003;-;01;11;3;11;8;27000;2;3;;
4524;2025;6;4;701;701003;-;02;5;2;11;8;150000;2;3;;
4525;2025;6;4;701;701003;-;02;11;2;11;8;43200;2;3;;
4526;2025;6;4;701;701004;-;02;5;4;11;8;110000;2;3;;
4527;2025;6;4;701;701005;-;02;5;3;11;8;220000;2;3;;
4528;2025;6;4;701;701005;-;02;5;5;11;8;98931;2;3;;
4529;2025;6;5;702;702005;-;01;11;2;11;8;10000;2;3;;
4530;2025;6;7;702;702001;-;02;5;2;11;8;69659;2;3;;
4531;2025;6;7;702;702001;-;02;6;3;11;8;54000;2;3;;
4532;2025;6;7;702;702001;-;02;11;3;11;8;160;2;3;;
4533;2025;6;9;701;701004;-;02;5;3;11;8;73000;2;3;;
4534;2025;6;9;701;701004;-;02;11;3;11;8;80000;2;3;;
4535;2025;6;9;701;701005;-;02;5;2;11;8;140;2;3;;
4536;2025;7;2;804;804003;-;02;11;5;11;8;300000;2;3;;
4537;2025;7;2;804;804004;-;02;5;2;11;8;102200;2;3;;
4538;2025;7;2;804;804004;-;02;5;3;11;8;353428;2;3;;
4539;2025;7;2;804;804004;-;02;8;2;11;8;198000;2;3;;
4540;2025;7;2;804;804004;-;02;8;2;11;9;172300;2;3;;
4541;2025;7;2;804;804004;-;02;11;4;11;8;130000;2;3;;
4542;2025;7;2;804;804004;-;02;11;4;11;9;110000;2;3;;
4543;2025;7;3;805;805006;-;02;5;4;11;8;20000;2;3;;
4544;2025;7;3;805;805006;-;02;9;5;11;8;327530;2;3;;
4545;2025;7;4;801;801003;-;01;11;3;11;8;41500;2;3;;
4546;2025;7;5;805;805002;-;02;5;2;11;8;36000;2;3;;
4547;2025;7;11;802;802002;-;02;11;3;11;8;5000;2;3;;
4548;2025;7;13;801;801006;-;01;11;5;11;8;40000;2;3;;
4549;2025;8;2;0;0;-;18;11;1;11;6;200;1;1;;
4550;2025;8;2;0;0;-;18;11;1;11;7;300;1;1;;
4551;2025;8;2;0;0;-;18;11;1;11;8;4800;1;1;;
4552;2025;8;2;0;0;-;18;11;1;11;9;800;1;1;;
4553;2025;8;3;904;904003;-;02;5;2;11;8;60000;2;3;;
4554;2025;8;4;903;903005;-;64;13;5;11;6;3460;3;4;;
4555;2025;8;4;903;903005;-;64;13;5;11;8;72050;3;4;;
4556;2025;8;4;903;903005;-;64;13;5;11;9;17211;3;4;;
4557;2025;8;7;903;903003;-;01;5;4;11;8;20;2;3;;
4558;2025;8;13;905;905005;-;02;8;2;11;8;64000;2;3;;
4559;2025;8;13;906;906001;-;-;11;2;4;8;8000;4;4;;
4560;2025;9;2;1003;1003004;-;02;5;3;4;8;3200;2;3;;
4561;2025;9;3;1004;1004003;-;64;5;4;11;8;32000;4;4;;
4562;2025;9;6;1003;1003006;-;02;2;5;11;6;208970;2;3;;
4563;2025;9;6;1003;1003006;-;02;2;5;11;8;1225479;2;3;;
4564;2025;9;6;1003;1003006;-;02;2;5;11;9;3541635;2;3;;
4565;2025;10;18;101;101002;-;02;14;2;11;8;27800;2;3;;
4566;2025;11;6;1101;1101004;-;01;5;5;11;8;100000;2;3;;
4567;2025;11;6;1101;1101005;-;01;11;5;11;8;200000;2;3;;
4568;2025;11;11;1102;1102008;-;01;5;5;11;8;15000;2;3;;
4569;2025;12;3;1203;1203004;-;02;5;3;11;8;39600;2;3;;
4570;2025;12;3;1203;1203004;-;02;8;4;11;8;229000;2;3;;
4571;2025;12;3;1203;1203005;-;02;5;3;11;9;150;2;3;;
4572;2025;12;3;1203;1203005;-;02;11;3;11;8;83000;2;3;;
4573;2025;12;4;0;0;-;63;5;1;11;8;798100;1;1;;
4574;2025;12;5;1201;1201001;-;01;11;3;11;6;10;2;3;;
4575;2025;12;5;1201;1201001;-;01;11;3;11;7;3;2;3;;
4576;2025;12;5;1201;1201001;-;01;11;3;11;8;47027;2;3;;
4577;2025;12;5;1201;1201001;-;02;8;4;11;8;29950;2;3;;
4578;2025;12;5;1201;1201002;-;63;11;1;11;8;246370;1;1;;
4579;2025;12;5;1201;1201003;-;02;11;2;11;8;192500;2;3;;
4580;2025;14;4;1402;1402006;-;01;5;2;11;8;32400;2;3;;
4581;2025;14;4;1402;1402006;-;02;5;2;11;8;1200;2;3;;
4582;2025;14;4;1402;1402006;-;02;5;4;11;8;50000;2;3;;
4583;2025;14;4;1404;1404003;-;01;11;3;11;8;60000;2;3;;
4584;2025;14;4;1404;1404007;-;01;5;2;11;8;97200;2;3;;
4585;2025;14;4;1404;1404007;-;01;5;4;11;8;425000;2;3;;
4586;2025;14;8;1404;1404005;-;02;5;4;11;8;146000;2;3;;
4587;2025;14;8;1405;1405002;-;01;5;5;11;8;900000;2;3;;
4588;2025;14;10;1403;1403007;-;01;8;5;11;8;183000;2;3;;
4589;2025;14;12;1405;1405001;-;02;5;4;11;8;150000;2;3;;
4590;2025;14;12;1405;1405005;-;01;1;4;11;8;62463;2;3;;
4591;2025;14;12;1405;1405005;-;01;1;4;11;9;440;2;3;;
4592;2025;14;12;1405;1405005;-;02;5;3;11;8;72000;2;3;;
4593;2025;15;7;1503;1503005;-;02;5;5;11;8;100000;2;3;;
4594;2025;16;1;1605;1605002;-;01;5;2;11;8;28000;2;3;;
4595;2025;16;1;1605;1605002;-;02;5;2;11;6;180;2;3;;
4596;2025;16;1;1605;1605002;-;02;5;2;11;7;1020;2;3;;
4597;2025;16;1;1605;1605002;-;02;5;2;11;8;6000;2;3;;
4598;2025;16;1;1605;1605002;-;02;5;2;11;9;1400;2;3;;
4599;2025;16;1;1605;1605002;-;02;11;2;11;8;30000;2;3;;
4600;2025;16;1;1605;1605002;-;02;11;4;11;8;170000;2;3;;
4601;2025;16;3;1601;1601001;-;02;5;3;11;8;110000;2;3;;
4602;2025;16;3;1601;1601002;-;02;5;4;11;8;385000;2;3;;
4603;2025;16;3;1601;1601003;-;02;2;4;11;8;190000;2;3;;
4604;2025;16;3;1601;1601003;-;02;5;2;11;8;500550;2;3;;
4605;2025;16;3;1601;1601003;-;02;5;3;11;8;2084200;2;3;;
4606;2025;16;3;1601;1601003;-;02;5;4;11;8;672400;2;3;;
4607;2025;16;3;1601;1601003;-;02;5;5;11;8;270100;2;3;;
4608;2025;16;3;1601;1601003;-;02;11;3;11;7;250000;2;3;;
4609;2025;16;3;1601;1601003;-;02;11;3;11;8;159900;2;3;;
4610;2025;16;3;1601;1601003;-;02;11;4;11;8;146000;2;3;;
4611;2025;16;3;1601;1601004;-;02;5;2;11;8;53000;2;3;;
4612;2025;16;3;1601;1601004;-;02;5;3;11;8;906400;2;3;;
4613;2025;16;3;1601;1601004;-;02;11;2;11;8;183210;2;3;;
4614;2025;16;3;1601;1601005;-;02;5;2;11;8;223846;2;3;;
4615;2025;16;3;1601;1601005;-;02;5;4;11;8;182500;2;3;;
4616;2025;16;3;1601;1601005;-;02;11;2;11;8;36000;2;3;;
4617;2025;16;3;1601;1601005;-;02;14;4;11;8;160500;2;3;;
4618;2025;16;3;1601;1601006;-;02;5;2;11;8;29930;2;3;;
4619;2025;16;3;1601;1601006;-;02;5;3;11;8;315000;2;3;;
4620;2025;16;3;1601;1601006;-;02;11;2;11;8;142830;2;3;;
4621;2025;16;3;1601;1601006;-;02;11;3;11;8;438700;2;3;;
4622;2025;16;3;1602;1602004;-;02;5;2;11;8;453500;2;3;;
4623;2025;16;3;1602;1602004;-;02;5;3;11;8;452600;2;3;;
4624;2025;16;3;1602;1602004;-;02;5;4;11;8;862400;2;3;;
4625;2025;16;3;1602;1602004;-;02;5;5;11;9;280000;2;3;;
4626;2025;16;3;1602;1602004;-;02;11;2;11;8;356900;2;3;;
4627;2025;16;3;1605;1605004;-;02;11;2;11;8;111325;2;3;;
4628;2025;16;4;1601;1601001;-;01;5;2;11;8;110900;2;3;;
4629;2025;16;4;1601;1601001;-;02;5;2;11;8;321400;2;3;;
4630;2025;16;4;1601;1601001;-;02;5;3;11;8;512000;2;3;;
4631;2025;16;4;1601;1601001;-;02;5;4;11;8;661505;2;3;;
4632;2025;16;4;1601;1601001;-;02;8;2;11;8;19800;2;3;;
4633;2025;16;4;1601;1601001;-;02;11;4;11;8;499000;2;3;;
4634;2025;16;4;1601;1601001;-;02;11;5;11;8;500000;2;3;;
4635;2025;16;4;1601;1601002;-;02;5;2;11;8;527400;2;3;;
4636;2025;16;4;1601;1601002;-;02;5;3;11;8;173013;2;3;;
4637;2025;16;4;1601;1601002;-;02;5;4;11;8;75920;2;3;;
4638;2025;16;4;1601;1601002;-;02;8;3;11;8;182500;2;3;;
4639;2025;16;4;1601;1601002;-;02;11;2;4;8;17800;2;3;;
4640;2025;16;4;1601;1601002;-;02;11;2;11;8;171000;2;3;;
4641;2025;16;4;1601;1601002;-;02;11;3;11;8;448950;2;3;;
4642;2025;16;4;1601;1601002;-;02;11;4;11;8;81000;2;3;;
4643;2025;16;4;1601;1601003;-;02;5;4;11;8;109500;2;3;;
4644;2025;16;4;1601;1601003;-;02;11;3;11;8;292000;2;3;;
4645;2025;16;4;1602;1602004;-;02;5;2;11;8;55000;2;3;;
4646;2025;16;5;1601;1601003;-;02;5;2;11;8;19000;2;3;;
4647;2025;16;5;1604;1604001;-;01;5;5;11;8;532000;2;3;;
4648;2025;16;5;1604;1604001;-;01;11;2;11;8;26000;2;3;;
4649;2025;16;5;1604;1604001;-;01;11;4;11;8;155000;2;3;;
4650;2025;16;5;1604;1604001;-;01;11;5;11;8;1079050;2;3;;
4651;2025;16;5;1604;1604001;-;02;5;2;11;8;748800;2;3;;
4652;2025;16;5;1604;1604001;-;02;5;3;11;8;438000;2;3;;
4653;2025;16;5;1604;1604001;-;02;5;4;11;8;115000;2;3;;
4654;2025;16;5;1604;1604001;-;02;11;2;11;8;143000;2;3;;
4655;2025;16;5;1604;1604001;-;02;11;3;11;8;150500;2;3;;
4656;2025;16;5;1604;1604001;-;02;11;4;11;8;116800;2;3;;
4657;2025;16;5;1604;1604002;-;02;5;2;11;8;336050;2;3;;
4658;2025;16;5;1604;1604002;-;02;5;3;11;8;1148500;2;3;;
4659;2025;16;5;1604;1604002;-;02;5;4;11;8;573200;2;3;;
4660;2025;16;5;1604;1604002;-;02;8;3;11;8;86800;2;3;;
4661;2025;16;5;1604;1604002;-;02;11;2;11;8;363425;2;3;;
4662;2025;16;5;1604;1604002;-;02;11;3;11;8;549489;2;3;;
4663;2025;16;5;1604;1604003;-;02;2;2;11;8;150730;2;3;;
4664;2025;16;5;1604;1604003;-;02;5;2;11;8;519100;2;3;;
4665;2025;16;5;1604;1604003;-;02;5;4;11;8;330000;2;3;;
4666;2025;16;5;1604;1604003;-;02;8;5;11;8;547500;2;3;;
4667;2025;16;5;1604;1604003;-;02;11;3;11;8;720000;2;3;;
4668;2025;16;5;1604;1604003;-;02;11;5;11;8;221664;2;3;;
4669;2025;16;5;1604;1604003;-;02;13;5;11;8;317974;2;3;;
4670;2025;16;5;1604;1604004;-;01;5;4;11;8;50000;2;3;;
4671;2025;16;5;1604;1604004;-;01;11;3;11;8;1600000;1;1;;
4672;2025;16;5;1604;1604004;-;02;5;2;11;8;238103;2;3;;
4673;2025;16;5;1604;1604004;-;02;5;3;11;8;160000;2;3;;
4674;2025;16;5;1604;1604004;-;02;5;4;11;8;511000;2;3;;
4675;2025;16;5;1604;1604004;-;02;5;5;11;8;514000;2;3;;
4676;2025;16;5;1604;1604004;-;02;11;2;11;8;168800;2;3;;
4677;2025;16;5;1604;1604004;-;02;11;3;11;8;1572883;2;3;;
4678;2025;16;5;1604;1604004;-;02;11;4;11;8;200000;2;3;;
4679;2025;16;5;1604;1604004;-;02;11;6;11;8;2140000;2;3;;
4680;2025;16;5;1604;1604005;-;02;5;2;11;8;416000;2;3;;
4681;2025;16;5;1604;1604005;-;02;5;4;11;8;661200;2;3;;
4682;2025;16;5;1604;1604005;-;02;5;5;11;8;220000;2;3;;
4683;2025;16;5;1604;1604005;-;02;11;2;11;8;193450;2;3;;
4684;2025;16;5;1604;1604005;-;02;11;3;11;8;464500;2;3;;
4685;2025;16;5;1604;1604005;-;02;11;4;11;8;90000;2;3;;
4686;2025;16;5;1604;1604006;-;01;5;5;11;8;2336000;2;3;;
4687;2025;16;5;1604;1604006;-;01;11;2;11;8;40000;2;3;;
4688;2025;16;5;1604;1604006;-;02;5;2;11;7;285000;2;3;;
4689;2025;16;5;1604;1604006;-;02;5;2;11;8;472240;2;3;;
4690;2025;16;5;1604;1604006;-;02;5;4;11;8;451500;1;1;;
4691;2025;16;5;1604;1604006;-;02;5;4;11;8;932490;2;3;;
4692;2025;16;5;1604;1604006;-;02;5;5;11;8;2455000;2;3;;
4693;2025;16;5;1604;1604006;-;02;11;3;11;8;105000;2;3;;
4694;2025;16;5;1604;1604007;-;01;11;2;11;8;318500;2;3;;
4695;2025;16;5;1604;1604007;-;02;5;2;11;8;631350;2;3;;
4696;2025;16;5;1604;1604007;-;02;5;3;11;8;560000;2;3;;
4697;2025;16;5;1604;1604007;-;02;5;3;11;9;113561;2;3;;
4698;2025;16;5;1604;1604007;-;02;5;4;11;8;846050;2;3;;
4699;2025;16;5;1604;1604007;-;02;8;2;11;8;600000;2;3;;
4700;2025;16;5;1604;1604007;-;02;11;2;11;8;244350;2;3;;
4701;2025;16;5;1604;1604007;-;02;11;3;11;8;667120;2;3;;
4702;2025;16;5;1604;1604007;-;02;14;5;11;9;283000;2;3;;
4703;2025;16;5;1607;1607004;-;02;5;2;11;8;29000;2;3;;
4704;2025;16;6;1605;1605001;-;02;5;2;11;8;74800;2;3;;
4705;2025;16;6;1605;1605001;-;63;5;1;11;8;17000;1;1;;
4706;2025;16;6;1605;1605003;-;01;5;2;11;8;93000;2;3;;
4707;2025;16;6;1605;1605003;-;01;8;2;11;8;11000;2;3;;
4708;2025;16;6;1605;1605003;-;02;5;2;11;8;69045;2;3;;
4709;2025;16;6;1605;1605004;-;02;5;2;11;8;19000;2;3;;
4710;2025;16;6;1605;1605004;-;02;5;3;11;8;59000;2;3;;
4711;2025;16;6;1605;1605006;-;02;5;3;11;8;10000;2;3;;
4712;2025;16;6;1605;1605006;-;02;5;4;11;8;735000;2;3;;
4713;2025;16;6;1605;1605006;-;02;11;2;11;8;200000;2;3;;
4714;2025;16;6;1606;1606005;-;01;5;2;11;8;193000;2;3;;
4715;2025;16;6;1606;1606005;-;02;5;2;11;8;345825;2;3;;
4716;2025;16;6;1606;1606005;-;02;5;3;11;9;256000;2;3;;
4717;2025;16;6;1606;1606005;-;02;11;2;11;8;36500;2;3;;
4718;2025;16;6;1606;1606005;-;02;14;2;11;8;10500;2;3;;
4719;2025;16;6;1606;1606005;-;02;14;3;11;8;554800;2;3;;
4720;2025;16;6;1606;1606005;-;02;14;3;11;9;265000;2;3;;
4721;2025;16;7;1607;1607001;-;02;3;4;4;8;110000;2;3;;
4722;2025;16;7;1607;1607003;-;02;8;3;4;8;3600;2;3;;
4723;2025;16;7;1607;1607003;-;02;8;3;11;8;630150;2;3;;
4724;2025;16;7;1607;1607003;-;02;11;3;11;8;328260;2;3;;
4725;2025;16;8;1602;1602001;-;02;5;2;11;8;24500;2;3;;
4726;2025;16;8;1603;1603001;-;01;5;2;11;8;143200;2;3;;
4727;2025;16;8;1603;1603001;-;02;5;2;11;8;430000;2;3;;
4728;2025;16;8;1603;1603002;-;01;11;2;11;8;223380;2;3;;
4729;2025;16;8;1603;1603002;-;02;5;2;11;8;52000;2;3;;
4730;2025;16;8;1603;1603003;-;01;5;3;11;8;15000;2;3;;
4731;2025;16;8;1603;1603003;-;02;5;2;4;8;57000;2;3;;
4732;2025;16;8;1603;1603003;-;02;5;2;11;8;217200;2;3;;
4733;2025;16;8;1603;1603003;-;02;11;2;11;8;184325;2;3;;
4734;2025;16;8;1603;1603004;-;01;5;3;11;8;239750;2;3;;
4735;2025;16;8;1603;1603005;-;02;5;2;11;8;54000;2;3;;
4736;2025;16;8;1603;1603005;-;02;5;3;11;8;120000;2;3;;
4737;2025;16;8;1603;1603005;-;02;8;2;11;8;47895;2;3;;
4738;2025;16;8;1603;1603006;-;02;5;2;11;8;118215;2;3;;
4739;2025;16;8;1603;1603006;-;02;11;2;11;8;25550;2;3;;
4740;2025;16;8;1606;1606001;-;02;8;3;11;8;380000;2;3;;
4741;2025;16;8;1606;1606002;-;02;5;2;11;8;21225;2;3;;
4742;2025;16;9;1602;1602001;-;01;5;7;11;8;224000;2;3;;
4743;2025;16;9;1602;1602001;-;02;5;3;11;8;722000;2;3;;
4744;2025;16;9;1602;1602001;-;02;8;5;11;8;497780;2;3;;
4745;2025;16;9;1602;1602001;-;02;11;4;11;8;219000;2;3;;
4746;2025;16;9;1602;1602001;-;64;5;2;11;8;90000;4;4;;
4747;2025;16;9;1602;1602002;-;02;5;4;11;8;600000;2;3;;
4748;2025;16;9;1602;1602003;-;01;11;3;11;8;80000;2;3;;
4749;2025;16;9;1602;1602003;-;02;5;2;11;8;213000;2;3;;
4750;2025;16;9;1602;1602003;-;02;5;3;11;8;352800;2;3;;
4751;2025;16;9;1602;1602003;-;02;11;2;11;8;3000;2;3;;
4752;2025;16;9;1602;1602003;-;02;11;3;11;8;595000;2;3;;
4753;2025;16;10;0;0;-;63;5;1;11;8;335600;1;1;;
4754;2025;17;5;1704;1704002;-;02;11;4;11;8;101214;2;3;;
4755;2025;17;6;1702;1702006;-;02;5;2;11;8;80000;2;3;;
4756;2025;17;6;1703;1703003;-;64;5;4;11;8;182500;4;4;;
4757;2025;17;7;1701;1701001;-;03;4;6;11;6;823;2;3;;
4758;2025;17;7;1701;1701001;-;03;4;6;11;8;131630;2;3;;
4759;2025;17;7;1701;1701001;-;03;4;6;11;9;8555;2;3;;
4760;2025;17;8;1702;1702002;-;01;5;2;11;8;36000;2;3;;
4761;2025;17;8;1702;1702005;-;01;5;3;11;8;110000;2;3;;
4762;2025;17;8;1702;1702005;-;01;11;2;11;8;79200;2;3;;
4763;2025;17;8;1702;1702005;-;02;0;2;11;8;17000;2;3;;
4764;2025;17;8;1702;1702005;-;02;5;2;11;8;38700;2;3;;
4765;2025;17;8;1702;1702005;-;02;5;3;11;8;130000;2;3;;
4766;2025;17;8;1702;1702005;-;02;5;4;11;8;110000;2;3;;
4767;2025;17;8;1702;1702005;-;02;11;2;11;8;62300;2;3;;
4768;2025;17;8;1702;1702005;-;02;11;5;11;8;918000;2;3;;
4769;2025;17;9;1704;1704003;-;02;5;4;11;8;556552;2;3;;
4770;2025;17;9;1704;1704004;-;01;5;2;11;8;238522;1;1;;
4771;2025;17;9;1704;1704005;-;02;5;3;11;8;1320000;2;3;;
4772;2025;17;9;1704;1704006;-;01;11;3;11;8;437650;2;3;;
4773;2025;17;10;0;0;-;63;5;1;11;8;766664;1;1;;
4774;2025;17;10;1702;1702002;-;02;11;3;11;8;95000;2;3;;
4775;2025;17;10;1702;1702005;-;02;11;4;11;8;80000;2;3;;
4776;2025;17;10;1702;1702006;-;02;11;6;11;8;469920;2;3;;
4777;2025;17;11;1702;1702003;-;02;5;2;11;8;80500;2;3;;
4778;2025;17;11;1702;1702004;-;01;5;4;11;8;62000;2;3;;
4779;2025;17;11;1702;1702004;-;02;5;3;11;8;438000;2;3;;
4780;2025;17;11;1702;1702004;-;02;11;3;11;6;1;2;3;;
4781;2025;17;11;1702;1702004;-;02;11;3;11;7;1;2;3;;
4782;2025;17;11;1702;1702004;-;02;11;3;11;8;32400;2;3;;
4783;2025;17;11;1702;1702008;-;02;5;4;11;8;250000;2;3;;
4784;2025;18;6;1802;1802001;-;02;5;2;11;8;20000;2;3;;
4785;2025;18;6;1802;1802002;-;02;5;2;11;8;36500;2;3;;
4786;2025;19;7;1901;1901005;-;01;11;2;11;8;45700;2;3;;
4787;2025;19;10;1903;1903001;-;02;5;2;11;8;70000;2;3;;
4788;2025;19;10;1903;1903002;-;01;8;3;11;8;90000;2;3;;
